gid_1,gid_0,survey_year,outcome,observed,source
ALB.1_1,ALB,2017,mobile_women,84.4,dhs
ALB.1_1,ALB,2017,mobile_men,96,dhs
ALB.1_1,ALB,2017,mobile_fm_ratio,0.879,dhs
ALB.10_1,ALB,2017,mobile_women,92.2,dhs
ALB.10_1,ALB,2017,mobile_men,97.5,dhs
ALB.10_1,ALB,2017,mobile_fm_ratio,0.946,dhs
ALB.11_1,ALB,2017,mobile_women,94.2,dhs
ALB.11_1,ALB,2017,mobile_men,90.3,dhs
ALB.11_1,ALB,2017,mobile_fm_ratio,1.043,dhs
ALB.12_1,ALB,2017,mobile_women,95.5,dhs
ALB.12_1,ALB,2017,mobile_men,98.6,dhs
ALB.12_1,ALB,2017,mobile_fm_ratio,0.969,dhs
ALB.2_1,ALB,2017,mobile_women,79.8,dhs
ALB.2_1,ALB,2017,mobile_men,92.7,dhs
ALB.2_1,ALB,2017,mobile_fm_ratio,0.86,dhs
ALB.3_1,ALB,2017,mobile_women,96,dhs
ALB.3_1,ALB,2017,mobile_men,94.5,dhs
ALB.3_1,ALB,2017,mobile_fm_ratio,1.016,dhs
ALB.4_1,ALB,2017,mobile_women,87.8,dhs
ALB.4_1,ALB,2017,mobile_men,94.5,dhs
ALB.4_1,ALB,2017,mobile_fm_ratio,0.93,dhs
ALB.5_1,ALB,2017,mobile_women,81.2,dhs
ALB.5_1,ALB,2017,mobile_men,97.9,dhs
ALB.5_1,ALB,2017,mobile_fm_ratio,0.83,dhs
ALB.6_1,ALB,2017,mobile_women,93.6,dhs
ALB.6_1,ALB,2017,mobile_men,97.1,dhs
ALB.6_1,ALB,2017,mobile_fm_ratio,0.964,dhs
ALB.7_1,ALB,2017,mobile_women,89.1,dhs
ALB.7_1,ALB,2017,mobile_men,95.5,dhs
ALB.7_1,ALB,2017,mobile_fm_ratio,0.933,dhs
ALB.8_1,ALB,2017,mobile_women,80.6,dhs
ALB.8_1,ALB,2017,mobile_men,97,dhs
ALB.8_1,ALB,2017,mobile_fm_ratio,0.831,dhs
ALB.9_1,ALB,2017,mobile_women,89.3,dhs
ALB.9_1,ALB,2017,mobile_men,98.6,dhs
ALB.9_1,ALB,2017,mobile_fm_ratio,0.906,dhs
ARM.1_1,ARM,2015,internet_women,81.5,dhs
ARM.1_1,ARM,2015,internet_men,77.1,dhs
ARM.1_1,ARM,2015,internet_fm_ratio,1.047,dhs
ARM.1_1,ARM,2015,mobile_women,99.6,dhs
ARM.1_1,ARM,2015,mobile_men,98.7,dhs
ARM.1_1,ARM,2015,mobile_fm_ratio,1.009,dhs
ARM.10_1,ARM,2015,internet_women,76.7,dhs
ARM.10_1,ARM,2015,internet_men,90.2,dhs
ARM.10_1,ARM,2015,internet_fm_ratio,0.851,dhs
ARM.10_1,ARM,2015,mobile_women,94.9,dhs
ARM.10_1,ARM,2015,mobile_men,100,dhs
ARM.10_1,ARM,2015,mobile_fm_ratio,0.949,dhs
ARM.11_1,ARM,2015,internet_women,88.4,dhs
ARM.11_1,ARM,2015,internet_men,75.4,dhs
ARM.11_1,ARM,2015,internet_fm_ratio,1.166,dhs
ARM.11_1,ARM,2015,mobile_women,97.2,dhs
ARM.11_1,ARM,2015,mobile_men,98.2,dhs
ARM.11_1,ARM,2015,mobile_fm_ratio,0.989,dhs
ARM.2_1,ARM,2015,internet_women,77.4,dhs
ARM.2_1,ARM,2015,internet_men,77.4,dhs
ARM.2_1,ARM,2015,internet_fm_ratio,0.881,dhs
ARM.2_1,ARM,2015,mobile_women,97,dhs
ARM.2_1,ARM,2015,mobile_men,99,dhs
ARM.2_1,ARM,2015,mobile_fm_ratio,0.98,dhs
ARM.3_1,ARM,2015,internet_women,73.9,dhs
ARM.3_1,ARM,2015,internet_men,76.4,dhs
ARM.3_1,ARM,2015,internet_fm_ratio,0.967,dhs
ARM.3_1,ARM,2015,mobile_women,89.8,dhs
ARM.3_1,ARM,2015,mobile_men,95.9,dhs
ARM.3_1,ARM,2015,mobile_fm_ratio,0.936,dhs
ARM.4_1,ARM,2015,internet_women,95.9,dhs
ARM.4_1,ARM,2015,internet_men,95.2,dhs
ARM.4_1,ARM,2015,internet_fm_ratio,1.002,dhs
ARM.4_1,ARM,2015,mobile_women,99.8,dhs
ARM.4_1,ARM,2015,mobile_men,99.5,dhs
ARM.4_1,ARM,2015,mobile_fm_ratio,1.003,dhs
ARM.5_1,ARM,2015,internet_women,83.5,dhs
ARM.5_1,ARM,2015,internet_men,92.8,dhs
ARM.5_1,ARM,2015,internet_fm_ratio,0.884,dhs
ARM.5_1,ARM,2015,mobile_women,91.2,dhs
ARM.5_1,ARM,2015,mobile_men,97.6,dhs
ARM.5_1,ARM,2015,mobile_fm_ratio,0.935,dhs
ARM.6_1,ARM,2015,internet_women,85.7,dhs
ARM.6_1,ARM,2015,internet_men,94,dhs
ARM.6_1,ARM,2015,internet_fm_ratio,0.911,dhs
ARM.6_1,ARM,2015,mobile_women,96.5,dhs
ARM.6_1,ARM,2015,mobile_men,100,dhs
ARM.6_1,ARM,2015,mobile_fm_ratio,0.965,dhs
ARM.7_1,ARM,2015,internet_women,84.3,dhs
ARM.7_1,ARM,2015,internet_men,88.7,dhs
ARM.7_1,ARM,2015,internet_fm_ratio,0.919,dhs
ARM.7_1,ARM,2015,mobile_women,99.2,dhs
ARM.7_1,ARM,2015,mobile_men,98.2,dhs
ARM.7_1,ARM,2015,mobile_fm_ratio,1.01,dhs
ARM.8_1,ARM,2015,internet_women,86.7,dhs
ARM.8_1,ARM,2015,internet_men,98.2,dhs
ARM.8_1,ARM,2015,internet_fm_ratio,0.883,dhs
ARM.8_1,ARM,2015,mobile_women,98.3,dhs
ARM.8_1,ARM,2015,mobile_men,100,dhs
ARM.8_1,ARM,2015,mobile_fm_ratio,0.983,dhs
ARM.9_1,ARM,2015,internet_women,92.2,dhs
ARM.9_1,ARM,2015,internet_men,89.8,dhs
ARM.9_1,ARM,2015,internet_fm_ratio,1,dhs
ARM.9_1,ARM,2015,mobile_women,98.2,dhs
ARM.9_1,ARM,2015,mobile_men,98.2,dhs
ARM.9_1,ARM,2015,mobile_fm_ratio,0.999,dhs
BGD.1_1,BGD,2018,mobile_women,63.3,dhs
BGD.2_1,BGD,2018,mobile_women,70.2,dhs
BGD.3_1,BGD,2018,mobile_women,69.2,dhs
BGD.4_1,BGD,2018,mobile_women,55.1,dhs
BGD.5_1,BGD,2018,mobile_women,50.8,dhs
BGD.6_1,BGD,2018,mobile_women,46.6,dhs
BGD.7_1,BGD,2018,mobile_women,55.6,dhs
BGD.8_1,BGD,2018,mobile_women,53.5,dhs
HTI.1_1,HTI,2016,internet_women,15.6,dhs
HTI.1_1,HTI,2016,internet_men,24.3,dhs
HTI.1_1,HTI,2016,internet_fm_ratio,0.541,dhs
HTI.1_1,HTI,2016,mobile_women,39.4,dhs
HTI.1_1,HTI,2016,mobile_men,58.4,dhs
HTI.1_1,HTI,2016,mobile_fm_ratio,0.675,dhs
HTI.10_1,HTI,2016,internet_women,25.8,dhs
HTI.10_1,HTI,2016,internet_men,30.1,dhs
HTI.10_1,HTI,2016,internet_fm_ratio,0.781,dhs
HTI.10_1,HTI,2016,mobile_women,56.6,dhs
HTI.10_1,HTI,2016,mobile_men,65.1,dhs
HTI.10_1,HTI,2016,mobile_fm_ratio,0.869,dhs
HTI.2_1,HTI,2016,internet_women,15.9,dhs
HTI.2_1,HTI,2016,internet_men,16.6,dhs
HTI.2_1,HTI,2016,internet_fm_ratio,0.835,dhs
HTI.2_1,HTI,2016,mobile_women,48.6,dhs
HTI.2_1,HTI,2016,mobile_men,57.4,dhs
HTI.2_1,HTI,2016,mobile_fm_ratio,0.847,dhs
HTI.3_1,HTI,2016,internet_women,22.8,dhs
HTI.3_1,HTI,2016,internet_men,36.8,dhs
HTI.3_1,HTI,2016,internet_fm_ratio,0.583,dhs
HTI.3_1,HTI,2016,mobile_women,49.5,dhs
HTI.3_1,HTI,2016,mobile_men,64.3,dhs
HTI.3_1,HTI,2016,mobile_fm_ratio,0.769,dhs
HTI.4_1,HTI,2016,internet_women,28.4,dhs
HTI.4_1,HTI,2016,internet_men,27.4,dhs
HTI.4_1,HTI,2016,internet_fm_ratio,0.975,dhs
HTI.4_1,HTI,2016,mobile_women,60.9,dhs
HTI.4_1,HTI,2016,mobile_men,67.1,dhs
HTI.4_1,HTI,2016,mobile_fm_ratio,0.907,dhs
HTI.5_1,HTI,2016,internet_women,18.1,dhs
HTI.5_1,HTI,2016,internet_men,34.1,dhs
HTI.5_1,HTI,2016,internet_fm_ratio,0.497,dhs
HTI.5_1,HTI,2016,mobile_women,51,dhs
HTI.5_1,HTI,2016,mobile_men,74.1,dhs
HTI.5_1,HTI,2016,mobile_fm_ratio,0.688,dhs
HTI.6_1,HTI,2016,internet_women,20.7,dhs
HTI.6_1,HTI,2016,internet_men,36.1,dhs
HTI.6_1,HTI,2016,internet_fm_ratio,0.548,dhs
HTI.6_1,HTI,2016,mobile_women,53.3,dhs
HTI.6_1,HTI,2016,mobile_men,71.5,dhs
HTI.6_1,HTI,2016,mobile_fm_ratio,0.746,dhs
HTI.7_1,HTI,2016,internet_women,27.8,dhs
HTI.7_1,HTI,2016,internet_men,36.1,dhs
HTI.7_1,HTI,2016,internet_fm_ratio,0.717,dhs
HTI.7_1,HTI,2016,mobile_women,58.5,dhs
HTI.7_1,HTI,2016,mobile_men,68.4,dhs
HTI.7_1,HTI,2016,mobile_fm_ratio,0.854,dhs
HTI.8_1,HTI,2016,internet_women,40.5,dhs
HTI.8_1,HTI,2016,internet_men,55.9,dhs
HTI.8_1,HTI,2016,internet_fm_ratio,0.681,dhs
HTI.8_1,HTI,2016,mobile_women,64,dhs
HTI.8_1,HTI,2016,mobile_men,75.7,dhs
HTI.8_1,HTI,2016,mobile_fm_ratio,0.845,dhs
HTI.9_1,HTI,2016,internet_women,27.6,dhs
HTI.9_1,HTI,2016,internet_men,28.2,dhs
HTI.9_1,HTI,2016,internet_fm_ratio,0.886,dhs
HTI.9_1,HTI,2016,mobile_women,54.1,dhs
HTI.9_1,HTI,2016,mobile_men,67,dhs
HTI.9_1,HTI,2016,mobile_fm_ratio,0.808,dhs
IND.1_1,IND,2020,internet_women,36,dhs
IND.1_1,IND,2020,internet_men,46.4,dhs
IND.1_1,IND,2020,internet_fm_ratio,0.738,dhs
IND.1_1,IND,2020,mobile_women,83.4,dhs
IND.1_1,IND,2020,mobile_men,95.3,dhs
IND.1_1,IND,2020,mobile_fm_ratio,0.875,dhs
IND.10_1,IND,2020,internet_women,74.1,dhs
IND.10_1,IND,2020,internet_men,78.3,dhs
IND.10_1,IND,2020,internet_fm_ratio,0.899,dhs
IND.10_1,IND,2020,mobile_women,91.6,dhs
IND.10_1,IND,2020,mobile_men,97.3,dhs
IND.10_1,IND,2020,mobile_fm_ratio,0.941,dhs
IND.11_1,IND,2020,internet_women,28.7,dhs
IND.11_1,IND,2020,internet_men,54.6,dhs
IND.11_1,IND,2020,internet_fm_ratio,0.499,dhs
IND.11_1,IND,2020,mobile_women,46.5,dhs
IND.11_1,IND,2020,mobile_men,90.8,dhs
IND.11_1,IND,2020,mobile_fm_ratio,0.512,dhs
IND.12_1,IND,2020,internet_women,49.5,dhs
IND.12_1,IND,2020,internet_men,69.4,dhs
IND.12_1,IND,2020,internet_fm_ratio,0.677,dhs
IND.12_1,IND,2020,mobile_women,50.6,dhs
IND.12_1,IND,2020,mobile_men,90.7,dhs
IND.12_1,IND,2020,mobile_fm_ratio,0.558,dhs
IND.13_1,IND,2020,internet_women,48.5,dhs
IND.13_1,IND,2020,internet_men,64,dhs
IND.13_1,IND,2020,internet_fm_ratio,0.721,dhs
IND.13_1,IND,2020,mobile_women,78.5,dhs
IND.13_1,IND,2020,mobile_men,96.6,dhs
IND.13_1,IND,2020,mobile_fm_ratio,0.812,dhs
IND.15_1,IND,2020,internet_women,32.1,dhs
IND.15_1,IND,2020,internet_men,55.6,dhs
IND.15_1,IND,2020,internet_fm_ratio,0.549,dhs
IND.15_1,IND,2020,mobile_women,49.2,dhs
IND.15_1,IND,2020,mobile_men,87.9,dhs
IND.15_1,IND,2020,mobile_fm_ratio,0.559,dhs
IND.16_1,IND,2020,internet_women,34.4,dhs
IND.16_1,IND,2020,internet_men,56.2,dhs
IND.16_1,IND,2020,internet_fm_ratio,0.582,dhs
IND.16_1,IND,2020,mobile_women,60.1,dhs
IND.16_1,IND,2020,mobile_men,93.9,dhs
IND.16_1,IND,2020,mobile_fm_ratio,0.64,dhs
IND.17_1,IND,2020,internet_women,61.5,dhs
IND.17_1,IND,2020,internet_men,73.1,dhs
IND.17_1,IND,2020,internet_fm_ratio,0.799,dhs
IND.17_1,IND,2020,mobile_women,87.2,dhs
IND.17_1,IND,2020,mobile_men,97.3,dhs
IND.17_1,IND,2020,mobile_fm_ratio,0.896,dhs
IND.18_1,IND,2020,internet_women,52.4,dhs
IND.18_1,IND,2020,internet_men,81.2,dhs
IND.18_1,IND,2020,internet_fm_ratio,0.613,dhs
IND.18_1,IND,2020,mobile_women,82.7,dhs
IND.18_1,IND,2020,mobile_men,97,dhs
IND.18_1,IND,2020,mobile_fm_ratio,0.852,dhs
IND.19_1,IND,2020,internet_women,27.5,dhs
IND.19_1,IND,2020,internet_men,53.2,dhs
IND.19_1,IND,2020,internet_fm_ratio,0.491,dhs
IND.19_1,IND,2020,mobile_women,39.3,dhs
IND.19_1,IND,2020,mobile_men,88.2,dhs
IND.19_1,IND,2020,mobile_fm_ratio,0.445,dhs
IND.2_1,IND,2020,internet_women,20.8,dhs
IND.2_1,IND,2020,internet_men,45.4,dhs
IND.2_1,IND,2020,internet_fm_ratio,0.436,dhs
IND.2_1,IND,2020,mobile_women,48.8,dhs
IND.2_1,IND,2020,mobile_men,94.9,dhs
IND.2_1,IND,2020,mobile_fm_ratio,0.515,dhs
IND.20_1,IND,2020,internet_women,38.9,dhs
IND.20_1,IND,2020,internet_men,59.8,dhs
IND.20_1,IND,2020,internet_fm_ratio,0.618,dhs
IND.20_1,IND,2020,mobile_women,55.1,dhs
IND.20_1,IND,2020,mobile_men,94.7,dhs
IND.20_1,IND,2020,mobile_fm_ratio,0.582,dhs
IND.21_1,IND,2020,internet_women,43.6,dhs
IND.21_1,IND,2020,internet_men,69.2,dhs
IND.21_1,IND,2020,internet_fm_ratio,0.599,dhs
IND.21_1,IND,2020,mobile_women,72.7,dhs
IND.21_1,IND,2020,mobile_men,91.5,dhs
IND.21_1,IND,2020,mobile_fm_ratio,0.795,dhs
IND.22_1,IND,2020,internet_women,33.6,dhs
IND.22_1,IND,2020,internet_men,39.6,dhs
IND.22_1,IND,2020,internet_fm_ratio,0.807,dhs
IND.22_1,IND,2020,mobile_women,66.6,dhs
IND.22_1,IND,2020,mobile_men,86.2,dhs
IND.22_1,IND,2020,mobile_fm_ratio,0.772,dhs
IND.23_1,IND,2020,internet_women,69.9,dhs
IND.23_1,IND,2020,internet_men,77.4,dhs
IND.23_1,IND,2020,internet_fm_ratio,0.857,dhs
IND.23_1,IND,2020,mobile_women,82.7,dhs
IND.23_1,IND,2020,mobile_men,91.9,dhs
IND.23_1,IND,2020,mobile_fm_ratio,0.9,dhs
IND.24_1,IND,2020,internet_women,48.5,dhs
IND.24_1,IND,2020,internet_men,60.5,dhs
IND.24_1,IND,2020,internet_fm_ratio,0.762,dhs
IND.24_1,IND,2020,mobile_women,81.9,dhs
IND.24_1,IND,2020,mobile_men,94.9,dhs
IND.24_1,IND,2020,mobile_fm_ratio,0.863,dhs
IND.25_1,IND,2020,internet_women,64.8,dhs
IND.25_1,IND,2020,internet_men,82.4,dhs
IND.25_1,IND,2020,internet_fm_ratio,0.747,dhs
IND.25_1,IND,2020,mobile_women,74.2,dhs
IND.25_1,IND,2020,mobile_men,95.5,dhs
IND.25_1,IND,2020,mobile_fm_ratio,0.777,dhs
IND.26_1,IND,2020,internet_women,24.7,dhs
IND.26_1,IND,2020,internet_men,48.1,dhs
IND.26_1,IND,2020,internet_fm_ratio,0.489,dhs
IND.26_1,IND,2020,mobile_women,50.4,dhs
IND.26_1,IND,2020,mobile_men,86.7,dhs
IND.26_1,IND,2020,mobile_fm_ratio,0.582,dhs
IND.27_1,IND,2020,internet_women,68.3,dhs
IND.27_1,IND,2020,internet_men,79.8,dhs
IND.27_1,IND,2020,internet_fm_ratio,0.813,dhs
IND.27_1,IND,2020,mobile_women,88.2,dhs
IND.27_1,IND,2020,mobile_men,88.9,dhs
IND.27_1,IND,2020,mobile_fm_ratio,0.991,dhs
IND.28_1,IND,2020,internet_women,54.4,dhs
IND.28_1,IND,2020,internet_men,74,dhs
IND.28_1,IND,2020,internet_fm_ratio,0.698,dhs
IND.28_1,IND,2020,mobile_women,61.5,dhs
IND.28_1,IND,2020,mobile_men,93.5,dhs
IND.28_1,IND,2020,mobile_fm_ratio,0.658,dhs
IND.29_1,IND,2020,internet_women,37,dhs
IND.29_1,IND,2020,internet_men,62,dhs
IND.29_1,IND,2020,internet_fm_ratio,0.566,dhs
IND.29_1,IND,2020,mobile_women,50,dhs
IND.29_1,IND,2020,mobile_men,91.6,dhs
IND.29_1,IND,2020,mobile_fm_ratio,0.546,dhs
IND.3_1,IND,2020,internet_women,57.8,dhs
IND.3_1,IND,2020,internet_men,68.9,dhs
IND.3_1,IND,2020,internet_fm_ratio,0.797,dhs
IND.3_1,IND,2020,mobile_women,75.7,dhs
IND.3_1,IND,2020,mobile_men,91.4,dhs
IND.3_1,IND,2020,mobile_fm_ratio,0.828,dhs
IND.30_1,IND,2020,internet_women,78,dhs
IND.30_1,IND,2020,internet_men,75.2,dhs
IND.30_1,IND,2020,internet_fm_ratio,0.986,dhs
IND.30_1,IND,2020,mobile_women,89.3,dhs
IND.30_1,IND,2020,mobile_men,95.7,dhs
IND.30_1,IND,2020,mobile_fm_ratio,0.933,dhs
IND.31_1,IND,2020,internet_women,45.9,dhs
IND.31_1,IND,2020,internet_men,65.5,dhs
IND.31_1,IND,2020,internet_fm_ratio,0.665,dhs
IND.31_1,IND,2020,mobile_women,75.1,dhs
IND.31_1,IND,2020,mobile_men,94,dhs
IND.31_1,IND,2020,mobile_fm_ratio,0.799,dhs
IND.32_1,IND,2020,internet_women,24.3,dhs
IND.32_1,IND,2020,internet_men,50.9,dhs
IND.32_1,IND,2020,internet_fm_ratio,0.454,dhs
IND.32_1,IND,2020,mobile_women,58.7,dhs
IND.32_1,IND,2020,mobile_men,95.8,dhs
IND.32_1,IND,2020,mobile_fm_ratio,0.613,dhs
IND.33_1,IND,2020,internet_women,22.4,dhs
IND.33_1,IND,2020,internet_men,42.4,dhs
IND.33_1,IND,2020,internet_fm_ratio,0.502,dhs
IND.33_1,IND,2020,mobile_women,53.4,dhs
IND.33_1,IND,2020,mobile_men,89.5,dhs
IND.33_1,IND,2020,mobile_fm_ratio,0.596,dhs
IND.34_1,IND,2020,internet_women,31,dhs
IND.34_1,IND,2020,internet_men,56.8,dhs
IND.34_1,IND,2020,internet_fm_ratio,0.519,dhs
IND.34_1,IND,2020,mobile_women,46.4,dhs
IND.34_1,IND,2020,mobile_men,89.1,dhs
IND.34_1,IND,2020,mobile_fm_ratio,0.521,dhs
IND.35_1,IND,2020,internet_women,46,dhs
IND.35_1,IND,2020,internet_men,70.4,dhs
IND.35_1,IND,2020,internet_fm_ratio,0.621,dhs
IND.35_1,IND,2020,mobile_women,60.9,dhs
IND.35_1,IND,2020,mobile_men,89.1,dhs
IND.35_1,IND,2020,mobile_fm_ratio,0.683,dhs
IND.36_1,IND,2020,internet_women,24.9,dhs
IND.36_1,IND,2020,internet_men,44.1,dhs
IND.36_1,IND,2020,internet_fm_ratio,0.537,dhs
IND.36_1,IND,2020,mobile_women,49.6,dhs
IND.36_1,IND,2020,mobile_men,89.9,dhs
IND.36_1,IND,2020,mobile_fm_ratio,0.552,dhs
IND.4_1,IND,2020,internet_women,28,dhs
IND.4_1,IND,2020,internet_men,40.7,dhs
IND.4_1,IND,2020,internet_fm_ratio,0.654,dhs
IND.4_1,IND,2020,mobile_women,57,dhs
IND.4_1,IND,2020,mobile_men,89.6,dhs
IND.4_1,IND,2020,mobile_fm_ratio,0.636,dhs
IND.5_1,IND,2020,internet_women,20,dhs
IND.5_1,IND,2020,internet_men,40.2,dhs
IND.5_1,IND,2020,internet_fm_ratio,0.474,dhs
IND.5_1,IND,2020,mobile_women,50.5,dhs
IND.5_1,IND,2020,mobile_men,90.4,dhs
IND.5_1,IND,2020,mobile_fm_ratio,0.559,dhs
IND.6_1,IND,2020,internet_women,72.3,dhs
IND.6_1,IND,2020,internet_men,86.6,dhs
IND.6_1,IND,2020,internet_fm_ratio,0.793,dhs
IND.6_1,IND,2020,mobile_women,69.4,dhs
IND.6_1,IND,2020,mobile_men,91.2,dhs
IND.6_1,IND,2020,mobile_fm_ratio,0.761,dhs
IND.7_1,IND,2020,internet_women,26.9,dhs
IND.7_1,IND,2020,internet_men,54.1,dhs
IND.7_1,IND,2020,internet_fm_ratio,0.472,dhs
IND.7_1,IND,2020,mobile_women,41.4,dhs
IND.7_1,IND,2020,mobile_men,87.1,dhs
IND.7_1,IND,2020,mobile_fm_ratio,0.475,dhs
IND.8_1,IND,2020,internet_women,32.7,dhs
IND.8_1,IND,2020,internet_men,64.5,dhs
IND.8_1,IND,2020,internet_fm_ratio,0.482,dhs
IND.8_1,IND,2020,mobile_women,54.5,dhs
IND.8_1,IND,2020,mobile_men,95,dhs
IND.8_1,IND,2020,mobile_fm_ratio,0.573,dhs
IND.9_1,IND,2020,internet_women,45.2,dhs
IND.9_1,IND,2020,internet_men,64.4,dhs
IND.9_1,IND,2020,internet_fm_ratio,0.668,dhs
IND.9_1,IND,2020,mobile_women,73.7,dhs
IND.9_1,IND,2020,mobile_men,93.5,dhs
IND.9_1,IND,2020,mobile_fm_ratio,0.788,dhs
KHM.1_1,KHM,2021,internet_women,71.3,dhs
KHM.1_1,KHM,2021,internet_men,82.4,dhs
KHM.1_1,KHM,2021,internet_fm_ratio,0.844,dhs
KHM.1_1,KHM,2021,mobile_women,87.4,dhs
KHM.1_1,KHM,2021,mobile_men,90.6,dhs
KHM.1_1,KHM,2021,mobile_fm_ratio,0.965,dhs
KHM.10_1,KHM,2021,internet_women,74.5,dhs
KHM.10_1,KHM,2021,internet_men,67.5,dhs
KHM.10_1,KHM,2021,internet_fm_ratio,1.085,dhs
KHM.10_1,KHM,2021,mobile_women,85.8,dhs
KHM.10_1,KHM,2021,mobile_men,91.2,dhs
KHM.10_1,KHM,2021,mobile_fm_ratio,0.941,dhs
KHM.11_1,KHM,2021,internet_women,41.7,dhs
KHM.11_1,KHM,2021,internet_men,73.4,dhs
KHM.11_1,KHM,2021,internet_fm_ratio,0.561,dhs
KHM.11_1,KHM,2021,mobile_women,79.6,dhs
KHM.11_1,KHM,2021,mobile_men,90.6,dhs
KHM.11_1,KHM,2021,mobile_fm_ratio,0.879,dhs
KHM.12_1,KHM,2021,internet_women,81.3,dhs
KHM.12_1,KHM,2021,internet_men,89.8,dhs
KHM.12_1,KHM,2021,internet_fm_ratio,0.905,dhs
KHM.12_1,KHM,2021,mobile_women,89.5,dhs
KHM.12_1,KHM,2021,mobile_men,94.8,dhs
KHM.12_1,KHM,2021,mobile_fm_ratio,0.944,dhs
KHM.13_1,KHM,2021,internet_women,81.3,dhs
KHM.13_1,KHM,2021,internet_men,85.1,dhs
KHM.13_1,KHM,2021,internet_fm_ratio,0.949,dhs
KHM.13_1,KHM,2021,mobile_women,90.9,dhs
KHM.13_1,KHM,2021,mobile_men,91.4,dhs
KHM.13_1,KHM,2021,mobile_fm_ratio,0.995,dhs
KHM.14_1,KHM,2021,internet_women,49.5,dhs
KHM.14_1,KHM,2021,internet_men,53.5,dhs
KHM.14_1,KHM,2021,internet_fm_ratio,0.908,dhs
KHM.14_1,KHM,2021,mobile_women,77.4,dhs
KHM.14_1,KHM,2021,mobile_men,87.1,dhs
KHM.14_1,KHM,2021,mobile_fm_ratio,0.889,dhs
KHM.15_1,KHM,2021,internet_women,44.8,dhs
KHM.15_1,KHM,2021,internet_men,75.1,dhs
KHM.15_1,KHM,2021,internet_fm_ratio,0.594,dhs
KHM.15_1,KHM,2021,mobile_women,86.9,dhs
KHM.15_1,KHM,2021,mobile_men,84.4,dhs
KHM.15_1,KHM,2021,mobile_fm_ratio,1.03,dhs
KHM.16_1,KHM,2021,internet_women,73.2,dhs
KHM.16_1,KHM,2021,internet_men,96,dhs
KHM.16_1,KHM,2021,internet_fm_ratio,0.763,dhs
KHM.16_1,KHM,2021,mobile_women,97.1,dhs
KHM.16_1,KHM,2021,mobile_men,96.8,dhs
KHM.16_1,KHM,2021,mobile_fm_ratio,1.003,dhs
KHM.17_1,KHM,2021,internet_women,69.2,dhs
KHM.17_1,KHM,2021,internet_men,67.4,dhs
KHM.17_1,KHM,2021,internet_fm_ratio,0.998,dhs
KHM.17_1,KHM,2021,mobile_women,87.6,dhs
KHM.17_1,KHM,2021,mobile_men,94.7,dhs
KHM.17_1,KHM,2021,mobile_fm_ratio,0.925,dhs
KHM.18_1,KHM,2021,internet_women,41.3,dhs
KHM.18_1,KHM,2021,internet_men,71.5,dhs
KHM.18_1,KHM,2021,internet_fm_ratio,0.577,dhs
KHM.18_1,KHM,2021,mobile_women,69.6,dhs
KHM.18_1,KHM,2021,mobile_men,82.7,dhs
KHM.18_1,KHM,2021,mobile_fm_ratio,0.842,dhs
KHM.19_1,KHM,2021,internet_women,72.9,dhs
KHM.19_1,KHM,2021,internet_men,87.4,dhs
KHM.19_1,KHM,2021,internet_fm_ratio,0.83,dhs
KHM.19_1,KHM,2021,mobile_women,79,dhs
KHM.19_1,KHM,2021,mobile_men,92.4,dhs
KHM.19_1,KHM,2021,mobile_fm_ratio,0.855,dhs
KHM.2_1,KHM,2021,internet_women,64.3,dhs
KHM.2_1,KHM,2021,internet_men,78.6,dhs
KHM.2_1,KHM,2021,internet_fm_ratio,0.817,dhs
KHM.2_1,KHM,2021,mobile_women,81.2,dhs
KHM.2_1,KHM,2021,mobile_men,90.2,dhs
KHM.2_1,KHM,2021,mobile_fm_ratio,0.9,dhs
KHM.20_1,KHM,2021,internet_women,27.9,dhs
KHM.20_1,KHM,2021,internet_men,60.8,dhs
KHM.20_1,KHM,2021,internet_fm_ratio,0.447,dhs
KHM.20_1,KHM,2021,mobile_women,55.9,dhs
KHM.20_1,KHM,2021,mobile_men,81.9,dhs
KHM.20_1,KHM,2021,mobile_fm_ratio,0.683,dhs
KHM.21_1,KHM,2021,internet_women,46.7,dhs
KHM.21_1,KHM,2021,internet_men,83.1,dhs
KHM.21_1,KHM,2021,internet_fm_ratio,0.56,dhs
KHM.21_1,KHM,2021,mobile_women,84,dhs
KHM.21_1,KHM,2021,mobile_men,89.4,dhs
KHM.21_1,KHM,2021,mobile_fm_ratio,0.939,dhs
KHM.22_1,KHM,2021,internet_women,70.1,dhs
KHM.22_1,KHM,2021,internet_men,14.9,dhs
KHM.22_1,KHM,2021,internet_fm_ratio,4.156,dhs
KHM.22_1,KHM,2021,mobile_women,68.8,dhs
KHM.22_1,KHM,2021,mobile_men,82.6,dhs
KHM.22_1,KHM,2021,mobile_fm_ratio,0.833,dhs
KHM.23_1,KHM,2021,internet_women,71.2,dhs
KHM.23_1,KHM,2021,internet_men,36.3,dhs
KHM.23_1,KHM,2021,internet_fm_ratio,1.959,dhs
KHM.23_1,KHM,2021,mobile_women,82.9,dhs
KHM.23_1,KHM,2021,mobile_men,90.4,dhs
KHM.23_1,KHM,2021,mobile_fm_ratio,0.918,dhs
KHM.24_1,KHM,2021,internet_women,52.2,dhs
KHM.24_1,KHM,2021,internet_men,84.9,dhs
KHM.24_1,KHM,2021,internet_fm_ratio,0.612,dhs
KHM.24_1,KHM,2021,mobile_women,85.3,dhs
KHM.24_1,KHM,2021,mobile_men,93.5,dhs
KHM.24_1,KHM,2021,mobile_fm_ratio,0.912,dhs
KHM.25_1,KHM,2021,internet_women,49.3,dhs
KHM.25_1,KHM,2021,internet_men,50.6,dhs
KHM.25_1,KHM,2021,internet_fm_ratio,0.974,dhs
KHM.25_1,KHM,2021,mobile_women,82.7,dhs
KHM.25_1,KHM,2021,mobile_men,85.4,dhs
KHM.25_1,KHM,2021,mobile_fm_ratio,0.968,dhs
KHM.3_1,KHM,2021,internet_women,62.7,dhs
KHM.3_1,KHM,2021,internet_men,36.5,dhs
KHM.3_1,KHM,2021,internet_fm_ratio,1.707,dhs
KHM.3_1,KHM,2021,mobile_women,77.7,dhs
KHM.3_1,KHM,2021,mobile_men,90.1,dhs
KHM.3_1,KHM,2021,mobile_fm_ratio,0.862,dhs
KHM.4_1,KHM,2021,internet_women,67.5,dhs
KHM.4_1,KHM,2021,internet_men,71.5,dhs
KHM.4_1,KHM,2021,internet_fm_ratio,0.939,dhs
KHM.4_1,KHM,2021,mobile_women,83.7,dhs
KHM.4_1,KHM,2021,mobile_men,89.1,dhs
KHM.4_1,KHM,2021,mobile_fm_ratio,0.939,dhs
KHM.5_1,KHM,2021,internet_women,65,dhs
KHM.5_1,KHM,2021,internet_men,77.7,dhs
KHM.5_1,KHM,2021,internet_fm_ratio,0.837,dhs
KHM.5_1,KHM,2021,mobile_women,83,dhs
KHM.5_1,KHM,2021,mobile_men,87.3,dhs
KHM.5_1,KHM,2021,mobile_fm_ratio,0.95,dhs
KHM.6_1,KHM,2021,internet_women,72.7,dhs
KHM.6_1,KHM,2021,internet_men,82.8,dhs
KHM.6_1,KHM,2021,internet_fm_ratio,0.875,dhs
KHM.6_1,KHM,2021,mobile_women,81.5,dhs
KHM.6_1,KHM,2021,mobile_men,90.3,dhs
KHM.6_1,KHM,2021,mobile_fm_ratio,0.903,dhs
KHM.7_1,KHM,2021,internet_women,76.4,dhs
KHM.7_1,KHM,2021,internet_men,74.5,dhs
KHM.7_1,KHM,2021,internet_fm_ratio,0.952,dhs
KHM.7_1,KHM,2021,mobile_women,87.2,dhs
KHM.7_1,KHM,2021,mobile_men,92.8,dhs
KHM.7_1,KHM,2021,mobile_fm_ratio,0.94,dhs
KHM.8_1,KHM,2021,internet_women,75.6,dhs
KHM.8_1,KHM,2021,internet_men,78.5,dhs
KHM.8_1,KHM,2021,internet_fm_ratio,0.961,dhs
KHM.8_1,KHM,2021,mobile_women,88.4,dhs
KHM.8_1,KHM,2021,mobile_men,92.1,dhs
KHM.8_1,KHM,2021,mobile_fm_ratio,0.96,dhs
KHM.9_1,KHM,2021,internet_women,66,dhs
KHM.9_1,KHM,2021,internet_men,90.9,dhs
KHM.9_1,KHM,2021,internet_fm_ratio,0.721,dhs
KHM.9_1,KHM,2021,mobile_women,87.9,dhs
KHM.9_1,KHM,2021,mobile_men,97.2,dhs
KHM.9_1,KHM,2021,mobile_fm_ratio,0.904,dhs
NPL.1_1,NPL,2022,internet_women,69.7,dhs
NPL.1_1,NPL,2022,internet_men,79.9,dhs
NPL.1_1,NPL,2022,internet_fm_ratio,0.849,dhs
NPL.1_1,NPL,2022,mobile_women,77.6,dhs
NPL.1_1,NPL,2022,mobile_men,93.3,dhs
NPL.1_1,NPL,2022,mobile_fm_ratio,0.832,dhs
NPL.1_1,NPL,2016,internet_women,29.1,dhs
NPL.1_1,NPL,2016,internet_men,54.4,dhs
NPL.1_1,NPL,2016,internet_fm_ratio,0.518,dhs
NPL.1_1,NPL,2016,mobile_women,73.3,dhs
NPL.1_1,NPL,2016,mobile_men,91.3,dhs
NPL.1_1,NPL,2016,mobile_fm_ratio,0.802,dhs
NPL.2_1,NPL,2016,internet_women,22.6,dhs
NPL.2_1,NPL,2016,internet_men,40.8,dhs
NPL.2_1,NPL,2016,internet_fm_ratio,0.504,dhs
NPL.2_1,NPL,2016,mobile_women,72.3,dhs
NPL.2_1,NPL,2016,mobile_men,88.7,dhs
NPL.2_1,NPL,2016,mobile_fm_ratio,0.815,dhs
NPL.2_1,NPL,2022,internet_women,65,dhs
NPL.2_1,NPL,2022,internet_men,71.2,dhs
NPL.2_1,NPL,2022,internet_fm_ratio,0.886,dhs
NPL.2_1,NPL,2022,mobile_women,78.6,dhs
NPL.2_1,NPL,2022,mobile_men,86,dhs
NPL.2_1,NPL,2022,mobile_fm_ratio,0.914,dhs
NPL.3_1,NPL,2016,internet_women,8.8,dhs
NPL.3_1,NPL,2016,internet_men,34.6,dhs
NPL.3_1,NPL,2016,internet_fm_ratio,0.238,dhs
NPL.3_1,NPL,2016,mobile_women,66.1,dhs
NPL.3_1,NPL,2016,mobile_men,84,dhs
NPL.3_1,NPL,2016,mobile_fm_ratio,0.787,dhs
NPL.3_1,NPL,2022,internet_women,50.3,dhs
NPL.3_1,NPL,2022,internet_men,70.2,dhs
NPL.3_1,NPL,2022,internet_fm_ratio,0.693,dhs
NPL.3_1,NPL,2022,mobile_women,74.8,dhs
NPL.3_1,NPL,2022,mobile_men,91,dhs
NPL.3_1,NPL,2022,mobile_fm_ratio,0.822,dhs
NPL.4_1,NPL,2022,internet_women,54.3,dhs
NPL.4_1,NPL,2022,internet_men,68.1,dhs
NPL.4_1,NPL,2022,internet_fm_ratio,0.77,dhs
NPL.4_1,NPL,2022,mobile_women,81.7,dhs
NPL.4_1,NPL,2022,mobile_men,92,dhs
NPL.4_1,NPL,2022,mobile_fm_ratio,0.888,dhs
NPL.4_1,NPL,2016,internet_women,9,dhs
NPL.4_1,NPL,2016,internet_men,30.5,dhs
NPL.4_1,NPL,2016,internet_fm_ratio,0.25,dhs
NPL.4_1,NPL,2016,mobile_women,68.4,dhs
NPL.4_1,NPL,2016,mobile_men,86.5,dhs
NPL.4_1,NPL,2016,mobile_fm_ratio,0.791,dhs
NPL.5_1,NPL,2016,internet_women,32.5,dhs
NPL.5_1,NPL,2016,internet_men,54.3,dhs
NPL.5_1,NPL,2016,internet_fm_ratio,0.571,dhs
NPL.5_1,NPL,2016,mobile_women,77.4,dhs
NPL.5_1,NPL,2016,mobile_men,89.8,dhs
NPL.5_1,NPL,2016,mobile_fm_ratio,0.862,dhs
NPL.5_1,NPL,2022,internet_women,78.2,dhs
NPL.5_1,NPL,2022,internet_men,80.1,dhs
NPL.5_1,NPL,2022,internet_fm_ratio,0.954,dhs
NPL.5_1,NPL,2022,mobile_women,85.2,dhs
NPL.5_1,NPL,2022,mobile_men,94.6,dhs
NPL.5_1,NPL,2022,mobile_fm_ratio,0.901,dhs
PAK.2_1,PAK,2017,internet_women,2.8,dhs
PAK.2_1,PAK,2017,internet_men,34.2,dhs
PAK.2_1,PAK,2017,internet_fm_ratio,0.077,dhs
PAK.2_1,PAK,2017,mobile_women,16.4,dhs
PAK.2_1,PAK,2017,mobile_men,98.7,dhs
PAK.2_1,PAK,2017,mobile_fm_ratio,0.166,dhs
PAK.3_1,PAK,2017,internet_women,0.4,dhs
PAK.3_1,PAK,2017,internet_men,13.3,dhs
PAK.3_1,PAK,2017,internet_fm_ratio,0.029,dhs
PAK.3_1,PAK,2017,mobile_women,10.6,dhs
PAK.3_1,PAK,2017,mobile_men,79.2,dhs
PAK.3_1,PAK,2017,mobile_fm_ratio,0.134,dhs
PAK.4_1,PAK,2017,internet_women,31.6,dhs
PAK.4_1,PAK,2017,internet_men,54.4,dhs
PAK.4_1,PAK,2017,internet_fm_ratio,0.568,dhs
PAK.4_1,PAK,2017,mobile_women,66,dhs
PAK.4_1,PAK,2017,mobile_men,97.8,dhs
PAK.4_1,PAK,2017,mobile_fm_ratio,0.675,dhs
PAK.5_1,PAK,2017,internet_women,5.1,dhs
PAK.5_1,PAK,2017,internet_men,25.2,dhs
PAK.5_1,PAK,2017,internet_fm_ratio,0.202,dhs
PAK.5_1,PAK,2017,mobile_women,33.1,dhs
PAK.5_1,PAK,2017,mobile_men,92.3,dhs
PAK.5_1,PAK,2017,mobile_fm_ratio,0.358,dhs
PAK.7_1,PAK,2017,internet_women,15.8,dhs
PAK.7_1,PAK,2017,internet_men,31.4,dhs
PAK.7_1,PAK,2017,internet_fm_ratio,0.49,dhs
PAK.7_1,PAK,2017,mobile_women,47.7,dhs
PAK.7_1,PAK,2017,mobile_men,94.7,dhs
PAK.7_1,PAK,2017,mobile_fm_ratio,0.503,dhs
PAK.8_1,PAK,2017,internet_women,3.5,dhs
PAK.8_1,PAK,2017,internet_men,15.4,dhs
PAK.8_1,PAK,2017,internet_fm_ratio,0.228,dhs
PAK.8_1,PAK,2017,mobile_women,10.6,dhs
PAK.8_1,PAK,2017,mobile_men,83.5,dhs
PAK.8_1,PAK,2017,mobile_fm_ratio,0.127,dhs
PHL.1_1,PHL,2017,internet_women,62.5,dhs
PHL.1_1,PHL,2017,mobile_women,67.4,dhs
PHL.1_1,PHL,2022,internet_women,79.2,dhs
PHL.1_1,PHL,2022,mobile_women,91.4,dhs
PHL.10_1,PHL,2017,internet_women,76,dhs
PHL.10_1,PHL,2017,mobile_women,90.9,dhs
PHL.10_1,PHL,2022,internet_women,93,dhs
PHL.10_1,PHL,2022,mobile_women,94.8,dhs
PHL.11_1,PHL,2017,internet_women,46.2,dhs
PHL.11_1,PHL,2017,mobile_women,97.3,dhs
PHL.11_1,PHL,2022,internet_women,93,dhs
PHL.11_1,PHL,2022,mobile_women,96.5,dhs
PHL.12_1,PHL,2022,internet_women,87.9,dhs
PHL.12_1,PHL,2022,mobile_women,98.4,dhs
PHL.13_1,PHL,2017,internet_women,78.7,dhs
PHL.13_1,PHL,2017,mobile_women,97.1,dhs
PHL.13_1,PHL,2022,internet_women,88,dhs
PHL.13_1,PHL,2022,mobile_women,99.8,dhs
PHL.14_1,PHL,2022,internet_women,83.4,dhs
PHL.14_1,PHL,2022,mobile_women,84.6,dhs
PHL.14_1,PHL,2017,internet_women,73.7,dhs
PHL.14_1,PHL,2017,mobile_women,81.8,dhs
PHL.15_1,PHL,2017,internet_women,79.4,dhs
PHL.15_1,PHL,2017,mobile_women,84.2,dhs
PHL.15_1,PHL,2022,internet_women,80.4,dhs
PHL.15_1,PHL,2022,mobile_women,88,dhs
PHL.16_1,PHL,2022,internet_women,70,dhs
PHL.16_1,PHL,2022,mobile_women,83.9,dhs
PHL.16_1,PHL,2017,internet_women,56.3,dhs
PHL.16_1,PHL,2017,mobile_women,78.5,dhs
PHL.17_1,PHL,2017,internet_women,83,dhs
PHL.17_1,PHL,2017,mobile_women,90.3,dhs
PHL.17_1,PHL,2022,internet_women,95,dhs
PHL.17_1,PHL,2022,mobile_women,97.3,dhs
PHL.18_1,PHL,2022,internet_women,77.5,dhs
PHL.18_1,PHL,2022,mobile_women,88.3,dhs
PHL.18_1,PHL,2017,internet_women,48.2,dhs
PHL.18_1,PHL,2017,mobile_women,90.5,dhs
PHL.19_1,PHL,2017,internet_women,65,dhs
PHL.19_1,PHL,2017,mobile_women,74.5,dhs
PHL.19_1,PHL,2022,internet_women,86,dhs
PHL.19_1,PHL,2022,mobile_women,85.2,dhs
PHL.2_1,PHL,2017,internet_women,73.3,dhs
PHL.2_1,PHL,2017,mobile_women,87.1,dhs
PHL.2_1,PHL,2022,internet_women,80,dhs
PHL.2_1,PHL,2022,mobile_women,87.2,dhs
PHL.20_1,PHL,2017,internet_women,70.3,dhs
PHL.20_1,PHL,2017,mobile_women,83.4,dhs
PHL.20_1,PHL,2022,internet_women,82.5,dhs
PHL.20_1,PHL,2022,mobile_women,86.3,dhs
PHL.21_1,PHL,2017,internet_women,72.8,dhs
PHL.21_1,PHL,2017,mobile_women,85.7,dhs
PHL.21_1,PHL,2022,internet_women,81.5,dhs
PHL.21_1,PHL,2022,mobile_women,87.2,dhs
PHL.22_1,PHL,2017,internet_women,55.1,dhs
PHL.22_1,PHL,2017,mobile_women,73.1,dhs
PHL.22_1,PHL,2022,internet_women,78.5,dhs
PHL.22_1,PHL,2022,mobile_women,92,dhs
PHL.23_1,PHL,2022,internet_women,78.6,dhs
PHL.23_1,PHL,2022,mobile_women,79.2,dhs
PHL.23_1,PHL,2017,internet_women,62.3,dhs
PHL.23_1,PHL,2017,mobile_women,80.7,dhs
PHL.24_1,PHL,2022,internet_women,92.9,dhs
PHL.24_1,PHL,2022,mobile_women,97.7,dhs
PHL.24_1,PHL,2017,internet_women,85.7,dhs
PHL.24_1,PHL,2017,mobile_women,96.4,dhs
PHL.25_1,PHL,2017,internet_women,78.5,dhs
PHL.25_1,PHL,2017,mobile_women,88,dhs
PHL.25_1,PHL,2022,internet_women,82.9,dhs
PHL.25_1,PHL,2022,mobile_women,93.4,dhs
PHL.26_1,PHL,2022,internet_women,71.9,dhs
PHL.26_1,PHL,2022,mobile_women,76,dhs
PHL.26_1,PHL,2017,internet_women,29.9,dhs
PHL.26_1,PHL,2017,mobile_women,70.5,dhs
PHL.27_1,PHL,2017,internet_women,73.8,dhs
PHL.27_1,PHL,2017,mobile_women,92,dhs
PHL.27_1,PHL,2022,internet_women,72.9,dhs
PHL.27_1,PHL,2022,mobile_women,86.3,dhs
PHL.28_1,PHL,2022,internet_women,83.6,dhs
PHL.28_1,PHL,2022,mobile_women,89.6,dhs
PHL.28_1,PHL,2017,internet_women,67.9,dhs
PHL.28_1,PHL,2017,mobile_women,86.2,dhs
PHL.29_1,PHL,2017,internet_women,64.9,dhs
PHL.29_1,PHL,2017,mobile_women,74.3,dhs
PHL.29_1,PHL,2022,internet_women,78.5,dhs
PHL.29_1,PHL,2022,mobile_women,80.9,dhs
PHL.3_1,PHL,2017,internet_women,51,dhs
PHL.3_1,PHL,2017,mobile_women,76.4,dhs
PHL.3_1,PHL,2022,internet_women,53.8,dhs
PHL.3_1,PHL,2022,mobile_women,80.3,dhs
PHL.30_1,PHL,2022,internet_women,75.3,dhs
PHL.30_1,PHL,2022,mobile_women,83.6,dhs
PHL.30_1,PHL,2017,internet_women,65.6,dhs
PHL.30_1,PHL,2017,mobile_women,78.2,dhs
PHL.31_1,PHL,2017,internet_women,67.6,dhs
PHL.31_1,PHL,2017,mobile_women,68.6,dhs
PHL.31_1,PHL,2022,internet_women,77.4,dhs
PHL.31_1,PHL,2022,mobile_women,75.7,dhs
PHL.32_1,PHL,2022,internet_women,82,dhs
PHL.32_1,PHL,2022,mobile_women,88.2,dhs
PHL.32_1,PHL,2017,internet_women,66.3,dhs
PHL.32_1,PHL,2017,mobile_women,91.2,dhs
PHL.33_1,PHL,2017,internet_women,49.5,dhs
PHL.33_1,PHL,2017,mobile_women,78.5,dhs
PHL.33_1,PHL,2022,internet_women,80.4,dhs
PHL.33_1,PHL,2022,mobile_women,93.7,dhs
PHL.34_1,PHL,2022,internet_women,81.5,dhs
PHL.34_1,PHL,2022,mobile_women,90.9,dhs
PHL.34_1,PHL,2017,internet_women,55.9,dhs
PHL.34_1,PHL,2017,mobile_women,92.9,dhs
PHL.35_1,PHL,2017,internet_women,72.8,dhs
PHL.35_1,PHL,2017,mobile_women,91.7,dhs
PHL.35_1,PHL,2022,internet_women,86.7,dhs
PHL.35_1,PHL,2022,mobile_women,93.5,dhs
PHL.36_1,PHL,2022,internet_women,83.1,dhs
PHL.36_1,PHL,2022,mobile_women,84.7,dhs
PHL.36_1,PHL,2017,internet_women,67.2,dhs
PHL.36_1,PHL,2017,mobile_women,80.9,dhs
PHL.37_1,PHL,2017,internet_women,62.8,dhs
PHL.37_1,PHL,2017,mobile_women,88.8,dhs
PHL.37_1,PHL,2022,internet_women,74.1,dhs
PHL.37_1,PHL,2022,mobile_women,89.9,dhs
PHL.38_1,PHL,2017,internet_women,66.6,dhs
PHL.38_1,PHL,2017,mobile_women,80.2,dhs
PHL.38_1,PHL,2022,internet_women,65.8,dhs
PHL.38_1,PHL,2022,mobile_women,93.1,dhs
PHL.39_1,PHL,2017,internet_women,72,dhs
PHL.39_1,PHL,2017,mobile_women,89,dhs
PHL.39_1,PHL,2022,internet_women,78,dhs
PHL.39_1,PHL,2022,mobile_women,94.1,dhs
PHL.4_1,PHL,2017,internet_women,62.8,dhs
PHL.4_1,PHL,2017,mobile_women,87.8,dhs
PHL.4_1,PHL,2022,internet_women,81.6,dhs
PHL.4_1,PHL,2022,mobile_women,87.5,dhs
PHL.40_1,PHL,2017,internet_women,69.2,dhs
PHL.40_1,PHL,2017,mobile_women,86.7,dhs
PHL.40_1,PHL,2022,internet_women,91.1,dhs
PHL.40_1,PHL,2022,mobile_women,94.6,dhs
PHL.41_1,PHL,2022,internet_women,71.2,dhs
PHL.41_1,PHL,2022,mobile_women,89.5,dhs
PHL.41_1,PHL,2017,internet_women,65.3,dhs
PHL.41_1,PHL,2017,mobile_women,79.9,dhs
PHL.42_1,PHL,2022,internet_women,58.4,dhs
PHL.42_1,PHL,2022,mobile_women,80.2,dhs
PHL.42_1,PHL,2017,internet_women,26.8,dhs
PHL.42_1,PHL,2017,mobile_women,74,dhs
PHL.43_1,PHL,2017,internet_women,71.9,dhs
PHL.43_1,PHL,2017,mobile_women,84.4,dhs
PHL.43_1,PHL,2022,internet_women,90.6,dhs
PHL.43_1,PHL,2022,mobile_women,91.4,dhs
PHL.44_1,PHL,2022,internet_women,48.8,dhs
PHL.44_1,PHL,2022,mobile_women,92.8,dhs
PHL.44_1,PHL,2017,internet_women,40.7,dhs
PHL.44_1,PHL,2017,mobile_women,61.9,dhs
PHL.45_1,PHL,2017,internet_women,65.6,dhs
PHL.45_1,PHL,2017,mobile_women,88.5,dhs
PHL.45_1,PHL,2022,internet_women,70.4,dhs
PHL.45_1,PHL,2022,mobile_women,91.9,dhs
PHL.46_1,PHL,2022,internet_women,57.2,dhs
PHL.46_1,PHL,2022,mobile_women,74.4,dhs
PHL.46_1,PHL,2017,internet_women,38,dhs
PHL.46_1,PHL,2017,mobile_women,69.3,dhs
PHL.47_1,PHL,2017,internet_women,90.5,dhs
PHL.47_1,PHL,2017,mobile_women,95.6,dhs
PHL.47_1,PHL,2022,internet_women,93.3,dhs
PHL.47_1,PHL,2022,mobile_women,97.3,dhs
PHL.48_1,PHL,2017,internet_women,58.1,dhs
PHL.48_1,PHL,2017,mobile_women,78.5,dhs
PHL.48_1,PHL,2022,internet_women,76.6,dhs
PHL.48_1,PHL,2022,mobile_women,89.1,dhs
PHL.49_1,PHL,2022,internet_women,70.6,dhs
PHL.49_1,PHL,2022,mobile_women,90.5,dhs
PHL.49_1,PHL,2017,internet_women,69.1,dhs
PHL.49_1,PHL,2017,mobile_women,86.7,dhs
PHL.5_1,PHL,2017,internet_women,65.4,dhs
PHL.5_1,PHL,2017,mobile_women,82.9,dhs
PHL.5_1,PHL,2022,internet_women,81.2,dhs
PHL.5_1,PHL,2022,mobile_women,87.4,dhs
PHL.50_1,PHL,2022,internet_women,63.6,dhs
PHL.50_1,PHL,2022,mobile_women,95.3,dhs
PHL.50_1,PHL,2017,internet_women,50.3,dhs
PHL.50_1,PHL,2017,mobile_women,91.1,dhs
PHL.51_1,PHL,2017,internet_women,59.5,dhs
PHL.51_1,PHL,2017,mobile_women,73.3,dhs
PHL.51_1,PHL,2022,internet_women,73.3,dhs
PHL.51_1,PHL,2022,mobile_women,82,dhs
PHL.52_1,PHL,2022,internet_women,72.6,dhs
PHL.52_1,PHL,2022,mobile_women,85.6,dhs
PHL.52_1,PHL,2017,internet_women,58.2,dhs
PHL.52_1,PHL,2017,mobile_women,82.9,dhs
PHL.53_1,PHL,2017,internet_women,50.8,dhs
PHL.53_1,PHL,2017,mobile_women,77.3,dhs
PHL.53_1,PHL,2022,internet_women,59.8,dhs
PHL.53_1,PHL,2022,mobile_women,81.6,dhs
PHL.54_1,PHL,2022,internet_women,72.5,dhs
PHL.54_1,PHL,2022,mobile_women,75.7,dhs
PHL.54_1,PHL,2017,internet_women,42.5,dhs
PHL.54_1,PHL,2017,mobile_women,69.8,dhs
PHL.55_1,PHL,2017,internet_women,60.7,dhs
PHL.55_1,PHL,2017,mobile_women,91.5,dhs
PHL.55_1,PHL,2022,internet_women,89.3,dhs
PHL.55_1,PHL,2022,mobile_women,90.6,dhs
PHL.56_1,PHL,2017,internet_women,62.7,dhs
PHL.56_1,PHL,2017,mobile_women,91.4,dhs
PHL.56_1,PHL,2022,internet_women,93.3,dhs
PHL.56_1,PHL,2022,mobile_women,98.4,dhs
PHL.57_1,PHL,2017,internet_women,58.3,dhs
PHL.57_1,PHL,2017,mobile_women,73.2,dhs
PHL.57_1,PHL,2022,internet_women,78.8,dhs
PHL.57_1,PHL,2022,mobile_women,82.8,dhs
PHL.58_1,PHL,2017,internet_women,63.8,dhs
PHL.58_1,PHL,2017,mobile_women,82.5,dhs
PHL.58_1,PHL,2022,internet_women,79.6,dhs
PHL.58_1,PHL,2022,mobile_women,87.4,dhs
PHL.59_1,PHL,2017,internet_women,51.5,dhs
PHL.59_1,PHL,2017,mobile_women,73.8,dhs
PHL.59_1,PHL,2022,internet_women,69.9,dhs
PHL.59_1,PHL,2022,mobile_women,84.2,dhs
PHL.6_1,PHL,2022,internet_women,82.7,dhs
PHL.6_1,PHL,2022,mobile_women,81.6,dhs
PHL.6_1,PHL,2017,internet_women,58,dhs
PHL.6_1,PHL,2017,mobile_women,78.3,dhs
PHL.60_1,PHL,2022,internet_women,93.4,dhs
PHL.60_1,PHL,2022,mobile_women,96.4,dhs
PHL.60_1,PHL,2017,internet_women,82.8,dhs
PHL.60_1,PHL,2017,mobile_women,90.3,dhs
PHL.61_1,PHL,2017,internet_women,60,dhs
PHL.61_1,PHL,2017,mobile_women,85.3,dhs
PHL.61_1,PHL,2022,internet_women,86,dhs
PHL.61_1,PHL,2022,mobile_women,91.3,dhs
PHL.62_1,PHL,2022,internet_women,86.5,dhs
PHL.62_1,PHL,2022,mobile_women,90.3,dhs
PHL.62_1,PHL,2017,internet_women,43.9,dhs
PHL.62_1,PHL,2017,mobile_women,89.7,dhs
PHL.63_1,PHL,2017,internet_women,62.5,dhs
PHL.63_1,PHL,2017,mobile_women,92.1,dhs
PHL.63_1,PHL,2022,internet_women,64.4,dhs
PHL.63_1,PHL,2022,mobile_women,88.8,dhs
PHL.64_1,PHL,2022,internet_women,96.3,dhs
PHL.64_1,PHL,2022,mobile_women,93.9,dhs
PHL.64_1,PHL,2017,internet_women,83.2,dhs
PHL.64_1,PHL,2017,mobile_women,88.8,dhs
PHL.65_1,PHL,2017,internet_women,44.7,dhs
PHL.65_1,PHL,2017,mobile_women,79.6,dhs
PHL.65_1,PHL,2022,internet_women,79.5,dhs
PHL.65_1,PHL,2022,mobile_women,87,dhs
PHL.66_1,PHL,2017,internet_women,66.9,dhs
PHL.66_1,PHL,2017,mobile_women,80.5,dhs
PHL.66_1,PHL,2022,internet_women,81.7,dhs
PHL.66_1,PHL,2022,mobile_women,85.3,dhs
PHL.67_1,PHL,2022,internet_women,51.8,dhs
PHL.67_1,PHL,2022,mobile_women,60.1,dhs
PHL.67_1,PHL,2017,internet_women,55.7,dhs
PHL.67_1,PHL,2017,mobile_women,74.8,dhs
PHL.68_1,PHL,2017,internet_women,70.8,dhs
PHL.68_1,PHL,2017,mobile_women,90.8,dhs
PHL.68_1,PHL,2022,internet_women,82,dhs
PHL.68_1,PHL,2022,mobile_women,89.9,dhs
PHL.69_1,PHL,2017,internet_women,64.8,dhs
PHL.69_1,PHL,2017,mobile_women,83.7,dhs
PHL.69_1,PHL,2022,internet_women,82.9,dhs
PHL.69_1,PHL,2022,mobile_women,89.3,dhs
PHL.7_1,PHL,2017,internet_women,48.3,dhs
PHL.7_1,PHL,2017,mobile_women,76.1,dhs
PHL.7_1,PHL,2022,internet_women,71.6,dhs
PHL.7_1,PHL,2022,mobile_women,86.7,dhs
PHL.70_1,PHL,2017,internet_women,63,dhs
PHL.70_1,PHL,2017,mobile_women,79.2,dhs
PHL.70_1,PHL,2022,internet_women,85.2,dhs
PHL.70_1,PHL,2022,mobile_women,92.8,dhs
PHL.71_1,PHL,2017,internet_women,66.1,dhs
PHL.71_1,PHL,2017,mobile_women,81.9,dhs
PHL.71_1,PHL,2022,internet_women,89.3,dhs
PHL.71_1,PHL,2022,mobile_women,90.5,dhs
PHL.72_1,PHL,2022,internet_women,69,dhs
PHL.72_1,PHL,2022,mobile_women,76.5,dhs
PHL.72_1,PHL,2017,internet_women,50.1,dhs
PHL.72_1,PHL,2017,mobile_women,73.2,dhs
PHL.73_1,PHL,2022,internet_women,54.5,dhs
PHL.73_1,PHL,2022,mobile_women,80,dhs
PHL.73_1,PHL,2017,internet_women,9.1,dhs
PHL.73_1,PHL,2017,mobile_women,55,dhs
PHL.74_1,PHL,2017,internet_women,65.1,dhs
PHL.74_1,PHL,2017,mobile_women,74.9,dhs
PHL.74_1,PHL,2022,internet_women,76.2,dhs
PHL.74_1,PHL,2022,mobile_women,86.3,dhs
PHL.75_1,PHL,2022,internet_women,78.1,dhs
PHL.75_1,PHL,2022,mobile_women,91.3,dhs
PHL.75_1,PHL,2017,internet_women,69.2,dhs
PHL.75_1,PHL,2017,mobile_women,77.9,dhs
PHL.76_1,PHL,2017,internet_women,66.2,dhs
PHL.76_1,PHL,2017,mobile_women,77.8,dhs
PHL.76_1,PHL,2022,internet_women,71,dhs
PHL.76_1,PHL,2022,mobile_women,93.6,dhs
PHL.77_1,PHL,2022,internet_women,58.1,dhs
PHL.77_1,PHL,2022,mobile_women,75.4,dhs
PHL.77_1,PHL,2017,internet_women,41.4,dhs
PHL.77_1,PHL,2017,mobile_women,73.9,dhs
PHL.78_1,PHL,2017,internet_women,73.1,dhs
PHL.78_1,PHL,2017,mobile_women,93,dhs
PHL.78_1,PHL,2022,internet_women,90.1,dhs
PHL.78_1,PHL,2022,mobile_women,94.6,dhs
PHL.79_1,PHL,2022,internet_women,65.1,dhs
PHL.79_1,PHL,2022,mobile_women,81.4,dhs
PHL.79_1,PHL,2017,internet_women,47.2,dhs
PHL.79_1,PHL,2017,mobile_women,64.8,dhs
PHL.8_1,PHL,2017,internet_women,63.4,dhs
PHL.8_1,PHL,2017,mobile_women,81,dhs
PHL.8_1,PHL,2022,internet_women,69.2,dhs
PHL.8_1,PHL,2022,mobile_women,86.2,dhs
PHL.80_1,PHL,2017,internet_women,61,dhs
PHL.80_1,PHL,2017,mobile_women,76.6,dhs
PHL.80_1,PHL,2022,internet_women,81.6,dhs
PHL.80_1,PHL,2022,mobile_women,85.5,dhs
PHL.81_1,PHL,2017,internet_women,55.2,dhs
PHL.81_1,PHL,2017,mobile_women,80.6,dhs
PHL.81_1,PHL,2022,internet_women,72.2,dhs
PHL.81_1,PHL,2022,mobile_women,75.8,dhs
PHL.9_1,PHL,2017,internet_women,45.5,dhs
PHL.9_1,PHL,2017,mobile_women,71.9,dhs
PHL.9_1,PHL,2022,internet_women,52.8,dhs
PHL.9_1,PHL,2022,mobile_women,79.7,dhs
TJK.1_1,TJK,2017,internet_women,40.8,dhs
TJK.1_1,TJK,2017,mobile_women,81.5,dhs
TJK.2_1,TJK,2017,internet_women,32.4,dhs
TJK.2_1,TJK,2017,mobile_women,75.7,dhs
TJK.3_1,TJK,2017,internet_women,3.6,dhs
TJK.3_1,TJK,2017,mobile_women,41.2,dhs
TJK.4_1,TJK,2017,internet_women,22.3,dhs
TJK.4_1,TJK,2017,mobile_women,64.2,dhs
TJK.5_1,TJK,2017,internet_women,6.9,dhs
TJK.5_1,TJK,2017,mobile_women,47,dhs
TLS.1_1,TLS,2016,internet_women,13.8,dhs
TLS.1_1,TLS,2016,internet_men,22.5,dhs
TLS.1_1,TLS,2016,internet_fm_ratio,0.543,dhs
TLS.1_1,TLS,2016,mobile_women,58.9,dhs
TLS.1_1,TLS,2016,mobile_men,79.7,dhs
TLS.1_1,TLS,2016,mobile_fm_ratio,0.74,dhs
TLS.10_1,TLS,2016,internet_women,14.2,dhs
TLS.10_1,TLS,2016,internet_men,24.2,dhs
TLS.10_1,TLS,2016,internet_fm_ratio,0.571,dhs
TLS.10_1,TLS,2016,mobile_women,60.4,dhs
TLS.10_1,TLS,2016,mobile_men,76,dhs
TLS.10_1,TLS,2016,mobile_fm_ratio,0.795,dhs
TLS.11_1,TLS,2016,internet_women,17.7,dhs
TLS.11_1,TLS,2016,internet_men,20.7,dhs
TLS.11_1,TLS,2016,internet_fm_ratio,0.629,dhs
TLS.11_1,TLS,2016,mobile_women,54.3,dhs
TLS.11_1,TLS,2016,mobile_men,71.6,dhs
TLS.11_1,TLS,2016,mobile_fm_ratio,0.758,dhs
TLS.12_1,TLS,2016,internet_women,24.8,dhs
TLS.12_1,TLS,2016,internet_men,31.3,dhs
TLS.12_1,TLS,2016,internet_fm_ratio,0.667,dhs
TLS.12_1,TLS,2016,mobile_women,65.1,dhs
TLS.12_1,TLS,2016,mobile_men,87.5,dhs
TLS.12_1,TLS,2016,mobile_fm_ratio,0.744,dhs
TLS.13_1,TLS,2016,internet_women,11.9,dhs
TLS.13_1,TLS,2016,internet_men,8.3,dhs
TLS.13_1,TLS,2016,internet_fm_ratio,1.135,dhs
TLS.13_1,TLS,2016,mobile_women,60.4,dhs
TLS.13_1,TLS,2016,mobile_men,40.5,dhs
TLS.13_1,TLS,2016,mobile_fm_ratio,1.491,dhs
TLS.2_1,TLS,2016,internet_women,10.3,dhs
TLS.2_1,TLS,2016,internet_men,18,dhs
TLS.2_1,TLS,2016,internet_fm_ratio,0.471,dhs
TLS.2_1,TLS,2016,mobile_women,56.3,dhs
TLS.2_1,TLS,2016,mobile_men,73.8,dhs
TLS.2_1,TLS,2016,mobile_fm_ratio,0.763,dhs
TLS.3_1,TLS,2016,internet_women,7.2,dhs
TLS.3_1,TLS,2016,internet_men,16.4,dhs
TLS.3_1,TLS,2016,internet_fm_ratio,0.366,dhs
TLS.3_1,TLS,2016,mobile_women,54.1,dhs
TLS.3_1,TLS,2016,mobile_men,81,dhs
TLS.3_1,TLS,2016,mobile_fm_ratio,0.668,dhs
TLS.4_1,TLS,2016,internet_women,27.3,dhs
TLS.4_1,TLS,2016,internet_men,33.8,dhs
TLS.4_1,TLS,2016,internet_fm_ratio,0.741,dhs
TLS.4_1,TLS,2016,mobile_women,66.6,dhs
TLS.4_1,TLS,2016,mobile_men,74.6,dhs
TLS.4_1,TLS,2016,mobile_fm_ratio,0.893,dhs
TLS.5_1,TLS,2016,internet_women,16,dhs
TLS.5_1,TLS,2016,internet_men,18.4,dhs
TLS.5_1,TLS,2016,internet_fm_ratio,0.715,dhs
TLS.5_1,TLS,2016,mobile_women,61.4,dhs
TLS.5_1,TLS,2016,mobile_men,63.8,dhs
TLS.5_1,TLS,2016,mobile_fm_ratio,0.962,dhs
TLS.6_1,TLS,2016,internet_women,12.6,dhs
TLS.6_1,TLS,2016,internet_men,11.8,dhs
TLS.6_1,TLS,2016,internet_fm_ratio,0.952,dhs
TLS.6_1,TLS,2016,mobile_women,60.4,dhs
TLS.6_1,TLS,2016,mobile_men,81.1,dhs
TLS.6_1,TLS,2016,mobile_fm_ratio,0.744,dhs
TLS.7_1,TLS,2016,internet_women,54.3,dhs
TLS.7_1,TLS,2016,internet_men,62.6,dhs
TLS.7_1,TLS,2016,internet_fm_ratio,0.805,dhs
TLS.7_1,TLS,2016,mobile_women,78.4,dhs
TLS.7_1,TLS,2016,mobile_men,87.2,dhs
TLS.7_1,TLS,2016,mobile_fm_ratio,0.9,dhs
TLS.8_1,TLS,2016,internet_women,6,dhs
TLS.8_1,TLS,2016,internet_men,7.7,dhs
TLS.8_1,TLS,2016,internet_fm_ratio,0.669,dhs
TLS.8_1,TLS,2016,mobile_women,60.4,dhs
TLS.8_1,TLS,2016,mobile_men,86,dhs
TLS.8_1,TLS,2016,mobile_fm_ratio,0.702,dhs
TLS.9_1,TLS,2016,internet_women,24.3,dhs
TLS.9_1,TLS,2016,internet_men,20.8,dhs
TLS.9_1,TLS,2016,internet_fm_ratio,1.132,dhs
TLS.9_1,TLS,2016,mobile_women,70.8,dhs
TLS.9_1,TLS,2016,mobile_men,74.1,dhs
TLS.9_1,TLS,2016,mobile_fm_ratio,0.956,dhs
AGO.1_1,AGO,2015,internet_women,17.5,dhs
AGO.1_1,AGO,2015,internet_men,30.5,dhs
AGO.1_1,AGO,2015,internet_fm_ratio,0.563,dhs
AGO.1_1,AGO,2015,mobile_women,41.7,dhs
AGO.1_1,AGO,2015,mobile_men,64.8,dhs
AGO.1_1,AGO,2015,mobile_fm_ratio,0.643,dhs
AGO.10_1,AGO,2015,internet_women,9.9,dhs
AGO.10_1,AGO,2015,internet_men,18,dhs
AGO.10_1,AGO,2015,internet_fm_ratio,0.497,dhs
AGO.10_1,AGO,2015,mobile_women,33.8,dhs
AGO.10_1,AGO,2015,mobile_men,51,dhs
AGO.10_1,AGO,2015,mobile_fm_ratio,0.662,dhs
AGO.11_1,AGO,2015,internet_women,35,dhs
AGO.11_1,AGO,2015,internet_men,55.8,dhs
AGO.11_1,AGO,2015,internet_fm_ratio,0.596,dhs
AGO.11_1,AGO,2015,mobile_women,73.5,dhs
AGO.11_1,AGO,2015,mobile_men,87.3,dhs
AGO.11_1,AGO,2015,mobile_fm_ratio,0.842,dhs
AGO.12_1,AGO,2015,internet_women,7.2,dhs
AGO.12_1,AGO,2015,internet_men,23.9,dhs
AGO.12_1,AGO,2015,internet_fm_ratio,0.266,dhs
AGO.12_1,AGO,2015,mobile_women,36.4,dhs
AGO.12_1,AGO,2015,mobile_men,71.4,dhs
AGO.12_1,AGO,2015,mobile_fm_ratio,0.51,dhs
AGO.13_1,AGO,2015,internet_women,8.1,dhs
AGO.13_1,AGO,2015,internet_men,26.7,dhs
AGO.13_1,AGO,2015,internet_fm_ratio,0.278,dhs
AGO.13_1,AGO,2015,mobile_women,41,dhs
AGO.13_1,AGO,2015,mobile_men,55.1,dhs
AGO.13_1,AGO,2015,mobile_fm_ratio,0.745,dhs
AGO.14_1,AGO,2015,internet_women,12.9,dhs
AGO.14_1,AGO,2015,internet_men,35.5,dhs
AGO.14_1,AGO,2015,internet_fm_ratio,0.342,dhs
AGO.14_1,AGO,2015,mobile_women,39.8,dhs
AGO.14_1,AGO,2015,mobile_men,62.3,dhs
AGO.14_1,AGO,2015,mobile_fm_ratio,0.639,dhs
AGO.15_1,AGO,2015,internet_women,8.2,dhs
AGO.15_1,AGO,2015,internet_men,18.6,dhs
AGO.15_1,AGO,2015,internet_fm_ratio,0.413,dhs
AGO.15_1,AGO,2015,mobile_women,27.2,dhs
AGO.15_1,AGO,2015,mobile_men,44.3,dhs
AGO.15_1,AGO,2015,mobile_fm_ratio,0.613,dhs
AGO.16_1,AGO,2015,internet_women,22.4,dhs
AGO.16_1,AGO,2015,internet_men,43.4,dhs
AGO.16_1,AGO,2015,internet_fm_ratio,0.471,dhs
AGO.16_1,AGO,2015,mobile_women,52.9,dhs
AGO.16_1,AGO,2015,mobile_men,66,dhs
AGO.16_1,AGO,2015,mobile_fm_ratio,0.801,dhs
AGO.17_1,AGO,2015,internet_women,7.1,dhs
AGO.17_1,AGO,2015,internet_men,21.3,dhs
AGO.17_1,AGO,2015,internet_fm_ratio,0.304,dhs
AGO.17_1,AGO,2015,mobile_women,29.3,dhs
AGO.17_1,AGO,2015,mobile_men,48.3,dhs
AGO.17_1,AGO,2015,mobile_fm_ratio,0.607,dhs
AGO.18_1,AGO,2015,internet_women,12,dhs
AGO.18_1,AGO,2015,internet_men,31,dhs
AGO.18_1,AGO,2015,internet_fm_ratio,0.347,dhs
AGO.18_1,AGO,2015,mobile_women,50.6,dhs
AGO.18_1,AGO,2015,mobile_men,75.8,dhs
AGO.18_1,AGO,2015,mobile_fm_ratio,0.667,dhs
AGO.2_1,AGO,2015,internet_women,9.7,dhs
AGO.2_1,AGO,2015,internet_men,32.1,dhs
AGO.2_1,AGO,2015,internet_fm_ratio,0.266,dhs
AGO.2_1,AGO,2015,mobile_women,44.9,dhs
AGO.2_1,AGO,2015,mobile_men,64.9,dhs
AGO.2_1,AGO,2015,mobile_fm_ratio,0.691,dhs
AGO.3_1,AGO,2015,internet_women,3.8,dhs
AGO.3_1,AGO,2015,internet_men,14.5,dhs
AGO.3_1,AGO,2015,internet_fm_ratio,0.251,dhs
AGO.3_1,AGO,2015,mobile_women,21.9,dhs
AGO.3_1,AGO,2015,mobile_men,39.7,dhs
AGO.3_1,AGO,2015,mobile_fm_ratio,0.553,dhs
AGO.4_1,AGO,2015,internet_women,27,dhs
AGO.4_1,AGO,2015,internet_men,36.1,dhs
AGO.4_1,AGO,2015,internet_fm_ratio,0.712,dhs
AGO.4_1,AGO,2015,mobile_women,63.3,dhs
AGO.4_1,AGO,2015,mobile_men,85.7,dhs
AGO.4_1,AGO,2015,mobile_fm_ratio,0.739,dhs
AGO.5_1,AGO,2015,internet_women,4.8,dhs
AGO.5_1,AGO,2015,internet_men,16.9,dhs
AGO.5_1,AGO,2015,internet_fm_ratio,0.192,dhs
AGO.5_1,AGO,2015,mobile_women,40.3,dhs
AGO.5_1,AGO,2015,mobile_men,55.9,dhs
AGO.5_1,AGO,2015,mobile_fm_ratio,0.72,dhs
AGO.6_1,AGO,2015,internet_women,6.7,dhs
AGO.6_1,AGO,2015,internet_men,20,dhs
AGO.6_1,AGO,2015,internet_fm_ratio,0.3,dhs
AGO.6_1,AGO,2015,mobile_women,33,dhs
AGO.6_1,AGO,2015,mobile_men,66.1,dhs
AGO.6_1,AGO,2015,mobile_fm_ratio,0.499,dhs
AGO.7_1,AGO,2015,internet_women,6.4,dhs
AGO.7_1,AGO,2015,internet_men,15.2,dhs
AGO.7_1,AGO,2015,internet_fm_ratio,0.352,dhs
AGO.7_1,AGO,2015,mobile_women,27.2,dhs
AGO.7_1,AGO,2015,mobile_men,55.2,dhs
AGO.7_1,AGO,2015,mobile_fm_ratio,0.494,dhs
AGO.8_1,AGO,2015,internet_women,7.2,dhs
AGO.8_1,AGO,2015,internet_men,13,dhs
AGO.8_1,AGO,2015,internet_fm_ratio,0.513,dhs
AGO.8_1,AGO,2015,mobile_women,42.8,dhs
AGO.8_1,AGO,2015,mobile_men,59.7,dhs
AGO.8_1,AGO,2015,mobile_fm_ratio,0.717,dhs
AGO.9_1,AGO,2015,internet_women,12.7,dhs
AGO.9_1,AGO,2015,internet_men,28.6,dhs
AGO.9_1,AGO,2015,internet_fm_ratio,0.434,dhs
AGO.9_1,AGO,2015,mobile_women,38.6,dhs
AGO.9_1,AGO,2015,mobile_men,53.6,dhs
AGO.9_1,AGO,2015,mobile_fm_ratio,0.72,dhs
BDI.1_1,BDI,2016,internet_women,2.9,dhs
BDI.1_1,BDI,2016,internet_men,8.5,dhs
BDI.1_1,BDI,2016,internet_fm_ratio,0.284,dhs
BDI.1_1,BDI,2016,mobile_women,23.3,dhs
BDI.1_1,BDI,2016,mobile_men,46.6,dhs
BDI.1_1,BDI,2016,mobile_fm_ratio,0.501,dhs
BDI.10_1,BDI,2016,internet_women,1.7,dhs
BDI.10_1,BDI,2016,internet_men,5.4,dhs
BDI.10_1,BDI,2016,internet_fm_ratio,0.317,dhs
BDI.10_1,BDI,2016,mobile_women,12,dhs
BDI.10_1,BDI,2016,mobile_men,35.5,dhs
BDI.10_1,BDI,2016,mobile_fm_ratio,0.337,dhs
BDI.11_1,BDI,2016,internet_women,2.1,dhs
BDI.11_1,BDI,2016,internet_men,12.7,dhs
BDI.11_1,BDI,2016,internet_fm_ratio,0.152,dhs
BDI.11_1,BDI,2016,mobile_women,25.8,dhs
BDI.11_1,BDI,2016,mobile_men,55.4,dhs
BDI.11_1,BDI,2016,mobile_fm_ratio,0.466,dhs
BDI.12_1,BDI,2016,internet_women,1.5,dhs
BDI.12_1,BDI,2016,internet_men,9.2,dhs
BDI.12_1,BDI,2016,internet_fm_ratio,0.151,dhs
BDI.12_1,BDI,2016,mobile_women,20,dhs
BDI.12_1,BDI,2016,mobile_men,38,dhs
BDI.12_1,BDI,2016,mobile_fm_ratio,0.528,dhs
BDI.13_1,BDI,2016,internet_women,1.2,dhs
BDI.13_1,BDI,2016,internet_men,7,dhs
BDI.13_1,BDI,2016,internet_fm_ratio,0.158,dhs
BDI.13_1,BDI,2016,mobile_women,13.6,dhs
BDI.13_1,BDI,2016,mobile_men,33.9,dhs
BDI.13_1,BDI,2016,mobile_fm_ratio,0.402,dhs
BDI.14_1,BDI,2016,internet_women,2.2,dhs
BDI.14_1,BDI,2016,internet_men,7.2,dhs
BDI.14_1,BDI,2016,internet_fm_ratio,0.217,dhs
BDI.14_1,BDI,2016,mobile_women,27.2,dhs
BDI.14_1,BDI,2016,mobile_men,40.8,dhs
BDI.14_1,BDI,2016,mobile_fm_ratio,0.666,dhs
BDI.15_1,BDI,2016,internet_women,2,dhs
BDI.15_1,BDI,2016,internet_men,11.6,dhs
BDI.15_1,BDI,2016,internet_fm_ratio,0.137,dhs
BDI.15_1,BDI,2016,mobile_women,17.1,dhs
BDI.15_1,BDI,2016,mobile_men,39.7,dhs
BDI.15_1,BDI,2016,mobile_fm_ratio,0.43,dhs
BDI.16_1,BDI,2016,internet_women,1.7,dhs
BDI.16_1,BDI,2016,internet_men,10.7,dhs
BDI.16_1,BDI,2016,internet_fm_ratio,0.139,dhs
BDI.16_1,BDI,2016,mobile_women,22.8,dhs
BDI.16_1,BDI,2016,mobile_men,47.6,dhs
BDI.16_1,BDI,2016,mobile_fm_ratio,0.48,dhs
BDI.17_1,BDI,2016,internet_women,1.6,dhs
BDI.17_1,BDI,2016,internet_men,11,dhs
BDI.17_1,BDI,2016,internet_fm_ratio,0.139,dhs
BDI.17_1,BDI,2016,mobile_women,18.8,dhs
BDI.17_1,BDI,2016,mobile_men,47.6,dhs
BDI.17_1,BDI,2016,mobile_fm_ratio,0.396,dhs
BDI.2_1,BDI,2016,internet_women,34.4,dhs
BDI.2_1,BDI,2016,internet_men,46.3,dhs
BDI.2_1,BDI,2016,internet_fm_ratio,0.686,dhs
BDI.2_1,BDI,2016,mobile_women,65.7,dhs
BDI.2_1,BDI,2016,mobile_men,84,dhs
BDI.2_1,BDI,2016,mobile_fm_ratio,0.782,dhs
BDI.3_1,BDI,2016,internet_women,3.3,dhs
BDI.3_1,BDI,2016,internet_men,13.3,dhs
BDI.3_1,BDI,2016,internet_fm_ratio,0.215,dhs
BDI.3_1,BDI,2016,mobile_women,30.9,dhs
BDI.3_1,BDI,2016,mobile_men,59.2,dhs
BDI.3_1,BDI,2016,mobile_fm_ratio,0.523,dhs
BDI.4_1,BDI,2016,internet_women,4.6,dhs
BDI.4_1,BDI,2016,internet_men,17.3,dhs
BDI.4_1,BDI,2016,internet_fm_ratio,0.212,dhs
BDI.4_1,BDI,2016,mobile_women,26.9,dhs
BDI.4_1,BDI,2016,mobile_men,51.2,dhs
BDI.4_1,BDI,2016,mobile_fm_ratio,0.526,dhs
BDI.5_1,BDI,2016,internet_women,1.4,dhs
BDI.5_1,BDI,2016,internet_men,7.4,dhs
BDI.5_1,BDI,2016,internet_fm_ratio,0.187,dhs
BDI.5_1,BDI,2016,mobile_women,14.3,dhs
BDI.5_1,BDI,2016,mobile_men,40.1,dhs
BDI.5_1,BDI,2016,mobile_fm_ratio,0.355,dhs
BDI.6_1,BDI,2016,internet_women,1.6,dhs
BDI.6_1,BDI,2016,internet_men,14.4,dhs
BDI.6_1,BDI,2016,internet_fm_ratio,0.095,dhs
BDI.6_1,BDI,2016,mobile_women,19.2,dhs
BDI.6_1,BDI,2016,mobile_men,50.3,dhs
BDI.6_1,BDI,2016,mobile_fm_ratio,0.381,dhs
BDI.7_1,BDI,2016,internet_women,4.4,dhs
BDI.7_1,BDI,2016,internet_men,15.4,dhs
BDI.7_1,BDI,2016,internet_fm_ratio,0.266,dhs
BDI.7_1,BDI,2016,mobile_women,24.2,dhs
BDI.7_1,BDI,2016,mobile_men,45.9,dhs
BDI.7_1,BDI,2016,mobile_fm_ratio,0.526,dhs
BDI.8_1,BDI,2016,internet_women,0.7,dhs
BDI.8_1,BDI,2016,internet_men,1.5,dhs
BDI.8_1,BDI,2016,internet_fm_ratio,0.367,dhs
BDI.8_1,BDI,2016,mobile_women,9.8,dhs
BDI.8_1,BDI,2016,mobile_men,30.8,dhs
BDI.8_1,BDI,2016,mobile_fm_ratio,0.318,dhs
BDI.9_1,BDI,2016,internet_women,2.2,dhs
BDI.9_1,BDI,2016,internet_men,9.8,dhs
BDI.9_1,BDI,2016,internet_fm_ratio,0.212,dhs
BDI.9_1,BDI,2016,mobile_women,16,dhs
BDI.9_1,BDI,2016,mobile_men,36.5,dhs
BDI.9_1,BDI,2016,mobile_fm_ratio,0.44,dhs
BEN.1_1,BEN,2017,internet_women,1.9,dhs
BEN.1_1,BEN,2017,internet_men,7.3,dhs
BEN.1_1,BEN,2017,internet_fm_ratio,0.231,dhs
BEN.1_1,BEN,2017,mobile_women,34.2,dhs
BEN.1_1,BEN,2017,mobile_men,72,dhs
BEN.1_1,BEN,2017,mobile_fm_ratio,0.475,dhs
BEN.10_1,BEN,2017,internet_women,8.4,dhs
BEN.10_1,BEN,2017,internet_men,24,dhs
BEN.10_1,BEN,2017,internet_fm_ratio,0.329,dhs
BEN.10_1,BEN,2017,mobile_women,61,dhs
BEN.10_1,BEN,2017,mobile_men,80.1,dhs
BEN.10_1,BEN,2017,mobile_fm_ratio,0.761,dhs
BEN.11_1,BEN,2017,internet_women,4.5,dhs
BEN.11_1,BEN,2017,internet_men,13.8,dhs
BEN.11_1,BEN,2017,internet_fm_ratio,0.307,dhs
BEN.11_1,BEN,2017,mobile_women,55,dhs
BEN.11_1,BEN,2017,mobile_men,82.6,dhs
BEN.11_1,BEN,2017,mobile_fm_ratio,0.665,dhs
BEN.12_1,BEN,2017,internet_women,4.7,dhs
BEN.12_1,BEN,2017,internet_men,23.1,dhs
BEN.12_1,BEN,2017,internet_fm_ratio,0.19,dhs
BEN.12_1,BEN,2017,mobile_women,54.8,dhs
BEN.12_1,BEN,2017,mobile_men,80.1,dhs
BEN.12_1,BEN,2017,mobile_fm_ratio,0.684,dhs
BEN.2_1,BEN,2017,internet_women,4.4,dhs
BEN.2_1,BEN,2017,internet_men,10.5,dhs
BEN.2_1,BEN,2017,internet_fm_ratio,0.386,dhs
BEN.2_1,BEN,2017,mobile_women,34.1,dhs
BEN.2_1,BEN,2017,mobile_men,75.1,dhs
BEN.2_1,BEN,2017,mobile_fm_ratio,0.455,dhs
BEN.3_1,BEN,2017,internet_women,13.4,dhs
BEN.3_1,BEN,2017,internet_men,30.6,dhs
BEN.3_1,BEN,2017,internet_fm_ratio,0.417,dhs
BEN.3_1,BEN,2017,mobile_women,61.4,dhs
BEN.3_1,BEN,2017,mobile_men,82.2,dhs
BEN.3_1,BEN,2017,mobile_fm_ratio,0.746,dhs
BEN.4_1,BEN,2017,internet_women,6,dhs
BEN.4_1,BEN,2017,internet_men,12.7,dhs
BEN.4_1,BEN,2017,internet_fm_ratio,0.452,dhs
BEN.4_1,BEN,2017,mobile_women,47.8,dhs
BEN.4_1,BEN,2017,mobile_men,76.9,dhs
BEN.4_1,BEN,2017,mobile_fm_ratio,0.621,dhs
BEN.5_1,BEN,2017,internet_women,3.1,dhs
BEN.5_1,BEN,2017,internet_men,19.6,dhs
BEN.5_1,BEN,2017,internet_fm_ratio,0.141,dhs
BEN.5_1,BEN,2017,mobile_women,53.4,dhs
BEN.5_1,BEN,2017,mobile_men,78.9,dhs
BEN.5_1,BEN,2017,mobile_fm_ratio,0.678,dhs
BEN.6_1,BEN,2017,internet_women,3.6,dhs
BEN.6_1,BEN,2017,internet_men,15.9,dhs
BEN.6_1,BEN,2017,internet_fm_ratio,0.218,dhs
BEN.6_1,BEN,2017,mobile_women,52,dhs
BEN.6_1,BEN,2017,mobile_men,82.2,dhs
BEN.6_1,BEN,2017,mobile_fm_ratio,0.632,dhs
BEN.7_1,BEN,2017,internet_women,1.6,dhs
BEN.7_1,BEN,2017,internet_men,15,dhs
BEN.7_1,BEN,2017,internet_fm_ratio,0.091,dhs
BEN.7_1,BEN,2017,mobile_women,36.6,dhs
BEN.7_1,BEN,2017,mobile_men,83.1,dhs
BEN.7_1,BEN,2017,mobile_fm_ratio,0.44,dhs
BEN.8_1,BEN,2017,internet_women,30,dhs
BEN.8_1,BEN,2017,internet_men,65.6,dhs
BEN.8_1,BEN,2017,internet_fm_ratio,0.437,dhs
BEN.8_1,BEN,2017,mobile_women,78.6,dhs
BEN.8_1,BEN,2017,mobile_men,92.1,dhs
BEN.8_1,BEN,2017,mobile_fm_ratio,0.853,dhs
BEN.9_1,BEN,2017,internet_women,5,dhs
BEN.9_1,BEN,2017,internet_men,21.4,dhs
BEN.9_1,BEN,2017,internet_fm_ratio,0.221,dhs
BEN.9_1,BEN,2017,mobile_women,51.1,dhs
BEN.9_1,BEN,2017,mobile_men,79.7,dhs
BEN.9_1,BEN,2017,mobile_fm_ratio,0.642,dhs
BFA.1_1,BFA,2021,internet_women,7.1,dhs
BFA.1_1,BFA,2021,internet_men,20.6,dhs
BFA.1_1,BFA,2021,internet_fm_ratio,0.341,dhs
BFA.1_1,BFA,2021,mobile_women,69.6,dhs
BFA.1_1,BFA,2021,mobile_men,88.9,dhs
BFA.1_1,BFA,2021,mobile_fm_ratio,0.782,dhs
BFA.10_1,BFA,2021,internet_women,6,dhs
BFA.10_1,BFA,2021,internet_men,27.7,dhs
BFA.10_1,BFA,2021,internet_fm_ratio,0.202,dhs
BFA.10_1,BFA,2021,mobile_women,76.2,dhs
BFA.10_1,BFA,2021,mobile_men,93.4,dhs
BFA.10_1,BFA,2021,mobile_fm_ratio,0.815,dhs
BFA.11_1,BFA,2021,internet_women,11.7,dhs
BFA.11_1,BFA,2021,internet_men,41.8,dhs
BFA.11_1,BFA,2021,internet_fm_ratio,0.275,dhs
BFA.11_1,BFA,2021,mobile_women,81.3,dhs
BFA.11_1,BFA,2021,mobile_men,92.8,dhs
BFA.11_1,BFA,2021,mobile_fm_ratio,0.876,dhs
BFA.12_1,BFA,2021,internet_women,11.3,dhs
BFA.12_1,BFA,2021,internet_men,16.8,dhs
BFA.12_1,BFA,2021,internet_fm_ratio,0.635,dhs
BFA.12_1,BFA,2021,mobile_women,38.5,dhs
BFA.12_1,BFA,2021,mobile_men,74.7,dhs
BFA.12_1,BFA,2021,mobile_fm_ratio,0.515,dhs
BFA.13_1,BFA,2021,internet_women,5.7,dhs
BFA.13_1,BFA,2021,internet_men,18.8,dhs
BFA.13_1,BFA,2021,internet_fm_ratio,0.281,dhs
BFA.13_1,BFA,2021,mobile_women,54.1,dhs
BFA.13_1,BFA,2021,mobile_men,80.1,dhs
BFA.13_1,BFA,2021,mobile_fm_ratio,0.675,dhs
BFA.2_1,BFA,2021,internet_women,12.3,dhs
BFA.2_1,BFA,2021,internet_men,50.8,dhs
BFA.2_1,BFA,2021,internet_fm_ratio,0.23,dhs
BFA.2_1,BFA,2021,mobile_women,80.2,dhs
BFA.2_1,BFA,2021,mobile_men,93,dhs
BFA.2_1,BFA,2021,mobile_fm_ratio,0.863,dhs
BFA.3_1,BFA,2021,internet_women,13.6,dhs
BFA.3_1,BFA,2021,internet_men,49.8,dhs
BFA.3_1,BFA,2021,internet_fm_ratio,0.27,dhs
BFA.3_1,BFA,2021,mobile_women,76.2,dhs
BFA.3_1,BFA,2021,mobile_men,91.4,dhs
BFA.3_1,BFA,2021,mobile_fm_ratio,0.833,dhs
BFA.4_1,BFA,2021,internet_women,5.1,dhs
BFA.4_1,BFA,2021,internet_men,21.6,dhs
BFA.4_1,BFA,2021,internet_fm_ratio,0.232,dhs
BFA.4_1,BFA,2021,mobile_women,77.5,dhs
BFA.4_1,BFA,2021,mobile_men,88.2,dhs
BFA.4_1,BFA,2021,mobile_fm_ratio,0.879,dhs
BFA.5_1,BFA,2021,internet_women,7.4,dhs
BFA.5_1,BFA,2021,internet_men,29.8,dhs
BFA.5_1,BFA,2021,internet_fm_ratio,0.246,dhs
BFA.5_1,BFA,2021,mobile_women,67,dhs
BFA.5_1,BFA,2021,mobile_men,89.3,dhs
BFA.5_1,BFA,2021,mobile_fm_ratio,0.751,dhs
BFA.6_1,BFA,2021,internet_women,9,dhs
BFA.6_1,BFA,2021,internet_men,22.9,dhs
BFA.6_1,BFA,2021,internet_fm_ratio,0.37,dhs
BFA.6_1,BFA,2021,mobile_women,75.7,dhs
BFA.6_1,BFA,2021,mobile_men,88.5,dhs
BFA.6_1,BFA,2021,mobile_fm_ratio,0.855,dhs
BFA.7_1,BFA,2021,internet_women,39.2,dhs
BFA.7_1,BFA,2021,internet_men,64.8,dhs
BFA.7_1,BFA,2021,internet_fm_ratio,0.588,dhs
BFA.7_1,BFA,2021,mobile_women,89.7,dhs
BFA.7_1,BFA,2021,mobile_men,94.1,dhs
BFA.7_1,BFA,2021,mobile_fm_ratio,0.953,dhs
BFA.8_1,BFA,2021,internet_women,5.5,dhs
BFA.8_1,BFA,2021,internet_men,18.9,dhs
BFA.8_1,BFA,2021,internet_fm_ratio,0.28,dhs
BFA.8_1,BFA,2021,mobile_women,54.5,dhs
BFA.8_1,BFA,2021,mobile_men,83.4,dhs
BFA.8_1,BFA,2021,mobile_fm_ratio,0.654,dhs
BFA.9_1,BFA,2021,internet_women,22.9,dhs
BFA.9_1,BFA,2021,internet_men,49.9,dhs
BFA.9_1,BFA,2021,internet_fm_ratio,0.444,dhs
BFA.9_1,BFA,2021,mobile_women,81.2,dhs
BFA.9_1,BFA,2021,mobile_men,92.1,dhs
BFA.9_1,BFA,2021,mobile_fm_ratio,0.882,dhs
CMR.1_1,CMR,2018,internet_women,11.8,dhs
CMR.1_1,CMR,2018,internet_men,37.2,dhs
CMR.1_1,CMR,2018,internet_fm_ratio,0.309,dhs
CMR.1_1,CMR,2018,mobile_women,58.2,dhs
CMR.1_1,CMR,2018,mobile_men,81.7,dhs
CMR.1_1,CMR,2018,mobile_fm_ratio,0.712,dhs
CMR.10_1,CMR,2018,internet_women,26,dhs
CMR.10_1,CMR,2018,internet_men,34.5,dhs
CMR.10_1,CMR,2018,internet_fm_ratio,0.674,dhs
CMR.10_1,CMR,2018,mobile_women,65.2,dhs
CMR.10_1,CMR,2018,mobile_men,69.6,dhs
CMR.10_1,CMR,2018,mobile_fm_ratio,0.938,dhs
CMR.2_1,CMR,2018,internet_women,45.3,dhs
CMR.2_1,CMR,2018,internet_men,51.9,dhs
CMR.2_1,CMR,2018,internet_fm_ratio,0.789,dhs
CMR.2_1,CMR,2018,mobile_women,75.9,dhs
CMR.2_1,CMR,2018,mobile_men,82.9,dhs
CMR.2_1,CMR,2018,mobile_fm_ratio,0.915,dhs
CMR.3_1,CMR,2018,internet_women,23.6,dhs
CMR.3_1,CMR,2018,internet_men,34,dhs
CMR.3_1,CMR,2018,internet_fm_ratio,0.53,dhs
CMR.3_1,CMR,2018,mobile_women,50.9,dhs
CMR.3_1,CMR,2018,mobile_men,65.3,dhs
CMR.3_1,CMR,2018,mobile_fm_ratio,0.78,dhs
CMR.4_1,CMR,2018,internet_women,4.8,dhs
CMR.4_1,CMR,2018,internet_men,14.4,dhs
CMR.4_1,CMR,2018,internet_fm_ratio,0.322,dhs
CMR.4_1,CMR,2018,mobile_women,37.4,dhs
CMR.4_1,CMR,2018,mobile_men,61.2,dhs
CMR.4_1,CMR,2018,mobile_fm_ratio,0.611,dhs
CMR.5_1,CMR,2018,internet_women,57,dhs
CMR.5_1,CMR,2018,internet_men,62.2,dhs
CMR.5_1,CMR,2018,internet_fm_ratio,0.848,dhs
CMR.5_1,CMR,2018,mobile_women,84.8,dhs
CMR.5_1,CMR,2018,mobile_men,90.1,dhs
CMR.5_1,CMR,2018,mobile_fm_ratio,0.942,dhs
CMR.6_1,CMR,2018,internet_women,25.6,dhs
CMR.6_1,CMR,2018,internet_men,38.4,dhs
CMR.6_1,CMR,2018,internet_fm_ratio,0.644,dhs
CMR.6_1,CMR,2018,mobile_women,68.1,dhs
CMR.6_1,CMR,2018,mobile_men,78.5,dhs
CMR.6_1,CMR,2018,mobile_fm_ratio,0.867,dhs
CMR.7_1,CMR,2018,internet_women,6.8,dhs
CMR.7_1,CMR,2018,internet_men,15.6,dhs
CMR.7_1,CMR,2018,internet_fm_ratio,0.363,dhs
CMR.7_1,CMR,2018,mobile_women,37.5,dhs
CMR.7_1,CMR,2018,mobile_men,66.3,dhs
CMR.7_1,CMR,2018,mobile_fm_ratio,0.566,dhs
CMR.8_1,CMR,2018,internet_women,32.9,dhs
CMR.8_1,CMR,2018,internet_men,43.6,dhs
CMR.8_1,CMR,2018,internet_fm_ratio,0.707,dhs
CMR.8_1,CMR,2018,mobile_women,76,dhs
CMR.8_1,CMR,2018,mobile_men,84.3,dhs
CMR.8_1,CMR,2018,mobile_fm_ratio,0.901,dhs
CMR.9_1,CMR,2018,internet_women,56.9,dhs
CMR.9_1,CMR,2018,internet_men,62.5,dhs
CMR.9_1,CMR,2018,internet_fm_ratio,0.91,dhs
CMR.9_1,CMR,2018,mobile_women,85.2,dhs
CMR.9_1,CMR,2018,mobile_men,89.3,dhs
CMR.9_1,CMR,2018,mobile_fm_ratio,0.954,dhs
ETH.1_1,ETH,2016,internet_women,32.9,dhs
ETH.1_1,ETH,2016,internet_men,58.5,dhs
ETH.1_1,ETH,2016,internet_fm_ratio,0.547,dhs
ETH.1_1,ETH,2016,mobile_women,87,dhs
ETH.1_1,ETH,2016,mobile_men,94.4,dhs
ETH.1_1,ETH,2016,mobile_fm_ratio,0.922,dhs
ETH.10_1,ETH,2016,internet_women,2.5,dhs
ETH.10_1,ETH,2016,internet_men,5.8,dhs
ETH.10_1,ETH,2016,internet_fm_ratio,0.369,dhs
ETH.10_1,ETH,2016,mobile_women,20.4,dhs
ETH.10_1,ETH,2016,mobile_men,49.5,dhs
ETH.10_1,ETH,2016,mobile_fm_ratio,0.411,dhs
ETH.11_1,ETH,2016,internet_women,5.5,dhs
ETH.11_1,ETH,2016,internet_men,12.6,dhs
ETH.11_1,ETH,2016,internet_fm_ratio,0.403,dhs
ETH.11_1,ETH,2016,mobile_women,31.4,dhs
ETH.11_1,ETH,2016,mobile_men,62.3,dhs
ETH.11_1,ETH,2016,mobile_fm_ratio,0.505,dhs
ETH.2_1,ETH,2016,internet_women,2.7,dhs
ETH.2_1,ETH,2016,internet_men,16.4,dhs
ETH.2_1,ETH,2016,internet_fm_ratio,0.153,dhs
ETH.2_1,ETH,2016,mobile_women,31.3,dhs
ETH.2_1,ETH,2016,mobile_men,66,dhs
ETH.2_1,ETH,2016,mobile_fm_ratio,0.473,dhs
ETH.3_1,ETH,2016,internet_women,3.3,dhs
ETH.3_1,ETH,2016,internet_men,9.7,dhs
ETH.3_1,ETH,2016,internet_fm_ratio,0.325,dhs
ETH.3_1,ETH,2016,mobile_women,21.2,dhs
ETH.3_1,ETH,2016,mobile_men,48.4,dhs
ETH.3_1,ETH,2016,mobile_fm_ratio,0.438,dhs
ETH.4_1,ETH,2016,internet_women,2.7,dhs
ETH.4_1,ETH,2016,internet_men,10,dhs
ETH.4_1,ETH,2016,internet_fm_ratio,0.267,dhs
ETH.4_1,ETH,2016,mobile_women,25.1,dhs
ETH.4_1,ETH,2016,mobile_men,55.9,dhs
ETH.4_1,ETH,2016,mobile_fm_ratio,0.45,dhs
ETH.5_1,ETH,2016,internet_women,18.7,dhs
ETH.5_1,ETH,2016,internet_men,39,dhs
ETH.5_1,ETH,2016,internet_fm_ratio,0.472,dhs
ETH.5_1,ETH,2016,mobile_women,55.8,dhs
ETH.5_1,ETH,2016,mobile_men,75.6,dhs
ETH.5_1,ETH,2016,mobile_fm_ratio,0.738,dhs
ETH.6_1,ETH,2016,internet_women,6.6,dhs
ETH.6_1,ETH,2016,internet_men,24,dhs
ETH.6_1,ETH,2016,internet_fm_ratio,0.255,dhs
ETH.6_1,ETH,2016,mobile_women,46.1,dhs
ETH.6_1,ETH,2016,mobile_men,73.1,dhs
ETH.6_1,ETH,2016,mobile_fm_ratio,0.631,dhs
ETH.7_1,ETH,2016,internet_women,12.6,dhs
ETH.7_1,ETH,2016,internet_men,38.2,dhs
ETH.7_1,ETH,2016,internet_fm_ratio,0.314,dhs
ETH.7_1,ETH,2016,mobile_women,55.2,dhs
ETH.7_1,ETH,2016,mobile_men,77.3,dhs
ETH.7_1,ETH,2016,mobile_fm_ratio,0.714,dhs
ETH.8_1,ETH,2016,internet_women,2.8,dhs
ETH.8_1,ETH,2016,internet_men,10.2,dhs
ETH.8_1,ETH,2016,internet_fm_ratio,0.245,dhs
ETH.8_1,ETH,2016,mobile_women,23.3,dhs
ETH.8_1,ETH,2016,mobile_men,53.5,dhs
ETH.8_1,ETH,2016,mobile_fm_ratio,0.436,dhs
ETH.9_1,ETH,2016,internet_women,2.9,dhs
ETH.9_1,ETH,2016,internet_men,14.4,dhs
ETH.9_1,ETH,2016,internet_fm_ratio,0.193,dhs
ETH.9_1,ETH,2016,mobile_women,35,dhs
ETH.9_1,ETH,2016,mobile_men,70.6,dhs
ETH.9_1,ETH,2016,mobile_fm_ratio,0.496,dhs
GAB.1_1,GAB,2019,internet_women,74.1,dhs
GAB.1_1,GAB,2019,internet_men,80.2,dhs
GAB.1_1,GAB,2019,internet_fm_ratio,0.889,dhs
GAB.1_1,GAB,2019,mobile_women,90.5,dhs
GAB.1_1,GAB,2019,mobile_men,89.6,dhs
GAB.1_1,GAB,2019,mobile_fm_ratio,1.01,dhs
GAB.2_1,GAB,2019,internet_women,65.8,dhs
GAB.2_1,GAB,2019,internet_men,74.8,dhs
GAB.2_1,GAB,2019,internet_fm_ratio,0.767,dhs
GAB.2_1,GAB,2019,mobile_women,86.9,dhs
GAB.2_1,GAB,2019,mobile_men,94.1,dhs
GAB.2_1,GAB,2019,mobile_fm_ratio,0.924,dhs
GAB.3_1,GAB,2019,internet_women,55.6,dhs
GAB.3_1,GAB,2019,internet_men,57.3,dhs
GAB.3_1,GAB,2019,internet_fm_ratio,0.815,dhs
GAB.3_1,GAB,2019,mobile_women,85.1,dhs
GAB.3_1,GAB,2019,mobile_men,83.7,dhs
GAB.3_1,GAB,2019,mobile_fm_ratio,1.016,dhs
GAB.4_1,GAB,2019,internet_women,48.1,dhs
GAB.4_1,GAB,2019,internet_men,48.4,dhs
GAB.4_1,GAB,2019,internet_fm_ratio,0.852,dhs
GAB.4_1,GAB,2019,mobile_women,81.7,dhs
GAB.4_1,GAB,2019,mobile_men,83.6,dhs
GAB.4_1,GAB,2019,mobile_fm_ratio,0.977,dhs
GAB.5_1,GAB,2019,internet_women,50.6,dhs
GAB.5_1,GAB,2019,internet_men,57.9,dhs
GAB.5_1,GAB,2019,internet_fm_ratio,0.783,dhs
GAB.5_1,GAB,2019,mobile_women,77.5,dhs
GAB.5_1,GAB,2019,mobile_men,82.5,dhs
GAB.5_1,GAB,2019,mobile_fm_ratio,0.939,dhs
GAB.6_1,GAB,2019,internet_women,33.1,dhs
GAB.6_1,GAB,2019,internet_men,50.8,dhs
GAB.6_1,GAB,2019,internet_fm_ratio,0.548,dhs
GAB.6_1,GAB,2019,mobile_women,70.8,dhs
GAB.6_1,GAB,2019,mobile_men,78.3,dhs
GAB.6_1,GAB,2019,mobile_fm_ratio,0.905,dhs
GAB.7_1,GAB,2019,internet_women,49,dhs
GAB.7_1,GAB,2019,internet_men,65.5,dhs
GAB.7_1,GAB,2019,internet_fm_ratio,0.69,dhs
GAB.7_1,GAB,2019,mobile_women,83.7,dhs
GAB.7_1,GAB,2019,mobile_men,81.9,dhs
GAB.7_1,GAB,2019,mobile_fm_ratio,1.022,dhs
GAB.8_1,GAB,2019,internet_women,76.5,dhs
GAB.8_1,GAB,2019,internet_men,79.9,dhs
GAB.8_1,GAB,2019,internet_fm_ratio,0.908,dhs
GAB.8_1,GAB,2019,mobile_women,90.3,dhs
GAB.8_1,GAB,2019,mobile_men,91.4,dhs
GAB.8_1,GAB,2019,mobile_fm_ratio,0.989,dhs
GAB.9_1,GAB,2019,internet_women,60.2,dhs
GAB.9_1,GAB,2019,internet_men,62.5,dhs
GAB.9_1,GAB,2019,internet_fm_ratio,0.876,dhs
GAB.9_1,GAB,2019,mobile_women,87.5,dhs
GAB.9_1,GAB,2019,mobile_men,84.3,dhs
GAB.9_1,GAB,2019,mobile_fm_ratio,1.038,dhs
GHA1_2,GHA,2017,internet_women,16.5,dhs
GHA1_2,GHA,2017,mobile_women,63,dhs
GHA10_2,GHA,2017,internet_women,8.2,dhs
GHA10_2,GHA,2017,mobile_women,51.4,dhs
GHA11_2,GHA,2017,internet_women,6.8,dhs
GHA11_2,GHA,2017,mobile_women,39.7,dhs
GHA12_2,GHA,2017,internet_women,10.4,dhs
GHA12_2,GHA,2017,mobile_women,55.1,dhs
GHA13_2,GHA,2017,internet_women,9.1,dhs
GHA13_2,GHA,2017,mobile_women,43.1,dhs
GHA14_2,GHA,2017,internet_women,15.7,dhs
GHA14_2,GHA,2017,mobile_women,67.3,dhs
GHA15_2,GHA,2017,internet_women,26.2,dhs
GHA15_2,GHA,2017,mobile_women,72.3,dhs
GHA16_2,GHA,2017,internet_women,12,dhs
GHA16_2,GHA,2017,mobile_women,66,dhs
GHA2_2,GHA,2017,internet_women,29.6,dhs
GHA2_2,GHA,2017,mobile_women,74.9,dhs
GHA3_2,GHA,2017,internet_women,19.1,dhs
GHA3_2,GHA,2017,mobile_women,69,dhs
GHA4_2,GHA,2017,internet_women,10.9,dhs
GHA4_2,GHA,2017,mobile_women,58.7,dhs
GHA5_2,GHA,2017,internet_women,20.6,dhs
GHA5_2,GHA,2017,mobile_women,70.6,dhs
GHA6_2,GHA,2017,internet_women,21.2,dhs
GHA6_2,GHA,2017,mobile_women,72.8,dhs
GHA7_2,GHA,2017,internet_women,44.7,dhs
GHA7_2,GHA,2017,mobile_women,85.4,dhs
GHA8_2,GHA,2017,internet_women,8.7,dhs
GHA8_2,GHA,2017,mobile_women,36.9,dhs
GHA9_2,GHA,2017,internet_women,10.6,dhs
GHA9_2,GHA,2017,mobile_women,50.7,dhs
GIN.1_1,GIN,2018,internet_women,14.5,dhs
GIN.1_1,GIN,2018,internet_men,30.1,dhs
GIN.1_1,GIN,2018,internet_fm_ratio,0.457,dhs
GIN.1_1,GIN,2018,mobile_women,60.2,dhs
GIN.1_1,GIN,2018,mobile_men,86.2,dhs
GIN.1_1,GIN,2018,mobile_fm_ratio,0.699,dhs
GIN.2_1,GIN,2018,internet_women,47.5,dhs
GIN.2_1,GIN,2018,internet_men,62.5,dhs
GIN.2_1,GIN,2018,internet_fm_ratio,0.723,dhs
GIN.2_1,GIN,2018,mobile_women,90,dhs
GIN.2_1,GIN,2018,mobile_men,93,dhs
GIN.2_1,GIN,2018,mobile_fm_ratio,0.968,dhs
GIN.3_1,GIN,2018,internet_women,6,dhs
GIN.3_1,GIN,2018,internet_men,22.3,dhs
GIN.3_1,GIN,2018,internet_fm_ratio,0.231,dhs
GIN.3_1,GIN,2018,mobile_women,63.9,dhs
GIN.3_1,GIN,2018,mobile_men,85.2,dhs
GIN.3_1,GIN,2018,mobile_fm_ratio,0.75,dhs
GIN.4_1,GIN,2018,internet_women,8.9,dhs
GIN.4_1,GIN,2018,internet_men,22.2,dhs
GIN.4_1,GIN,2018,internet_fm_ratio,0.38,dhs
GIN.4_1,GIN,2018,mobile_women,68.6,dhs
GIN.4_1,GIN,2018,mobile_men,90.2,dhs
GIN.4_1,GIN,2018,mobile_fm_ratio,0.761,dhs
GIN.5_1,GIN,2018,internet_women,13.7,dhs
GIN.5_1,GIN,2018,internet_men,29.3,dhs
GIN.5_1,GIN,2018,internet_fm_ratio,0.444,dhs
GIN.5_1,GIN,2018,mobile_women,68.2,dhs
GIN.5_1,GIN,2018,mobile_men,86.3,dhs
GIN.5_1,GIN,2018,mobile_fm_ratio,0.79,dhs
GIN.6_1,GIN,2018,internet_women,13.7,dhs
GIN.6_1,GIN,2018,internet_men,36,dhs
GIN.6_1,GIN,2018,internet_fm_ratio,0.341,dhs
GIN.6_1,GIN,2018,mobile_women,63,dhs
GIN.6_1,GIN,2018,mobile_men,84.1,dhs
GIN.6_1,GIN,2018,mobile_fm_ratio,0.749,dhs
GIN.7_1,GIN,2018,internet_women,9.5,dhs
GIN.7_1,GIN,2018,internet_men,38.1,dhs
GIN.7_1,GIN,2018,internet_fm_ratio,0.228,dhs
GIN.7_1,GIN,2018,mobile_women,76.4,dhs
GIN.7_1,GIN,2018,mobile_men,86.3,dhs
GIN.7_1,GIN,2018,mobile_fm_ratio,0.886,dhs
GIN.8_1,GIN,2018,internet_women,4.2,dhs
GIN.8_1,GIN,2018,internet_men,9.8,dhs
GIN.8_1,GIN,2018,internet_fm_ratio,0.397,dhs
GIN.8_1,GIN,2018,mobile_women,55.3,dhs
GIN.8_1,GIN,2018,mobile_men,74.1,dhs
GIN.8_1,GIN,2018,mobile_fm_ratio,0.746,dhs
GMB.1_1,GMB,2019,internet_women,78.2,dhs
GMB.1_1,GMB,2019,internet_men,83.4,dhs
GMB.1_1,GMB,2019,internet_fm_ratio,0.895,dhs
GMB.1_1,GMB,2019,mobile_women,85.6,dhs
GMB.1_1,GMB,2019,mobile_men,89.4,dhs
GMB.1_1,GMB,2019,mobile_fm_ratio,0.957,dhs
GMB.2_1,GMB,2019,internet_women,50.2,dhs
GMB.2_1,GMB,2019,internet_men,56.1,dhs
GMB.2_1,GMB,2019,internet_fm_ratio,0.818,dhs
GMB.2_1,GMB,2019,mobile_women,70,dhs
GMB.2_1,GMB,2019,mobile_men,82.6,dhs
GMB.2_1,GMB,2019,mobile_fm_ratio,0.848,dhs
GMB.3_1,GMB,2019,internet_women,32.6,dhs
GMB.3_1,GMB,2019,internet_men,53.1,dhs
GMB.3_1,GMB,2019,internet_fm_ratio,0.517,dhs
GMB.3_1,GMB,2019,mobile_women,57.8,dhs
GMB.3_1,GMB,2019,mobile_men,82,dhs
GMB.3_1,GMB,2019,mobile_fm_ratio,0.705,dhs
GMB.4_1,GMB,2019,internet_women,50.6,dhs
GMB.4_1,GMB,2019,internet_men,63.6,dhs
GMB.4_1,GMB,2019,internet_fm_ratio,0.73,dhs
GMB.4_1,GMB,2019,mobile_women,71.3,dhs
GMB.4_1,GMB,2019,mobile_men,82.9,dhs
GMB.4_1,GMB,2019,mobile_fm_ratio,0.859,dhs
GMB.5_1,GMB,2019,internet_women,70.2,dhs
GMB.5_1,GMB,2019,internet_men,75.3,dhs
GMB.5_1,GMB,2019,internet_fm_ratio,0.891,dhs
GMB.5_1,GMB,2019,mobile_women,69,dhs
GMB.5_1,GMB,2019,mobile_men,85.9,dhs
GMB.5_1,GMB,2019,mobile_fm_ratio,0.803,dhs
GMB.6_1,GMB,2019,internet_women,69.5,dhs
GMB.6_1,GMB,2019,internet_men,73.6,dhs
GMB.6_1,GMB,2019,internet_fm_ratio,0.891,dhs
GMB.6_1,GMB,2019,mobile_women,78.8,dhs
GMB.6_1,GMB,2019,mobile_men,84.6,dhs
GMB.6_1,GMB,2019,mobile_fm_ratio,0.931,dhs
KEN.1_1,KEN,2022,internet_women,33.8,dhs
KEN.1_1,KEN,2022,internet_men,36.1,dhs
KEN.1_1,KEN,2022,internet_fm_ratio,0.869,dhs
KEN.1_1,KEN,2022,mobile_women,67.5,dhs
KEN.1_1,KEN,2022,mobile_men,73.2,dhs
KEN.1_1,KEN,2022,mobile_fm_ratio,0.923,dhs
KEN.10_1,KEN,2022,internet_women,67.2,dhs
KEN.10_1,KEN,2022,internet_men,68.9,dhs
KEN.10_1,KEN,2022,internet_fm_ratio,0.963,dhs
KEN.10_1,KEN,2022,mobile_women,88,dhs
KEN.10_1,KEN,2022,mobile_men,86.2,dhs
KEN.10_1,KEN,2022,mobile_fm_ratio,1.021,dhs
KEN.11_1,KEN,2022,internet_women,36.8,dhs
KEN.11_1,KEN,2022,internet_men,33.7,dhs
KEN.11_1,KEN,2022,internet_fm_ratio,1.091,dhs
KEN.11_1,KEN,2022,mobile_women,69,dhs
KEN.11_1,KEN,2022,mobile_men,64.9,dhs
KEN.11_1,KEN,2022,mobile_fm_ratio,1.063,dhs
KEN.12_1,KEN,2022,internet_women,35.3,dhs
KEN.12_1,KEN,2022,internet_men,46,dhs
KEN.12_1,KEN,2022,internet_fm_ratio,0.737,dhs
KEN.12_1,KEN,2022,mobile_women,76.4,dhs
KEN.12_1,KEN,2022,mobile_men,81.3,dhs
KEN.12_1,KEN,2022,mobile_fm_ratio,0.94,dhs
KEN.13_1,KEN,2022,internet_women,68.3,dhs
KEN.13_1,KEN,2022,internet_men,72.5,dhs
KEN.13_1,KEN,2022,internet_fm_ratio,0.902,dhs
KEN.13_1,KEN,2022,mobile_women,91,dhs
KEN.13_1,KEN,2022,mobile_men,86.7,dhs
KEN.13_1,KEN,2022,mobile_fm_ratio,1.049,dhs
KEN.14_1,KEN,2022,internet_women,26.1,dhs
KEN.14_1,KEN,2022,internet_men,49,dhs
KEN.14_1,KEN,2022,internet_fm_ratio,0.462,dhs
KEN.14_1,KEN,2022,mobile_women,64.5,dhs
KEN.14_1,KEN,2022,mobile_men,76.8,dhs
KEN.14_1,KEN,2022,mobile_fm_ratio,0.839,dhs
KEN.15_1,KEN,2022,internet_women,50.5,dhs
KEN.15_1,KEN,2022,internet_men,62.9,dhs
KEN.15_1,KEN,2022,internet_fm_ratio,0.78,dhs
KEN.15_1,KEN,2022,mobile_women,85.3,dhs
KEN.15_1,KEN,2022,mobile_men,87.6,dhs
KEN.15_1,KEN,2022,mobile_fm_ratio,0.975,dhs
KEN.16_1,KEN,2022,internet_women,33.6,dhs
KEN.16_1,KEN,2022,internet_men,48.4,dhs
KEN.16_1,KEN,2022,internet_fm_ratio,0.675,dhs
KEN.16_1,KEN,2022,mobile_women,73.6,dhs
KEN.16_1,KEN,2022,mobile_men,75.8,dhs
KEN.16_1,KEN,2022,mobile_fm_ratio,0.971,dhs
KEN.17_1,KEN,2022,internet_women,36.6,dhs
KEN.17_1,KEN,2022,internet_men,45.8,dhs
KEN.17_1,KEN,2022,internet_fm_ratio,0.707,dhs
KEN.17_1,KEN,2022,mobile_women,71.7,dhs
KEN.17_1,KEN,2022,mobile_men,77.9,dhs
KEN.17_1,KEN,2022,mobile_fm_ratio,0.921,dhs
KEN.18_1,KEN,2022,internet_women,27.5,dhs
KEN.18_1,KEN,2022,internet_men,34.7,dhs
KEN.18_1,KEN,2022,internet_fm_ratio,0.691,dhs
KEN.18_1,KEN,2022,mobile_women,73.9,dhs
KEN.18_1,KEN,2022,mobile_men,77.7,dhs
KEN.18_1,KEN,2022,mobile_fm_ratio,0.951,dhs
KEN.19_1,KEN,2022,internet_women,27.1,dhs
KEN.19_1,KEN,2022,internet_men,52.2,dhs
KEN.19_1,KEN,2022,internet_fm_ratio,0.494,dhs
KEN.19_1,KEN,2022,mobile_women,63.8,dhs
KEN.19_1,KEN,2022,mobile_men,76.2,dhs
KEN.19_1,KEN,2022,mobile_fm_ratio,0.837,dhs
KEN.2_1,KEN,2022,internet_women,22.7,dhs
KEN.2_1,KEN,2022,internet_men,18.3,dhs
KEN.2_1,KEN,2022,internet_fm_ratio,1.216,dhs
KEN.2_1,KEN,2022,mobile_women,65.1,dhs
KEN.2_1,KEN,2022,mobile_men,74.9,dhs
KEN.2_1,KEN,2022,mobile_fm_ratio,0.868,dhs
KEN.20_1,KEN,2022,internet_women,44,dhs
KEN.20_1,KEN,2022,internet_men,65,dhs
KEN.20_1,KEN,2022,internet_fm_ratio,0.63,dhs
KEN.20_1,KEN,2022,mobile_women,77.8,dhs
KEN.20_1,KEN,2022,mobile_men,85.1,dhs
KEN.20_1,KEN,2022,mobile_fm_ratio,0.914,dhs
KEN.21_1,KEN,2022,internet_women,36.9,dhs
KEN.21_1,KEN,2022,internet_men,60.6,dhs
KEN.21_1,KEN,2022,internet_fm_ratio,0.595,dhs
KEN.21_1,KEN,2022,mobile_women,67.2,dhs
KEN.21_1,KEN,2022,mobile_men,84.8,dhs
KEN.21_1,KEN,2022,mobile_fm_ratio,0.793,dhs
KEN.22_1,KEN,2022,internet_women,59.2,dhs
KEN.22_1,KEN,2022,internet_men,44.7,dhs
KEN.22_1,KEN,2022,internet_fm_ratio,1.315,dhs
KEN.22_1,KEN,2022,mobile_women,85.5,dhs
KEN.22_1,KEN,2022,mobile_men,77.1,dhs
KEN.22_1,KEN,2022,mobile_fm_ratio,1.109,dhs
KEN.23_1,KEN,2022,internet_women,36.9,dhs
KEN.23_1,KEN,2022,internet_men,36.8,dhs
KEN.23_1,KEN,2022,internet_fm_ratio,0.986,dhs
KEN.23_1,KEN,2022,mobile_women,73.2,dhs
KEN.23_1,KEN,2022,mobile_men,78.9,dhs
KEN.23_1,KEN,2022,mobile_fm_ratio,0.928,dhs
KEN.24_1,KEN,2022,internet_women,10.1,dhs
KEN.24_1,KEN,2022,internet_men,32.9,dhs
KEN.24_1,KEN,2022,internet_fm_ratio,0.307,dhs
KEN.24_1,KEN,2022,mobile_women,76.9,dhs
KEN.24_1,KEN,2022,mobile_men,78.8,dhs
KEN.24_1,KEN,2022,mobile_fm_ratio,0.975,dhs
KEN.25_1,KEN,2022,internet_women,11.2,dhs
KEN.25_1,KEN,2022,internet_men,38.5,dhs
KEN.25_1,KEN,2022,internet_fm_ratio,0.268,dhs
KEN.25_1,KEN,2022,mobile_women,73.3,dhs
KEN.25_1,KEN,2022,mobile_men,81.4,dhs
KEN.25_1,KEN,2022,mobile_fm_ratio,0.901,dhs
KEN.26_1,KEN,2022,internet_women,45.5,dhs
KEN.26_1,KEN,2022,internet_men,37.3,dhs
KEN.26_1,KEN,2022,internet_fm_ratio,0.986,dhs
KEN.26_1,KEN,2022,mobile_women,74.1,dhs
KEN.26_1,KEN,2022,mobile_men,80.7,dhs
KEN.26_1,KEN,2022,mobile_fm_ratio,0.918,dhs
KEN.27_1,KEN,2022,internet_women,24.4,dhs
KEN.27_1,KEN,2022,internet_men,46.8,dhs
KEN.27_1,KEN,2022,internet_fm_ratio,0.457,dhs
KEN.27_1,KEN,2022,mobile_women,59.7,dhs
KEN.27_1,KEN,2022,mobile_men,72.1,dhs
KEN.27_1,KEN,2022,mobile_fm_ratio,0.828,dhs
KEN.28_1,KEN,2022,internet_women,58.4,dhs
KEN.28_1,KEN,2022,internet_men,76.1,dhs
KEN.28_1,KEN,2022,internet_fm_ratio,0.751,dhs
KEN.28_1,KEN,2022,mobile_women,83.2,dhs
KEN.28_1,KEN,2022,mobile_men,88.9,dhs
KEN.28_1,KEN,2022,mobile_fm_ratio,0.936,dhs
KEN.29_1,KEN,2022,internet_women,46.6,dhs
KEN.29_1,KEN,2022,internet_men,54.5,dhs
KEN.29_1,KEN,2022,internet_fm_ratio,0.775,dhs
KEN.29_1,KEN,2022,mobile_women,82,dhs
KEN.29_1,KEN,2022,mobile_men,81.6,dhs
KEN.29_1,KEN,2022,mobile_fm_ratio,1.005,dhs
KEN.3_1,KEN,2022,internet_women,36.4,dhs
KEN.3_1,KEN,2022,internet_men,43.8,dhs
KEN.3_1,KEN,2022,internet_fm_ratio,0.74,dhs
KEN.3_1,KEN,2022,mobile_women,63.7,dhs
KEN.3_1,KEN,2022,mobile_men,66.2,dhs
KEN.3_1,KEN,2022,mobile_fm_ratio,0.961,dhs
KEN.30_1,KEN,2022,internet_women,79,dhs
KEN.30_1,KEN,2022,internet_men,89.7,dhs
KEN.30_1,KEN,2022,internet_fm_ratio,0.873,dhs
KEN.30_1,KEN,2022,mobile_women,92,dhs
KEN.30_1,KEN,2022,mobile_men,94.6,dhs
KEN.30_1,KEN,2022,mobile_fm_ratio,0.972,dhs
KEN.31_1,KEN,2022,internet_women,60.5,dhs
KEN.31_1,KEN,2022,internet_men,69,dhs
KEN.31_1,KEN,2022,internet_fm_ratio,0.824,dhs
KEN.31_1,KEN,2022,mobile_women,80.3,dhs
KEN.31_1,KEN,2022,mobile_men,75.1,dhs
KEN.31_1,KEN,2022,mobile_fm_ratio,1.069,dhs
KEN.32_1,KEN,2022,internet_women,39.6,dhs
KEN.32_1,KEN,2022,internet_men,47.9,dhs
KEN.32_1,KEN,2022,internet_fm_ratio,0.691,dhs
KEN.32_1,KEN,2022,mobile_women,73.9,dhs
KEN.32_1,KEN,2022,mobile_men,80.2,dhs
KEN.32_1,KEN,2022,mobile_fm_ratio,0.921,dhs
KEN.33_1,KEN,2022,internet_women,29.7,dhs
KEN.33_1,KEN,2022,internet_men,50.5,dhs
KEN.33_1,KEN,2022,internet_fm_ratio,0.536,dhs
KEN.33_1,KEN,2022,mobile_women,67.1,dhs
KEN.33_1,KEN,2022,mobile_men,84.9,dhs
KEN.33_1,KEN,2022,mobile_fm_ratio,0.791,dhs
KEN.34_1,KEN,2022,internet_women,25.9,dhs
KEN.34_1,KEN,2022,internet_men,34.3,dhs
KEN.34_1,KEN,2022,internet_fm_ratio,0.712,dhs
KEN.34_1,KEN,2022,mobile_women,73.5,dhs
KEN.34_1,KEN,2022,mobile_men,69.2,dhs
KEN.34_1,KEN,2022,mobile_fm_ratio,1.062,dhs
KEN.35_1,KEN,2022,internet_women,47.1,dhs
KEN.35_1,KEN,2022,internet_men,52.2,dhs
KEN.35_1,KEN,2022,internet_fm_ratio,0.821,dhs
KEN.35_1,KEN,2022,mobile_women,82.3,dhs
KEN.35_1,KEN,2022,mobile_men,79.7,dhs
KEN.35_1,KEN,2022,mobile_fm_ratio,1.033,dhs
KEN.36_1,KEN,2022,internet_women,64.1,dhs
KEN.36_1,KEN,2022,internet_men,64.4,dhs
KEN.36_1,KEN,2022,internet_fm_ratio,0.89,dhs
KEN.36_1,KEN,2022,mobile_women,89.8,dhs
KEN.36_1,KEN,2022,mobile_men,90.5,dhs
KEN.36_1,KEN,2022,mobile_fm_ratio,0.992,dhs
KEN.37_1,KEN,2022,internet_women,22.6,dhs
KEN.37_1,KEN,2022,internet_men,52.5,dhs
KEN.37_1,KEN,2022,internet_fm_ratio,0.403,dhs
KEN.37_1,KEN,2022,mobile_women,66.5,dhs
KEN.37_1,KEN,2022,mobile_men,83.5,dhs
KEN.37_1,KEN,2022,mobile_fm_ratio,0.796,dhs
KEN.38_1,KEN,2022,internet_women,34.3,dhs
KEN.38_1,KEN,2022,internet_men,41.6,dhs
KEN.38_1,KEN,2022,internet_fm_ratio,0.742,dhs
KEN.38_1,KEN,2022,mobile_women,70.7,dhs
KEN.38_1,KEN,2022,mobile_men,65.2,dhs
KEN.38_1,KEN,2022,mobile_fm_ratio,1.085,dhs
KEN.39_1,KEN,2022,internet_women,53.3,dhs
KEN.39_1,KEN,2022,internet_men,67.3,dhs
KEN.39_1,KEN,2022,internet_fm_ratio,0.762,dhs
KEN.39_1,KEN,2022,mobile_women,87,dhs
KEN.39_1,KEN,2022,mobile_men,81.7,dhs
KEN.39_1,KEN,2022,mobile_fm_ratio,1.065,dhs
KEN.4_1,KEN,2022,internet_women,26.7,dhs
KEN.4_1,KEN,2022,internet_men,38.7,dhs
KEN.4_1,KEN,2022,internet_fm_ratio,0.57,dhs
KEN.4_1,KEN,2022,mobile_women,65,dhs
KEN.4_1,KEN,2022,mobile_men,66.2,dhs
KEN.4_1,KEN,2022,mobile_fm_ratio,0.981,dhs
KEN.40_1,KEN,2022,internet_women,13.8,dhs
KEN.40_1,KEN,2022,internet_men,21.8,dhs
KEN.40_1,KEN,2022,internet_fm_ratio,0.409,dhs
KEN.40_1,KEN,2022,mobile_women,59.5,dhs
KEN.40_1,KEN,2022,mobile_men,76.3,dhs
KEN.40_1,KEN,2022,mobile_fm_ratio,0.781,dhs
KEN.41_1,KEN,2022,internet_women,42.8,dhs
KEN.41_1,KEN,2022,internet_men,44.4,dhs
KEN.41_1,KEN,2022,internet_fm_ratio,0.911,dhs
KEN.41_1,KEN,2022,mobile_women,85.5,dhs
KEN.41_1,KEN,2022,mobile_men,79.5,dhs
KEN.41_1,KEN,2022,mobile_fm_ratio,1.076,dhs
KEN.42_1,KEN,2022,internet_women,48.2,dhs
KEN.42_1,KEN,2022,internet_men,54.9,dhs
KEN.42_1,KEN,2022,internet_fm_ratio,0.874,dhs
KEN.42_1,KEN,2022,mobile_women,73.3,dhs
KEN.42_1,KEN,2022,mobile_men,72.9,dhs
KEN.42_1,KEN,2022,mobile_fm_ratio,1.004,dhs
KEN.43_1,KEN,2022,internet_women,14.1,dhs
KEN.43_1,KEN,2022,internet_men,19,dhs
KEN.43_1,KEN,2022,internet_fm_ratio,0.743,dhs
KEN.43_1,KEN,2022,mobile_women,49.9,dhs
KEN.43_1,KEN,2022,mobile_men,66.2,dhs
KEN.43_1,KEN,2022,mobile_fm_ratio,0.755,dhs
KEN.44_1,KEN,2022,internet_women,64.9,dhs
KEN.44_1,KEN,2022,internet_men,76.5,dhs
KEN.44_1,KEN,2022,internet_fm_ratio,0.805,dhs
KEN.44_1,KEN,2022,mobile_women,85.9,dhs
KEN.44_1,KEN,2022,mobile_men,85.3,dhs
KEN.44_1,KEN,2022,mobile_fm_ratio,1.006,dhs
KEN.45_1,KEN,2022,internet_women,37,dhs
KEN.45_1,KEN,2022,internet_men,42.9,dhs
KEN.45_1,KEN,2022,internet_fm_ratio,0.748,dhs
KEN.45_1,KEN,2022,mobile_women,65.3,dhs
KEN.45_1,KEN,2022,mobile_men,65.7,dhs
KEN.45_1,KEN,2022,mobile_fm_ratio,0.995,dhs
KEN.46_1,KEN,2022,internet_women,23.2,dhs
KEN.46_1,KEN,2022,internet_men,51.7,dhs
KEN.46_1,KEN,2022,internet_fm_ratio,0.4,dhs
KEN.46_1,KEN,2022,mobile_women,70.3,dhs
KEN.46_1,KEN,2022,mobile_men,78.2,dhs
KEN.46_1,KEN,2022,mobile_fm_ratio,0.898,dhs
KEN.47_1,KEN,2022,internet_women,17.3,dhs
KEN.47_1,KEN,2022,internet_men,39.9,dhs
KEN.47_1,KEN,2022,internet_fm_ratio,0.378,dhs
KEN.47_1,KEN,2022,mobile_women,52.8,dhs
KEN.47_1,KEN,2022,mobile_men,77.5,dhs
KEN.47_1,KEN,2022,mobile_fm_ratio,0.681,dhs
KEN.5_1,KEN,2022,internet_women,32.3,dhs
KEN.5_1,KEN,2022,internet_men,55.6,dhs
KEN.5_1,KEN,2022,internet_fm_ratio,0.566,dhs
KEN.5_1,KEN,2022,mobile_women,72.7,dhs
KEN.5_1,KEN,2022,mobile_men,76.4,dhs
KEN.5_1,KEN,2022,mobile_fm_ratio,0.951,dhs
KEN.6_1,KEN,2022,internet_women,35,dhs
KEN.6_1,KEN,2022,internet_men,44,dhs
KEN.6_1,KEN,2022,internet_fm_ratio,0.57,dhs
KEN.6_1,KEN,2022,mobile_women,86.8,dhs
KEN.6_1,KEN,2022,mobile_men,83.9,dhs
KEN.6_1,KEN,2022,mobile_fm_ratio,1.034,dhs
KEN.7_1,KEN,2022,internet_women,34.4,dhs
KEN.7_1,KEN,2022,internet_men,51.3,dhs
KEN.7_1,KEN,2022,internet_fm_ratio,0.672,dhs
KEN.7_1,KEN,2022,mobile_women,75.4,dhs
KEN.7_1,KEN,2022,mobile_men,88.4,dhs
KEN.7_1,KEN,2022,mobile_fm_ratio,0.853,dhs
KEN.8_1,KEN,2022,internet_women,35.5,dhs
KEN.8_1,KEN,2022,internet_men,42.5,dhs
KEN.8_1,KEN,2022,internet_fm_ratio,0.715,dhs
KEN.8_1,KEN,2022,mobile_women,72,dhs
KEN.8_1,KEN,2022,mobile_men,76.8,dhs
KEN.8_1,KEN,2022,mobile_fm_ratio,0.938,dhs
KEN.9_1,KEN,2022,internet_women,35.5,dhs
KEN.9_1,KEN,2022,internet_men,69.6,dhs
KEN.9_1,KEN,2022,internet_fm_ratio,0.472,dhs
KEN.9_1,KEN,2022,mobile_women,79.4,dhs
KEN.9_1,KEN,2022,mobile_men,89.8,dhs
KEN.9_1,KEN,2022,mobile_fm_ratio,0.884,dhs
LBR.1_1,LBR,2019,internet_women,14.1,dhs
LBR.1_1,LBR,2019,internet_men,13.1,dhs
LBR.1_1,LBR,2019,internet_fm_ratio,1.035,dhs
LBR.1_1,LBR,2019,mobile_women,37.9,dhs
LBR.1_1,LBR,2019,mobile_men,49.7,dhs
LBR.1_1,LBR,2019,mobile_fm_ratio,0.764,dhs
LBR.10_1,LBR,2019,internet_women,23.3,dhs
LBR.10_1,LBR,2019,internet_men,27.3,dhs
LBR.10_1,LBR,2019,internet_fm_ratio,0.669,dhs
LBR.10_1,LBR,2019,mobile_women,46.2,dhs
LBR.10_1,LBR,2019,mobile_men,56.4,dhs
LBR.10_1,LBR,2019,mobile_fm_ratio,0.82,dhs
LBR.11_1,LBR,2019,internet_women,47.5,dhs
LBR.11_1,LBR,2019,internet_men,63.5,dhs
LBR.11_1,LBR,2019,internet_fm_ratio,0.662,dhs
LBR.11_1,LBR,2019,mobile_women,67.4,dhs
LBR.11_1,LBR,2019,mobile_men,77.7,dhs
LBR.11_1,LBR,2019,mobile_fm_ratio,0.867,dhs
LBR.12_1,LBR,2019,internet_women,8.7,dhs
LBR.12_1,LBR,2019,internet_men,9.7,dhs
LBR.12_1,LBR,2019,internet_fm_ratio,0.486,dhs
LBR.12_1,LBR,2019,mobile_women,22.7,dhs
LBR.12_1,LBR,2019,mobile_men,48,dhs
LBR.12_1,LBR,2019,mobile_fm_ratio,0.473,dhs
LBR.13_1,LBR,2019,internet_women,7.3,dhs
LBR.13_1,LBR,2019,internet_men,10.1,dhs
LBR.13_1,LBR,2019,internet_fm_ratio,0.37,dhs
LBR.13_1,LBR,2019,mobile_women,25.6,dhs
LBR.13_1,LBR,2019,mobile_men,38.4,dhs
LBR.13_1,LBR,2019,mobile_fm_ratio,0.668,dhs
LBR.14_1,LBR,2019,internet_women,10.3,dhs
LBR.14_1,LBR,2019,internet_men,16.3,dhs
LBR.14_1,LBR,2019,internet_fm_ratio,0.449,dhs
LBR.14_1,LBR,2019,mobile_women,40,dhs
LBR.14_1,LBR,2019,mobile_men,47.4,dhs
LBR.14_1,LBR,2019,mobile_fm_ratio,0.844,dhs
LBR.15_1,LBR,2019,internet_women,16.2,dhs
LBR.15_1,LBR,2019,internet_men,28,dhs
LBR.15_1,LBR,2019,internet_fm_ratio,0.446,dhs
LBR.15_1,LBR,2019,mobile_women,41.4,dhs
LBR.15_1,LBR,2019,mobile_men,50.7,dhs
LBR.15_1,LBR,2019,mobile_fm_ratio,0.817,dhs
LBR.2_1,LBR,2019,internet_women,13.2,dhs
LBR.2_1,LBR,2019,internet_men,19.3,dhs
LBR.2_1,LBR,2019,internet_fm_ratio,0.645,dhs
LBR.2_1,LBR,2019,mobile_women,36.7,dhs
LBR.2_1,LBR,2019,mobile_men,47.6,dhs
LBR.2_1,LBR,2019,mobile_fm_ratio,0.771,dhs
LBR.3_1,LBR,2019,internet_women,6.1,dhs
LBR.3_1,LBR,2019,internet_men,9.8,dhs
LBR.3_1,LBR,2019,internet_fm_ratio,0.406,dhs
LBR.3_1,LBR,2019,mobile_women,15.8,dhs
LBR.3_1,LBR,2019,mobile_men,38.7,dhs
LBR.3_1,LBR,2019,mobile_fm_ratio,0.408,dhs
LBR.4_1,LBR,2019,internet_women,11.1,dhs
LBR.4_1,LBR,2019,internet_men,11.5,dhs
LBR.4_1,LBR,2019,internet_fm_ratio,0.567,dhs
LBR.4_1,LBR,2019,mobile_women,38.4,dhs
LBR.4_1,LBR,2019,mobile_men,46.4,dhs
LBR.4_1,LBR,2019,mobile_fm_ratio,0.827,dhs
LBR.5_1,LBR,2019,internet_women,13.7,dhs
LBR.5_1,LBR,2019,internet_men,23.7,dhs
LBR.5_1,LBR,2019,internet_fm_ratio,0.479,dhs
LBR.5_1,LBR,2019,mobile_women,35.8,dhs
LBR.5_1,LBR,2019,mobile_men,50.8,dhs
LBR.5_1,LBR,2019,mobile_fm_ratio,0.705,dhs
LBR.6_1,LBR,2019,internet_women,23.1,dhs
LBR.6_1,LBR,2019,internet_men,19.4,dhs
LBR.6_1,LBR,2019,internet_fm_ratio,0.914,dhs
LBR.6_1,LBR,2019,mobile_women,46.1,dhs
LBR.6_1,LBR,2019,mobile_men,52.5,dhs
LBR.6_1,LBR,2019,mobile_fm_ratio,0.877,dhs
LBR.7_1,LBR,2019,internet_women,7.5,dhs
LBR.7_1,LBR,2019,internet_men,14.9,dhs
LBR.7_1,LBR,2019,internet_fm_ratio,0.415,dhs
LBR.7_1,LBR,2019,mobile_women,33.4,dhs
LBR.7_1,LBR,2019,mobile_men,47,dhs
LBR.7_1,LBR,2019,mobile_fm_ratio,0.71,dhs
LBR.8_1,LBR,2019,internet_women,6.9,dhs
LBR.8_1,LBR,2019,internet_men,13.3,dhs
LBR.8_1,LBR,2019,internet_fm_ratio,0.378,dhs
LBR.8_1,LBR,2019,mobile_women,24.4,dhs
LBR.8_1,LBR,2019,mobile_men,45.6,dhs
LBR.8_1,LBR,2019,mobile_fm_ratio,0.535,dhs
LBR.9_1,LBR,2019,internet_women,19.1,dhs
LBR.9_1,LBR,2019,internet_men,42.2,dhs
LBR.9_1,LBR,2019,internet_fm_ratio,0.371,dhs
LBR.9_1,LBR,2019,mobile_women,44.7,dhs
LBR.9_1,LBR,2019,mobile_men,60.2,dhs
LBR.9_1,LBR,2019,mobile_fm_ratio,0.742,dhs
MDG.1_1,MDG,2021,internet_women,22.4,dhs
MDG.1_1,MDG,2021,internet_men,27.2,dhs
MDG.1_1,MDG,2021,internet_fm_ratio,0.746,dhs
MDG.1_1,MDG,2021,mobile_women,40.3,dhs
MDG.1_1,MDG,2021,mobile_men,53.4,dhs
MDG.1_1,MDG,2021,mobile_fm_ratio,0.755,dhs
MDG.2_1,MDG,2021,internet_women,20.5,dhs
MDG.2_1,MDG,2021,internet_men,20.9,dhs
MDG.2_1,MDG,2021,internet_fm_ratio,0.921,dhs
MDG.2_1,MDG,2021,mobile_women,53.4,dhs
MDG.2_1,MDG,2021,mobile_men,56,dhs
MDG.2_1,MDG,2021,mobile_fm_ratio,0.953,dhs
MDG.3_1,MDG,2021,internet_women,8.8,dhs
MDG.3_1,MDG,2021,internet_men,9.4,dhs
MDG.3_1,MDG,2021,internet_fm_ratio,0.854,dhs
MDG.3_1,MDG,2021,mobile_women,24.4,dhs
MDG.3_1,MDG,2021,mobile_men,37.9,dhs
MDG.3_1,MDG,2021,mobile_fm_ratio,0.642,dhs
MDG.4_1,MDG,2021,internet_women,9.5,dhs
MDG.4_1,MDG,2021,internet_men,10.7,dhs
MDG.4_1,MDG,2021,internet_fm_ratio,0.757,dhs
MDG.4_1,MDG,2021,mobile_women,33,dhs
MDG.4_1,MDG,2021,mobile_men,45.3,dhs
MDG.4_1,MDG,2021,mobile_fm_ratio,0.727,dhs
MDG.5_1,MDG,2021,internet_women,16.6,dhs
MDG.5_1,MDG,2021,internet_men,19.6,dhs
MDG.5_1,MDG,2021,internet_fm_ratio,0.721,dhs
MDG.5_1,MDG,2021,mobile_women,37.3,dhs
MDG.5_1,MDG,2021,mobile_men,49.8,dhs
MDG.5_1,MDG,2021,mobile_fm_ratio,0.75,dhs
MDG.6_1,MDG,2021,internet_women,8.1,dhs
MDG.6_1,MDG,2021,internet_men,10.8,dhs
MDG.6_1,MDG,2021,internet_fm_ratio,0.685,dhs
MDG.6_1,MDG,2021,mobile_women,24.7,dhs
MDG.6_1,MDG,2021,mobile_men,37.5,dhs
MDG.6_1,MDG,2021,mobile_fm_ratio,0.66,dhs
MLI.1_1,MLI,2018,internet_women,44.5,dhs
MLI.1_1,MLI,2018,internet_men,83.1,dhs
MLI.1_1,MLI,2018,internet_fm_ratio,0.519,dhs
MLI.1_1,MLI,2018,mobile_women,87,dhs
MLI.1_1,MLI,2018,mobile_men,96.9,dhs
MLI.1_1,MLI,2018,mobile_fm_ratio,0.898,dhs
MLI.2_1,MLI,2018,internet_women,5.7,dhs
MLI.2_1,MLI,2018,internet_men,17,dhs
MLI.2_1,MLI,2018,internet_fm_ratio,0.317,dhs
MLI.2_1,MLI,2018,mobile_women,44.2,dhs
MLI.2_1,MLI,2018,mobile_men,63.3,dhs
MLI.2_1,MLI,2018,mobile_fm_ratio,0.698,dhs
MLI.3_1,MLI,2018,internet_women,15.7,dhs
MLI.3_1,MLI,2018,internet_men,44.4,dhs
MLI.3_1,MLI,2018,internet_fm_ratio,0.339,dhs
MLI.3_1,MLI,2018,mobile_women,51.1,dhs
MLI.3_1,MLI,2018,mobile_men,84.6,dhs
MLI.3_1,MLI,2018,mobile_fm_ratio,0.605,dhs
MLI.4_1,MLI,2018,internet_women,15.3,dhs
MLI.4_1,MLI,2018,internet_men,20.3,dhs
MLI.4_1,MLI,2018,internet_fm_ratio,0.508,dhs
MLI.4_1,MLI,2018,mobile_women,38.1,dhs
MLI.4_1,MLI,2018,mobile_men,35.9,dhs
MLI.4_1,MLI,2018,mobile_fm_ratio,1.061,dhs
MLI.5_1,MLI,2018,internet_women,13.7,dhs
MLI.5_1,MLI,2018,internet_men,34.2,dhs
MLI.5_1,MLI,2018,internet_fm_ratio,0.369,dhs
MLI.5_1,MLI,2018,mobile_women,59.9,dhs
MLI.5_1,MLI,2018,mobile_men,84.9,dhs
MLI.5_1,MLI,2018,mobile_fm_ratio,0.705,dhs
MLI.6_1,MLI,2018,internet_women,4.3,dhs
MLI.6_1,MLI,2018,internet_men,18.2,dhs
MLI.6_1,MLI,2018,internet_fm_ratio,0.216,dhs
MLI.6_1,MLI,2018,mobile_women,49.5,dhs
MLI.6_1,MLI,2018,mobile_men,87.1,dhs
MLI.6_1,MLI,2018,mobile_fm_ratio,0.568,dhs
MLI.7_1,MLI,2018,internet_women,7.5,dhs
MLI.7_1,MLI,2018,internet_men,21.1,dhs
MLI.7_1,MLI,2018,internet_fm_ratio,0.35,dhs
MLI.7_1,MLI,2018,mobile_women,48,dhs
MLI.7_1,MLI,2018,mobile_men,87.2,dhs
MLI.7_1,MLI,2018,mobile_fm_ratio,0.55,dhs
MLI.8_1,MLI,2018,internet_women,4.3,dhs
MLI.8_1,MLI,2018,internet_men,16.6,dhs
MLI.8_1,MLI,2018,internet_fm_ratio,0.221,dhs
MLI.8_1,MLI,2018,mobile_women,50.9,dhs
MLI.8_1,MLI,2018,mobile_men,88.7,dhs
MLI.8_1,MLI,2018,mobile_fm_ratio,0.573,dhs
MLI.9_1,MLI,2018,internet_women,8.9,dhs
MLI.9_1,MLI,2018,internet_men,23.8,dhs
MLI.9_1,MLI,2018,internet_fm_ratio,0.358,dhs
MLI.9_1,MLI,2018,mobile_women,55.4,dhs
MLI.9_1,MLI,2018,mobile_men,79.3,dhs
MLI.9_1,MLI,2018,mobile_fm_ratio,0.699,dhs
MRT.1_1,MRT,2020,internet_women,43.1,dhs
MRT.1_1,MRT,2020,internet_men,38.1,dhs
MRT.1_1,MRT,2020,internet_fm_ratio,1.037,dhs
MRT.1_1,MRT,2020,mobile_women,84.3,dhs
MRT.1_1,MRT,2020,mobile_men,90.5,dhs
MRT.1_1,MRT,2020,mobile_fm_ratio,0.932,dhs
MRT.10_1,MRT,2020,internet_women,63.1,dhs
MRT.10_1,MRT,2020,internet_men,63.1,dhs
MRT.10_1,MRT,2020,internet_fm_ratio,0.913,dhs
MRT.10_1,MRT,2020,mobile_women,87.9,dhs
MRT.10_1,MRT,2020,mobile_men,90.1,dhs
MRT.10_1,MRT,2020,mobile_fm_ratio,0.975,dhs
MRT.11_1,MRT,2020,internet_women,21.5,dhs
MRT.11_1,MRT,2020,internet_men,33.8,dhs
MRT.11_1,MRT,2020,internet_fm_ratio,0.57,dhs
MRT.11_1,MRT,2020,mobile_women,73.1,dhs
MRT.11_1,MRT,2020,mobile_men,78.3,dhs
MRT.11_1,MRT,2020,mobile_fm_ratio,0.935,dhs
MRT.12_1,MRT,2020,internet_women,65.5,dhs
MRT.12_1,MRT,2020,internet_men,57.6,dhs
MRT.12_1,MRT,2020,internet_fm_ratio,1.078,dhs
MRT.12_1,MRT,2020,mobile_women,89.9,dhs
MRT.12_1,MRT,2020,mobile_men,91.2,dhs
MRT.12_1,MRT,2020,mobile_fm_ratio,0.987,dhs
MRT.13_1,MRT,2020,internet_women,39.3,dhs
MRT.13_1,MRT,2020,internet_men,46.9,dhs
MRT.13_1,MRT,2020,internet_fm_ratio,0.831,dhs
MRT.13_1,MRT,2020,mobile_women,85.4,dhs
MRT.13_1,MRT,2020,mobile_men,80.5,dhs
MRT.13_1,MRT,2020,mobile_fm_ratio,1.061,dhs
MRT.2_1,MRT,2020,internet_women,23.5,dhs
MRT.2_1,MRT,2020,internet_men,26.4,dhs
MRT.2_1,MRT,2020,internet_fm_ratio,0.829,dhs
MRT.2_1,MRT,2020,mobile_women,70.7,dhs
MRT.2_1,MRT,2020,mobile_men,70.1,dhs
MRT.2_1,MRT,2020,mobile_fm_ratio,1.009,dhs
MRT.3_1,MRT,2020,internet_women,23.6,dhs
MRT.3_1,MRT,2020,internet_men,29.6,dhs
MRT.3_1,MRT,2020,internet_fm_ratio,0.632,dhs
MRT.3_1,MRT,2020,mobile_women,63.8,dhs
MRT.3_1,MRT,2020,mobile_men,88.7,dhs
MRT.3_1,MRT,2020,mobile_fm_ratio,0.719,dhs
MRT.4_1,MRT,2020,internet_women,56,dhs
MRT.4_1,MRT,2020,internet_men,37.3,dhs
MRT.4_1,MRT,2020,internet_fm_ratio,1.447,dhs
MRT.4_1,MRT,2020,mobile_women,90,dhs
MRT.4_1,MRT,2020,mobile_men,95,dhs
MRT.4_1,MRT,2020,mobile_fm_ratio,0.947,dhs
MRT.5_1,MRT,2020,internet_women,21.5,dhs
MRT.5_1,MRT,2020,internet_men,40.2,dhs
MRT.5_1,MRT,2020,internet_fm_ratio,0.481,dhs
MRT.5_1,MRT,2020,mobile_women,61,dhs
MRT.5_1,MRT,2020,mobile_men,80.5,dhs
MRT.5_1,MRT,2020,mobile_fm_ratio,0.757,dhs
MRT.6_1,MRT,2020,internet_women,25.3,dhs
MRT.6_1,MRT,2020,internet_men,17.7,dhs
MRT.6_1,MRT,2020,internet_fm_ratio,1.173,dhs
MRT.6_1,MRT,2020,mobile_women,61.3,dhs
MRT.6_1,MRT,2020,mobile_men,76.5,dhs
MRT.6_1,MRT,2020,mobile_fm_ratio,0.801,dhs
MRT.7_1,MRT,2020,internet_women,13.9,dhs
MRT.7_1,MRT,2020,internet_men,17.9,dhs
MRT.7_1,MRT,2020,internet_fm_ratio,0.621,dhs
MRT.7_1,MRT,2020,mobile_women,74.5,dhs
MRT.7_1,MRT,2020,mobile_men,76.3,dhs
MRT.7_1,MRT,2020,mobile_fm_ratio,0.976,dhs
MRT.8_1,MRT,2020,internet_women,22.5,dhs
MRT.8_1,MRT,2020,internet_men,19.5,dhs
MRT.8_1,MRT,2020,internet_fm_ratio,1.034,dhs
MRT.8_1,MRT,2020,mobile_women,74.4,dhs
MRT.8_1,MRT,2020,mobile_men,81.4,dhs
MRT.8_1,MRT,2020,mobile_fm_ratio,0.914,dhs
MWI.1_1,MWI,2015,internet_women,4.6,dhs
MWI.1_1,MWI,2015,internet_men,16.6,dhs
MWI.1_1,MWI,2015,internet_fm_ratio,0.232,dhs
MWI.1_1,MWI,2015,mobile_women,29.6,dhs
MWI.1_1,MWI,2015,mobile_men,44.4,dhs
MWI.1_1,MWI,2015,mobile_fm_ratio,0.665,dhs
MWI.10_1,MWI,2015,internet_women,8.8,dhs
MWI.10_1,MWI,2015,internet_men,26.9,dhs
MWI.10_1,MWI,2015,internet_fm_ratio,0.289,dhs
MWI.10_1,MWI,2015,mobile_women,54.8,dhs
MWI.10_1,MWI,2015,mobile_men,69.3,dhs
MWI.10_1,MWI,2015,mobile_fm_ratio,0.791,dhs
MWI.11_1,MWI,2015,internet_women,14.1,dhs
MWI.11_1,MWI,2015,internet_men,28.6,dhs
MWI.11_1,MWI,2015,internet_fm_ratio,0.45,dhs
MWI.11_1,MWI,2015,mobile_women,39.9,dhs
MWI.11_1,MWI,2015,mobile_men,61.4,dhs
MWI.11_1,MWI,2015,mobile_fm_ratio,0.65,dhs
MWI.12_1,MWI,2015,internet_women,2,dhs
MWI.12_1,MWI,2015,internet_men,8.6,dhs
MWI.12_1,MWI,2015,internet_fm_ratio,0.185,dhs
MWI.12_1,MWI,2015,mobile_women,21.8,dhs
MWI.12_1,MWI,2015,mobile_men,48.3,dhs
MWI.12_1,MWI,2015,mobile_fm_ratio,0.452,dhs
MWI.13_1,MWI,2015,internet_women,1.9,dhs
MWI.13_1,MWI,2015,internet_men,15.2,dhs
MWI.13_1,MWI,2015,internet_fm_ratio,0.106,dhs
MWI.13_1,MWI,2015,mobile_women,26.9,dhs
MWI.13_1,MWI,2015,mobile_men,50.1,dhs
MWI.13_1,MWI,2015,mobile_fm_ratio,0.537,dhs
MWI.14_1,MWI,2015,internet_women,1.5,dhs
MWI.14_1,MWI,2015,internet_men,8.4,dhs
MWI.14_1,MWI,2015,internet_fm_ratio,0.139,dhs
MWI.14_1,MWI,2015,mobile_women,19.8,dhs
MWI.14_1,MWI,2015,mobile_men,49,dhs
MWI.14_1,MWI,2015,mobile_fm_ratio,0.403,dhs
MWI.15_1,MWI,2015,internet_women,1.8,dhs
MWI.15_1,MWI,2015,internet_men,7.5,dhs
MWI.15_1,MWI,2015,internet_fm_ratio,0.195,dhs
MWI.15_1,MWI,2015,mobile_women,24.4,dhs
MWI.15_1,MWI,2015,mobile_men,48.8,dhs
MWI.15_1,MWI,2015,mobile_fm_ratio,0.5,dhs
MWI.16_1,MWI,2015,internet_women,4.2,dhs
MWI.16_1,MWI,2015,internet_men,12.4,dhs
MWI.16_1,MWI,2015,internet_fm_ratio,0.307,dhs
MWI.16_1,MWI,2015,mobile_women,25.7,dhs
MWI.16_1,MWI,2015,mobile_men,52.3,dhs
MWI.16_1,MWI,2015,mobile_fm_ratio,0.492,dhs
MWI.17_1,MWI,2015,internet_women,8.4,dhs
MWI.17_1,MWI,2015,internet_men,23.6,dhs
MWI.17_1,MWI,2015,internet_fm_ratio,0.332,dhs
MWI.17_1,MWI,2015,mobile_women,43.8,dhs
MWI.17_1,MWI,2015,mobile_men,58.6,dhs
MWI.17_1,MWI,2015,mobile_fm_ratio,0.747,dhs
MWI.18_1,MWI,2015,internet_women,3.2,dhs
MWI.18_1,MWI,2015,internet_men,10.4,dhs
MWI.18_1,MWI,2015,internet_fm_ratio,0.281,dhs
MWI.18_1,MWI,2015,mobile_women,28.1,dhs
MWI.18_1,MWI,2015,mobile_men,41.4,dhs
MWI.18_1,MWI,2015,mobile_fm_ratio,0.68,dhs
MWI.19_1,MWI,2015,internet_women,8.3,dhs
MWI.19_1,MWI,2015,internet_men,29.1,dhs
MWI.19_1,MWI,2015,internet_fm_ratio,0.234,dhs
MWI.19_1,MWI,2015,mobile_women,49.8,dhs
MWI.19_1,MWI,2015,mobile_men,65.9,dhs
MWI.19_1,MWI,2015,mobile_fm_ratio,0.756,dhs
MWI.2_1,MWI,2015,internet_women,13.5,dhs
MWI.2_1,MWI,2015,internet_men,29.8,dhs
MWI.2_1,MWI,2015,internet_fm_ratio,0.407,dhs
MWI.2_1,MWI,2015,mobile_women,53.2,dhs
MWI.2_1,MWI,2015,mobile_men,60.4,dhs
MWI.2_1,MWI,2015,mobile_fm_ratio,0.881,dhs
MWI.20_1,MWI,2015,internet_women,4.6,dhs
MWI.20_1,MWI,2015,internet_men,17.8,dhs
MWI.20_1,MWI,2015,internet_fm_ratio,0.25,dhs
MWI.20_1,MWI,2015,mobile_women,37,dhs
MWI.20_1,MWI,2015,mobile_men,55.8,dhs
MWI.20_1,MWI,2015,mobile_fm_ratio,0.662,dhs
MWI.21_1,MWI,2015,internet_women,3.6,dhs
MWI.21_1,MWI,2015,internet_men,13,dhs
MWI.21_1,MWI,2015,internet_fm_ratio,0.271,dhs
MWI.21_1,MWI,2015,mobile_women,27.2,dhs
MWI.21_1,MWI,2015,mobile_men,41.7,dhs
MWI.21_1,MWI,2015,mobile_fm_ratio,0.652,dhs
MWI.22_1,MWI,2015,internet_women,3.4,dhs
MWI.22_1,MWI,2015,internet_men,12.2,dhs
MWI.22_1,MWI,2015,internet_fm_ratio,0.254,dhs
MWI.22_1,MWI,2015,mobile_women,30.3,dhs
MWI.22_1,MWI,2015,mobile_men,54.4,dhs
MWI.22_1,MWI,2015,mobile_fm_ratio,0.557,dhs
MWI.23_1,MWI,2015,internet_women,2.2,dhs
MWI.23_1,MWI,2015,internet_men,9.8,dhs
MWI.23_1,MWI,2015,internet_fm_ratio,0.221,dhs
MWI.23_1,MWI,2015,mobile_women,33.3,dhs
MWI.23_1,MWI,2015,mobile_men,50.8,dhs
MWI.23_1,MWI,2015,mobile_fm_ratio,0.656,dhs
MWI.24_1,MWI,2015,internet_women,0.8,dhs
MWI.24_1,MWI,2015,internet_men,5.6,dhs
MWI.24_1,MWI,2015,internet_fm_ratio,0.096,dhs
MWI.24_1,MWI,2015,mobile_women,16.1,dhs
MWI.24_1,MWI,2015,mobile_men,30.2,dhs
MWI.24_1,MWI,2015,mobile_fm_ratio,0.532,dhs
MWI.25_1,MWI,2015,internet_women,8.6,dhs
MWI.25_1,MWI,2015,internet_men,25.5,dhs
MWI.25_1,MWI,2015,internet_fm_ratio,0.291,dhs
MWI.25_1,MWI,2015,mobile_women,47.2,dhs
MWI.25_1,MWI,2015,mobile_men,66,dhs
MWI.25_1,MWI,2015,mobile_fm_ratio,0.716,dhs
MWI.26_1,MWI,2015,internet_women,4.8,dhs
MWI.26_1,MWI,2015,internet_men,14.1,dhs
MWI.26_1,MWI,2015,internet_fm_ratio,0.289,dhs
MWI.26_1,MWI,2015,mobile_women,25.1,dhs
MWI.26_1,MWI,2015,mobile_men,47.3,dhs
MWI.26_1,MWI,2015,mobile_fm_ratio,0.532,dhs
MWI.27_1,MWI,2015,internet_women,3.1,dhs
MWI.27_1,MWI,2015,internet_men,14.1,dhs
MWI.27_1,MWI,2015,internet_fm_ratio,0.207,dhs
MWI.27_1,MWI,2015,mobile_women,27.5,dhs
MWI.27_1,MWI,2015,mobile_men,45.9,dhs
MWI.27_1,MWI,2015,mobile_fm_ratio,0.598,dhs
MWI.28_1,MWI,2015,internet_women,5.3,dhs
MWI.28_1,MWI,2015,internet_men,21.1,dhs
MWI.28_1,MWI,2015,internet_fm_ratio,0.234,dhs
MWI.28_1,MWI,2015,mobile_women,35.5,dhs
MWI.28_1,MWI,2015,mobile_men,52.7,dhs
MWI.28_1,MWI,2015,mobile_fm_ratio,0.674,dhs
MWI.3_1,MWI,2015,internet_women,4.7,dhs
MWI.3_1,MWI,2015,internet_men,14,dhs
MWI.3_1,MWI,2015,internet_fm_ratio,0.29,dhs
MWI.3_1,MWI,2015,mobile_women,24.4,dhs
MWI.3_1,MWI,2015,mobile_men,53.6,dhs
MWI.3_1,MWI,2015,mobile_fm_ratio,0.455,dhs
MWI.4_1,MWI,2015,internet_women,3.4,dhs
MWI.4_1,MWI,2015,internet_men,10.7,dhs
MWI.4_1,MWI,2015,internet_fm_ratio,0.297,dhs
MWI.4_1,MWI,2015,mobile_women,26.9,dhs
MWI.4_1,MWI,2015,mobile_men,44.8,dhs
MWI.4_1,MWI,2015,mobile_fm_ratio,0.601,dhs
MWI.5_1,MWI,2015,internet_women,3.6,dhs
MWI.5_1,MWI,2015,internet_men,11.3,dhs
MWI.5_1,MWI,2015,internet_fm_ratio,0.301,dhs
MWI.5_1,MWI,2015,mobile_women,29,dhs
MWI.5_1,MWI,2015,mobile_men,49.1,dhs
MWI.5_1,MWI,2015,mobile_fm_ratio,0.591,dhs
MWI.6_1,MWI,2015,internet_women,1.6,dhs
MWI.6_1,MWI,2015,internet_men,4,dhs
MWI.6_1,MWI,2015,internet_fm_ratio,0.275,dhs
MWI.6_1,MWI,2015,mobile_women,19.8,dhs
MWI.6_1,MWI,2015,mobile_men,36.2,dhs
MWI.6_1,MWI,2015,mobile_fm_ratio,0.546,dhs
MWI.7_1,MWI,2015,internet_women,2.8,dhs
MWI.7_1,MWI,2015,internet_men,9.7,dhs
MWI.7_1,MWI,2015,internet_fm_ratio,0.238,dhs
MWI.7_1,MWI,2015,mobile_women,23,dhs
MWI.7_1,MWI,2015,mobile_men,45.2,dhs
MWI.7_1,MWI,2015,mobile_fm_ratio,0.509,dhs
MWI.8_1,MWI,2015,internet_women,5.3,dhs
MWI.8_1,MWI,2015,internet_men,20.7,dhs
MWI.8_1,MWI,2015,internet_fm_ratio,0.252,dhs
MWI.8_1,MWI,2015,mobile_women,38.5,dhs
MWI.8_1,MWI,2015,mobile_men,56.2,dhs
MWI.8_1,MWI,2015,mobile_fm_ratio,0.684,dhs
MWI.9_1,MWI,2015,internet_women,4.7,dhs
MWI.9_1,MWI,2015,internet_men,9.9,dhs
MWI.9_1,MWI,2015,internet_fm_ratio,0.47,dhs
MWI.9_1,MWI,2015,mobile_women,29.1,dhs
MWI.9_1,MWI,2015,mobile_men,45.7,dhs
MWI.9_1,MWI,2015,mobile_fm_ratio,0.638,dhs
NGA.1_1,NGA,2018,internet_women,25,dhs
NGA.1_1,NGA,2018,internet_men,43.4,dhs
NGA.1_1,NGA,2018,internet_fm_ratio,0.541,dhs
NGA.1_1,NGA,2018,mobile_women,82.6,dhs
NGA.1_1,NGA,2018,mobile_men,91.2,dhs
NGA.1_1,NGA,2018,mobile_fm_ratio,0.906,dhs
NGA.10_1,NGA,2018,internet_women,24.7,dhs
NGA.10_1,NGA,2018,internet_men,46.5,dhs
NGA.10_1,NGA,2018,internet_fm_ratio,0.5,dhs
NGA.10_1,NGA,2018,mobile_women,72.4,dhs
NGA.10_1,NGA,2018,mobile_men,91.1,dhs
NGA.10_1,NGA,2018,mobile_fm_ratio,0.795,dhs
NGA.11_1,NGA,2018,internet_women,7.5,dhs
NGA.11_1,NGA,2018,internet_men,19.5,dhs
NGA.11_1,NGA,2018,internet_fm_ratio,0.28,dhs
NGA.11_1,NGA,2018,mobile_women,51.9,dhs
NGA.11_1,NGA,2018,mobile_men,79.5,dhs
NGA.11_1,NGA,2018,mobile_fm_ratio,0.652,dhs
NGA.12_1,NGA,2018,internet_women,25.2,dhs
NGA.12_1,NGA,2018,internet_men,46,dhs
NGA.12_1,NGA,2018,internet_fm_ratio,0.454,dhs
NGA.12_1,NGA,2018,mobile_women,72.2,dhs
NGA.12_1,NGA,2018,mobile_men,83.8,dhs
NGA.12_1,NGA,2018,mobile_fm_ratio,0.862,dhs
NGA.13_1,NGA,2018,internet_women,21.6,dhs
NGA.13_1,NGA,2018,internet_men,34.4,dhs
NGA.13_1,NGA,2018,internet_fm_ratio,0.582,dhs
NGA.13_1,NGA,2018,mobile_women,78.5,dhs
NGA.13_1,NGA,2018,mobile_men,89.8,dhs
NGA.13_1,NGA,2018,mobile_fm_ratio,0.874,dhs
NGA.14_1,NGA,2018,internet_women,23.4,dhs
NGA.14_1,NGA,2018,internet_men,41.9,dhs
NGA.14_1,NGA,2018,internet_fm_ratio,0.34,dhs
NGA.14_1,NGA,2018,mobile_women,75.1,dhs
NGA.14_1,NGA,2018,mobile_men,87.6,dhs
NGA.14_1,NGA,2018,mobile_fm_ratio,0.857,dhs
NGA.15_1,NGA,2018,internet_women,22.3,dhs
NGA.15_1,NGA,2018,internet_men,39.4,dhs
NGA.15_1,NGA,2018,internet_fm_ratio,0.564,dhs
NGA.15_1,NGA,2018,mobile_women,69.2,dhs
NGA.15_1,NGA,2018,mobile_men,83.3,dhs
NGA.15_1,NGA,2018,mobile_fm_ratio,0.83,dhs
NGA.16_1,NGA,2018,internet_women,4.8,dhs
NGA.16_1,NGA,2018,internet_men,22.5,dhs
NGA.16_1,NGA,2018,internet_fm_ratio,0.201,dhs
NGA.16_1,NGA,2018,mobile_women,31.5,dhs
NGA.16_1,NGA,2018,mobile_men,69.5,dhs
NGA.16_1,NGA,2018,mobile_fm_ratio,0.453,dhs
NGA.17_1,NGA,2018,internet_women,33.6,dhs
NGA.17_1,NGA,2018,internet_men,30.3,dhs
NGA.17_1,NGA,2018,internet_fm_ratio,0.97,dhs
NGA.17_1,NGA,2018,mobile_women,80.6,dhs
NGA.17_1,NGA,2018,mobile_men,90.7,dhs
NGA.17_1,NGA,2018,mobile_fm_ratio,0.889,dhs
NGA.18_1,NGA,2018,internet_women,2,dhs
NGA.18_1,NGA,2018,internet_men,26.5,dhs
NGA.18_1,NGA,2018,internet_fm_ratio,0.066,dhs
NGA.18_1,NGA,2018,mobile_women,28.3,dhs
NGA.18_1,NGA,2018,mobile_men,77.9,dhs
NGA.18_1,NGA,2018,mobile_fm_ratio,0.364,dhs
NGA.19_1,NGA,2018,internet_women,10.2,dhs
NGA.19_1,NGA,2018,internet_men,25.9,dhs
NGA.19_1,NGA,2018,internet_fm_ratio,0.324,dhs
NGA.19_1,NGA,2018,mobile_women,44.6,dhs
NGA.19_1,NGA,2018,mobile_men,76.3,dhs
NGA.19_1,NGA,2018,mobile_fm_ratio,0.584,dhs
NGA.2_1,NGA,2018,internet_women,6.8,dhs
NGA.2_1,NGA,2018,internet_men,18.6,dhs
NGA.2_1,NGA,2018,internet_fm_ratio,0.365,dhs
NGA.2_1,NGA,2018,mobile_women,49.9,dhs
NGA.2_1,NGA,2018,mobile_men,61.8,dhs
NGA.2_1,NGA,2018,mobile_fm_ratio,0.807,dhs
NGA.20_1,NGA,2018,internet_women,9.3,dhs
NGA.20_1,NGA,2018,internet_men,37.1,dhs
NGA.20_1,NGA,2018,internet_fm_ratio,0.237,dhs
NGA.20_1,NGA,2018,mobile_women,40.6,dhs
NGA.20_1,NGA,2018,mobile_men,78.7,dhs
NGA.20_1,NGA,2018,mobile_fm_ratio,0.516,dhs
NGA.21_1,NGA,2018,internet_women,2.2,dhs
NGA.21_1,NGA,2018,internet_men,56.2,dhs
NGA.21_1,NGA,2018,internet_fm_ratio,0.037,dhs
NGA.21_1,NGA,2018,mobile_women,33.6,dhs
NGA.21_1,NGA,2018,mobile_men,81.9,dhs
NGA.21_1,NGA,2018,mobile_fm_ratio,0.41,dhs
NGA.22_1,NGA,2018,internet_women,0.5,dhs
NGA.22_1,NGA,2018,internet_men,9.8,dhs
NGA.22_1,NGA,2018,internet_fm_ratio,0.045,dhs
NGA.22_1,NGA,2018,mobile_women,22.3,dhs
NGA.22_1,NGA,2018,mobile_men,63.2,dhs
NGA.22_1,NGA,2018,mobile_fm_ratio,0.353,dhs
NGA.23_1,NGA,2018,internet_women,15.2,dhs
NGA.23_1,NGA,2018,internet_men,37.6,dhs
NGA.23_1,NGA,2018,internet_fm_ratio,0.363,dhs
NGA.23_1,NGA,2018,mobile_women,69.9,dhs
NGA.23_1,NGA,2018,mobile_men,88.4,dhs
NGA.23_1,NGA,2018,mobile_fm_ratio,0.79,dhs
NGA.24_1,NGA,2018,internet_women,21.1,dhs
NGA.24_1,NGA,2018,internet_men,37.3,dhs
NGA.24_1,NGA,2018,internet_fm_ratio,0.552,dhs
NGA.24_1,NGA,2018,mobile_women,64.7,dhs
NGA.24_1,NGA,2018,mobile_men,79.4,dhs
NGA.24_1,NGA,2018,mobile_fm_ratio,0.815,dhs
NGA.25_1,NGA,2018,internet_women,60.1,dhs
NGA.25_1,NGA,2018,internet_men,69.7,dhs
NGA.25_1,NGA,2018,internet_fm_ratio,0.813,dhs
NGA.25_1,NGA,2018,mobile_women,85.9,dhs
NGA.25_1,NGA,2018,mobile_men,95.1,dhs
NGA.25_1,NGA,2018,mobile_fm_ratio,0.903,dhs
NGA.26_1,NGA,2018,internet_women,12.3,dhs
NGA.26_1,NGA,2018,internet_men,30.4,dhs
NGA.26_1,NGA,2018,internet_fm_ratio,0.402,dhs
NGA.26_1,NGA,2018,mobile_women,65.9,dhs
NGA.26_1,NGA,2018,mobile_men,72.1,dhs
NGA.26_1,NGA,2018,mobile_fm_ratio,0.914,dhs
NGA.27_1,NGA,2018,internet_women,7,dhs
NGA.27_1,NGA,2018,internet_men,22.8,dhs
NGA.27_1,NGA,2018,internet_fm_ratio,0.258,dhs
NGA.27_1,NGA,2018,mobile_women,37.3,dhs
NGA.27_1,NGA,2018,mobile_men,77.6,dhs
NGA.27_1,NGA,2018,mobile_fm_ratio,0.48,dhs
NGA.28_1,NGA,2018,internet_women,36.9,dhs
NGA.28_1,NGA,2018,internet_men,42.9,dhs
NGA.28_1,NGA,2018,internet_fm_ratio,0.653,dhs
NGA.28_1,NGA,2018,mobile_women,81.1,dhs
NGA.28_1,NGA,2018,mobile_men,89.2,dhs
NGA.28_1,NGA,2018,mobile_fm_ratio,0.909,dhs
NGA.29_1,NGA,2018,internet_women,19,dhs
NGA.29_1,NGA,2018,internet_men,38.1,dhs
NGA.29_1,NGA,2018,internet_fm_ratio,0.482,dhs
NGA.29_1,NGA,2018,mobile_women,75,dhs
NGA.29_1,NGA,2018,mobile_men,84.8,dhs
NGA.29_1,NGA,2018,mobile_fm_ratio,0.885,dhs
NGA.3_1,NGA,2018,internet_women,29.3,dhs
NGA.3_1,NGA,2018,internet_men,29.4,dhs
NGA.3_1,NGA,2018,internet_fm_ratio,0.976,dhs
NGA.3_1,NGA,2018,mobile_women,69.2,dhs
NGA.3_1,NGA,2018,mobile_men,85.4,dhs
NGA.3_1,NGA,2018,mobile_fm_ratio,0.81,dhs
NGA.30_1,NGA,2018,internet_women,20.2,dhs
NGA.30_1,NGA,2018,internet_men,20.9,dhs
NGA.30_1,NGA,2018,internet_fm_ratio,0.828,dhs
NGA.30_1,NGA,2018,mobile_women,84.8,dhs
NGA.30_1,NGA,2018,mobile_men,89.6,dhs
NGA.30_1,NGA,2018,mobile_fm_ratio,0.946,dhs
NGA.31_1,NGA,2018,internet_women,26.5,dhs
NGA.31_1,NGA,2018,internet_men,60.9,dhs
NGA.31_1,NGA,2018,internet_fm_ratio,0.424,dhs
NGA.31_1,NGA,2018,mobile_women,78.6,dhs
NGA.31_1,NGA,2018,mobile_men,91.2,dhs
NGA.31_1,NGA,2018,mobile_fm_ratio,0.863,dhs
NGA.32_1,NGA,2018,internet_women,9.9,dhs
NGA.32_1,NGA,2018,internet_men,24.4,dhs
NGA.32_1,NGA,2018,internet_fm_ratio,0.382,dhs
NGA.32_1,NGA,2018,mobile_women,51.5,dhs
NGA.32_1,NGA,2018,mobile_men,79.4,dhs
NGA.32_1,NGA,2018,mobile_fm_ratio,0.649,dhs
NGA.33_1,NGA,2018,internet_women,35.6,dhs
NGA.33_1,NGA,2018,internet_men,59,dhs
NGA.33_1,NGA,2018,internet_fm_ratio,0.513,dhs
NGA.33_1,NGA,2018,mobile_women,75.2,dhs
NGA.33_1,NGA,2018,mobile_men,89.2,dhs
NGA.33_1,NGA,2018,mobile_fm_ratio,0.843,dhs
NGA.34_1,NGA,2018,internet_women,0.9,dhs
NGA.34_1,NGA,2018,internet_men,14,dhs
NGA.34_1,NGA,2018,internet_fm_ratio,0.064,dhs
NGA.34_1,NGA,2018,mobile_women,23.7,dhs
NGA.34_1,NGA,2018,mobile_men,75.1,dhs
NGA.34_1,NGA,2018,mobile_fm_ratio,0.316,dhs
NGA.35_1,NGA,2018,internet_women,6.6,dhs
NGA.35_1,NGA,2018,internet_men,17.1,dhs
NGA.35_1,NGA,2018,internet_fm_ratio,0.368,dhs
NGA.35_1,NGA,2018,mobile_women,44.6,dhs
NGA.35_1,NGA,2018,mobile_men,71.3,dhs
NGA.35_1,NGA,2018,mobile_fm_ratio,0.625,dhs
NGA.36_1,NGA,2018,internet_women,3,dhs
NGA.36_1,NGA,2018,internet_men,14.2,dhs
NGA.36_1,NGA,2018,internet_fm_ratio,0.206,dhs
NGA.36_1,NGA,2018,mobile_women,31.9,dhs
NGA.36_1,NGA,2018,mobile_men,64.8,dhs
NGA.36_1,NGA,2018,mobile_fm_ratio,0.493,dhs
NGA.37_1,NGA,2018,internet_women,5.3,dhs
NGA.37_1,NGA,2018,internet_men,15.1,dhs
NGA.37_1,NGA,2018,internet_fm_ratio,0.342,dhs
NGA.37_1,NGA,2018,mobile_women,30.8,dhs
NGA.37_1,NGA,2018,mobile_men,61.4,dhs
NGA.37_1,NGA,2018,mobile_fm_ratio,0.501,dhs
NGA.4_1,NGA,2018,internet_women,34,dhs
NGA.4_1,NGA,2018,internet_men,38.3,dhs
NGA.4_1,NGA,2018,internet_fm_ratio,0.813,dhs
NGA.4_1,NGA,2018,mobile_women,82.7,dhs
NGA.4_1,NGA,2018,mobile_men,91.2,dhs
NGA.4_1,NGA,2018,mobile_fm_ratio,0.907,dhs
NGA.5_1,NGA,2018,internet_women,3.4,dhs
NGA.5_1,NGA,2018,internet_men,16.1,dhs
NGA.5_1,NGA,2018,internet_fm_ratio,0.18,dhs
NGA.5_1,NGA,2018,mobile_women,27.2,dhs
NGA.5_1,NGA,2018,mobile_men,70,dhs
NGA.5_1,NGA,2018,mobile_fm_ratio,0.389,dhs
NGA.6_1,NGA,2018,internet_women,11.7,dhs
NGA.6_1,NGA,2018,internet_men,45.3,dhs
NGA.6_1,NGA,2018,internet_fm_ratio,0.239,dhs
NGA.6_1,NGA,2018,mobile_women,67.4,dhs
NGA.6_1,NGA,2018,mobile_men,80.3,dhs
NGA.6_1,NGA,2018,mobile_fm_ratio,0.84,dhs
NGA.7_1,NGA,2018,internet_women,9.3,dhs
NGA.7_1,NGA,2018,internet_men,23.7,dhs
NGA.7_1,NGA,2018,internet_fm_ratio,0.357,dhs
NGA.7_1,NGA,2018,mobile_women,50.8,dhs
NGA.7_1,NGA,2018,mobile_men,75,dhs
NGA.7_1,NGA,2018,mobile_fm_ratio,0.677,dhs
NGA.8_1,NGA,2018,internet_women,11.5,dhs
NGA.8_1,NGA,2018,internet_men,35.7,dhs
NGA.8_1,NGA,2018,internet_fm_ratio,0.277,dhs
NGA.8_1,NGA,2018,mobile_women,50.8,dhs
NGA.8_1,NGA,2018,mobile_men,81.1,dhs
NGA.8_1,NGA,2018,mobile_fm_ratio,0.626,dhs
NGA.9_1,NGA,2018,internet_women,29.8,dhs
NGA.9_1,NGA,2018,internet_men,29.1,dhs
NGA.9_1,NGA,2018,internet_fm_ratio,0.703,dhs
NGA.9_1,NGA,2018,mobile_women,58.1,dhs
NGA.9_1,NGA,2018,mobile_men,71,dhs
NGA.9_1,NGA,2018,mobile_fm_ratio,0.818,dhs
RWA.1_1,RWA,2019,internet_women,9.3,dhs
RWA.1_1,RWA,2019,internet_men,18.5,dhs
RWA.1_1,RWA,2019,internet_fm_ratio,0.446,dhs
RWA.1_1,RWA,2019,mobile_women,43.1,dhs
RWA.1_1,RWA,2019,mobile_men,57.2,dhs
RWA.1_1,RWA,2019,mobile_fm_ratio,0.753,dhs
RWA.2_1,RWA,2019,internet_women,9.3,dhs
RWA.2_1,RWA,2019,internet_men,13,dhs
RWA.2_1,RWA,2019,internet_fm_ratio,0.65,dhs
RWA.2_1,RWA,2019,mobile_women,39.9,dhs
RWA.2_1,RWA,2019,mobile_men,51.5,dhs
RWA.2_1,RWA,2019,mobile_fm_ratio,0.775,dhs
RWA.3_1,RWA,2019,internet_women,9.9,dhs
RWA.3_1,RWA,2019,internet_men,17.5,dhs
RWA.3_1,RWA,2019,internet_fm_ratio,0.514,dhs
RWA.3_1,RWA,2019,mobile_women,44.7,dhs
RWA.3_1,RWA,2019,mobile_men,61.5,dhs
RWA.3_1,RWA,2019,mobile_fm_ratio,0.726,dhs
RWA.4_1,RWA,2019,internet_women,9.3,dhs
RWA.4_1,RWA,2019,internet_men,20.5,dhs
RWA.4_1,RWA,2019,internet_fm_ratio,0.419,dhs
RWA.4_1,RWA,2019,mobile_women,43.5,dhs
RWA.4_1,RWA,2019,mobile_men,59.3,dhs
RWA.4_1,RWA,2019,mobile_fm_ratio,0.734,dhs
RWA.5_1,RWA,2019,internet_women,39.7,dhs
RWA.5_1,RWA,2019,internet_men,54.8,dhs
RWA.5_1,RWA,2019,internet_fm_ratio,0.706,dhs
RWA.5_1,RWA,2019,mobile_women,76.8,dhs
RWA.5_1,RWA,2019,mobile_men,83.9,dhs
RWA.5_1,RWA,2019,mobile_fm_ratio,0.915,dhs
SEN.1_1,SEN,2018,internet_women,69,dhs
SEN.1_1,SEN,2018,internet_men,78.5,dhs
SEN.1_1,SEN,2018,internet_fm_ratio,0.846,dhs
SEN.1_1,SEN,2018,mobile_women,86.8,dhs
SEN.1_1,SEN,2018,mobile_men,91.4,dhs
SEN.1_1,SEN,2018,mobile_fm_ratio,0.95,dhs
SEN.10_1,SEN,2018,internet_women,35.4,dhs
SEN.10_1,SEN,2018,internet_men,48.7,dhs
SEN.10_1,SEN,2018,internet_fm_ratio,0.707,dhs
SEN.10_1,SEN,2018,mobile_women,68.4,dhs
SEN.10_1,SEN,2018,mobile_men,79.2,dhs
SEN.10_1,SEN,2018,mobile_fm_ratio,0.864,dhs
SEN.11_1,SEN,2018,internet_women,23.2,dhs
SEN.11_1,SEN,2018,internet_men,29.5,dhs
SEN.11_1,SEN,2018,internet_fm_ratio,0.773,dhs
SEN.11_1,SEN,2018,mobile_women,51.9,dhs
SEN.11_1,SEN,2018,mobile_men,72.4,dhs
SEN.11_1,SEN,2018,mobile_fm_ratio,0.718,dhs
SEN.12_1,SEN,2018,internet_women,18.5,dhs
SEN.12_1,SEN,2018,internet_men,30.6,dhs
SEN.12_1,SEN,2018,internet_fm_ratio,0.604,dhs
SEN.12_1,SEN,2018,mobile_women,52,dhs
SEN.12_1,SEN,2018,mobile_men,82.9,dhs
SEN.12_1,SEN,2018,mobile_fm_ratio,0.627,dhs
SEN.13_1,SEN,2018,internet_women,45.9,dhs
SEN.13_1,SEN,2018,internet_men,67.2,dhs
SEN.13_1,SEN,2018,internet_fm_ratio,0.671,dhs
SEN.13_1,SEN,2018,mobile_women,75.3,dhs
SEN.13_1,SEN,2018,mobile_men,84.9,dhs
SEN.13_1,SEN,2018,mobile_fm_ratio,0.887,dhs
SEN.14_1,SEN,2018,internet_women,43.9,dhs
SEN.14_1,SEN,2018,internet_men,46.7,dhs
SEN.14_1,SEN,2018,internet_fm_ratio,0.931,dhs
SEN.14_1,SEN,2018,mobile_women,72.2,dhs
SEN.14_1,SEN,2018,mobile_men,78.9,dhs
SEN.14_1,SEN,2018,mobile_fm_ratio,0.915,dhs
SEN.2_1,SEN,2018,internet_women,27.8,dhs
SEN.2_1,SEN,2018,internet_men,53.8,dhs
SEN.2_1,SEN,2018,internet_fm_ratio,0.503,dhs
SEN.2_1,SEN,2018,mobile_women,69.9,dhs
SEN.2_1,SEN,2018,mobile_men,85.3,dhs
SEN.2_1,SEN,2018,mobile_fm_ratio,0.819,dhs
SEN.3_1,SEN,2018,internet_women,25,dhs
SEN.3_1,SEN,2018,internet_men,41.8,dhs
SEN.3_1,SEN,2018,internet_fm_ratio,0.581,dhs
SEN.3_1,SEN,2018,mobile_women,67.7,dhs
SEN.3_1,SEN,2018,mobile_men,80.5,dhs
SEN.3_1,SEN,2018,mobile_fm_ratio,0.842,dhs
SEN.4_1,SEN,2018,internet_women,10.3,dhs
SEN.4_1,SEN,2018,internet_men,19.6,dhs
SEN.4_1,SEN,2018,internet_fm_ratio,0.528,dhs
SEN.4_1,SEN,2018,mobile_women,47.5,dhs
SEN.4_1,SEN,2018,mobile_men,74.2,dhs
SEN.4_1,SEN,2018,mobile_fm_ratio,0.64,dhs
SEN.5_1,SEN,2018,internet_women,29.6,dhs
SEN.5_1,SEN,2018,internet_men,40.7,dhs
SEN.5_1,SEN,2018,internet_fm_ratio,0.726,dhs
SEN.5_1,SEN,2018,mobile_women,62.3,dhs
SEN.5_1,SEN,2018,mobile_men,76.8,dhs
SEN.5_1,SEN,2018,mobile_fm_ratio,0.811,dhs
SEN.6_1,SEN,2018,internet_women,15.8,dhs
SEN.6_1,SEN,2018,internet_men,26.2,dhs
SEN.6_1,SEN,2018,internet_fm_ratio,0.603,dhs
SEN.6_1,SEN,2018,mobile_women,56.9,dhs
SEN.6_1,SEN,2018,mobile_men,76.5,dhs
SEN.6_1,SEN,2018,mobile_fm_ratio,0.743,dhs
SEN.7_1,SEN,2018,internet_women,16.8,dhs
SEN.7_1,SEN,2018,internet_men,21.3,dhs
SEN.7_1,SEN,2018,internet_fm_ratio,0.776,dhs
SEN.7_1,SEN,2018,mobile_women,44.5,dhs
SEN.7_1,SEN,2018,mobile_men,70.4,dhs
SEN.7_1,SEN,2018,mobile_fm_ratio,0.633,dhs
SEN.8_1,SEN,2018,internet_women,30.3,dhs
SEN.8_1,SEN,2018,internet_men,49.6,dhs
SEN.8_1,SEN,2018,internet_fm_ratio,0.608,dhs
SEN.8_1,SEN,2018,mobile_women,69.9,dhs
SEN.8_1,SEN,2018,mobile_men,84.3,dhs
SEN.8_1,SEN,2018,mobile_fm_ratio,0.83,dhs
SEN.9_1,SEN,2018,internet_women,32.2,dhs
SEN.9_1,SEN,2018,internet_men,41,dhs
SEN.9_1,SEN,2018,internet_fm_ratio,0.77,dhs
SEN.9_1,SEN,2018,mobile_women,56.9,dhs
SEN.9_1,SEN,2018,mobile_men,77.5,dhs
SEN.9_1,SEN,2018,mobile_fm_ratio,0.735,dhs
SLE.1_1,SLE,2019,internet_women,7.6,dhs
SLE.1_1,SLE,2019,internet_men,17,dhs
SLE.1_1,SLE,2019,internet_fm_ratio,0.407,dhs
SLE.1_1,SLE,2019,mobile_women,33.3,dhs
SLE.1_1,SLE,2019,mobile_men,54.2,dhs
SLE.1_1,SLE,2019,mobile_fm_ratio,0.615,dhs
SLE.2_1,SLE,2019,internet_women,6.8,dhs
SLE.2_1,SLE,2019,internet_men,19.5,dhs
SLE.2_1,SLE,2019,internet_fm_ratio,0.308,dhs
SLE.2_1,SLE,2019,mobile_women,34.5,dhs
SLE.2_1,SLE,2019,mobile_men,59.8,dhs
SLE.2_1,SLE,2019,mobile_fm_ratio,0.577,dhs
SLE.3_1,SLE,2019,internet_women,8.2,dhs
SLE.3_1,SLE,2019,internet_men,20.2,dhs
SLE.3_1,SLE,2019,internet_fm_ratio,0.36,dhs
SLE.3_1,SLE,2019,mobile_women,32.4,dhs
SLE.3_1,SLE,2019,mobile_men,55.3,dhs
SLE.3_1,SLE,2019,mobile_fm_ratio,0.586,dhs
SLE.4_1,SLE,2019,internet_women,36.3,dhs
SLE.4_1,SLE,2019,internet_men,54,dhs
SLE.4_1,SLE,2019,internet_fm_ratio,0.635,dhs
SLE.4_1,SLE,2019,mobile_women,70.5,dhs
SLE.4_1,SLE,2019,mobile_men,85.2,dhs
SLE.4_1,SLE,2019,mobile_fm_ratio,0.827,dhs
TZA.1_1,TZA,2015,internet_women,17,dhs
TZA.1_1,TZA,2015,internet_men,29.5,dhs
TZA.1_1,TZA,2015,internet_fm_ratio,0.546,dhs
TZA.1_1,TZA,2015,mobile_women,71,dhs
TZA.1_1,TZA,2015,mobile_men,74,dhs
TZA.1_1,TZA,2015,mobile_fm_ratio,0.959,dhs
TZA.10_1,TZA,2015,internet_women,5,dhs
TZA.10_1,TZA,2015,internet_men,14.1,dhs
TZA.10_1,TZA,2015,internet_fm_ratio,0.353,dhs
TZA.10_1,TZA,2015,mobile_women,50.5,dhs
TZA.10_1,TZA,2015,mobile_men,76.6,dhs
TZA.10_1,TZA,2015,mobile_fm_ratio,0.659,dhs
TZA.11_1,TZA,2015,internet_women,4,dhs
TZA.11_1,TZA,2015,internet_men,10.4,dhs
TZA.11_1,TZA,2015,internet_fm_ratio,0.388,dhs
TZA.11_1,TZA,2015,mobile_women,48.8,dhs
TZA.11_1,TZA,2015,mobile_men,63.9,dhs
TZA.11_1,TZA,2015,mobile_fm_ratio,0.762,dhs
TZA.12_1,TZA,2015,internet_women,5.6,dhs
TZA.12_1,TZA,2015,internet_men,2.5,dhs
TZA.12_1,TZA,2015,internet_fm_ratio,1.689,dhs
TZA.12_1,TZA,2015,mobile_women,44.6,dhs
TZA.12_1,TZA,2015,mobile_men,68.2,dhs
TZA.12_1,TZA,2015,mobile_fm_ratio,0.654,dhs
TZA.13_1,TZA,2015,internet_women,8.5,dhs
TZA.13_1,TZA,2015,internet_men,19.9,dhs
TZA.13_1,TZA,2015,internet_fm_ratio,0.383,dhs
TZA.13_1,TZA,2015,mobile_women,51.7,dhs
TZA.13_1,TZA,2015,mobile_men,66.9,dhs
TZA.13_1,TZA,2015,mobile_fm_ratio,0.773,dhs
TZA.14_1,TZA,2015,internet_women,9.2,dhs
TZA.14_1,TZA,2015,internet_men,8,dhs
TZA.14_1,TZA,2015,internet_fm_ratio,1.064,dhs
TZA.14_1,TZA,2015,mobile_women,51.3,dhs
TZA.14_1,TZA,2015,mobile_men,68.2,dhs
TZA.14_1,TZA,2015,mobile_fm_ratio,0.753,dhs
TZA.15_1,TZA,2015,internet_women,4.1,dhs
TZA.15_1,TZA,2015,internet_men,13.4,dhs
TZA.15_1,TZA,2015,internet_fm_ratio,0.306,dhs
TZA.15_1,TZA,2015,mobile_women,52.6,dhs
TZA.15_1,TZA,2015,mobile_men,65,dhs
TZA.15_1,TZA,2015,mobile_fm_ratio,0.81,dhs
TZA.16_1,TZA,2015,internet_women,6.1,dhs
TZA.16_1,TZA,2015,internet_men,9.5,dhs
TZA.16_1,TZA,2015,internet_fm_ratio,0.493,dhs
TZA.16_1,TZA,2015,mobile_women,41.8,dhs
TZA.16_1,TZA,2015,mobile_men,63.2,dhs
TZA.16_1,TZA,2015,mobile_fm_ratio,0.662,dhs
TZA.17_1,TZA,2015,internet_women,3,dhs
TZA.17_1,TZA,2015,internet_men,15.8,dhs
TZA.17_1,TZA,2015,internet_fm_ratio,0.187,dhs
TZA.17_1,TZA,2015,mobile_women,61.7,dhs
TZA.17_1,TZA,2015,mobile_men,71.9,dhs
TZA.17_1,TZA,2015,mobile_fm_ratio,0.858,dhs
TZA.18_1,TZA,2015,internet_women,6.4,dhs
TZA.18_1,TZA,2015,internet_men,28.3,dhs
TZA.18_1,TZA,2015,internet_fm_ratio,0.22,dhs
TZA.18_1,TZA,2015,mobile_women,53.7,dhs
TZA.18_1,TZA,2015,mobile_men,87.5,dhs
TZA.18_1,TZA,2015,mobile_fm_ratio,0.614,dhs
TZA.19_1,TZA,2015,internet_women,5.6,dhs
TZA.19_1,TZA,2015,internet_men,17,dhs
TZA.19_1,TZA,2015,internet_fm_ratio,0.263,dhs
TZA.19_1,TZA,2015,mobile_women,48.8,dhs
TZA.19_1,TZA,2015,mobile_men,73.6,dhs
TZA.19_1,TZA,2015,mobile_fm_ratio,0.663,dhs
TZA.2_1,TZA,2015,internet_women,33.8,dhs
TZA.2_1,TZA,2015,internet_men,46.7,dhs
TZA.2_1,TZA,2015,internet_fm_ratio,0.697,dhs
TZA.2_1,TZA,2015,mobile_women,85,dhs
TZA.2_1,TZA,2015,mobile_men,88.7,dhs
TZA.2_1,TZA,2015,mobile_fm_ratio,0.959,dhs
TZA.20_1,TZA,2015,internet_women,7.5,dhs
TZA.20_1,TZA,2015,internet_men,13,dhs
TZA.20_1,TZA,2015,internet_fm_ratio,0.444,dhs
TZA.20_1,TZA,2015,mobile_women,62.2,dhs
TZA.20_1,TZA,2015,mobile_men,76.7,dhs
TZA.20_1,TZA,2015,mobile_fm_ratio,0.811,dhs
TZA.21_1,TZA,2015,internet_women,3.1,dhs
TZA.21_1,TZA,2015,internet_men,9,dhs
TZA.21_1,TZA,2015,internet_fm_ratio,0.311,dhs
TZA.21_1,TZA,2015,mobile_women,25.9,dhs
TZA.21_1,TZA,2015,mobile_men,48,dhs
TZA.21_1,TZA,2015,mobile_fm_ratio,0.54,dhs
TZA.22_1,TZA,2015,internet_women,3.2,dhs
TZA.22_1,TZA,2015,internet_men,21.3,dhs
TZA.22_1,TZA,2015,internet_fm_ratio,0.116,dhs
TZA.22_1,TZA,2015,mobile_women,46.1,dhs
TZA.22_1,TZA,2015,mobile_men,73.3,dhs
TZA.22_1,TZA,2015,mobile_fm_ratio,0.629,dhs
TZA.23_1,TZA,2015,internet_women,7.4,dhs
TZA.23_1,TZA,2015,internet_men,17,dhs
TZA.23_1,TZA,2015,internet_fm_ratio,0.357,dhs
TZA.23_1,TZA,2015,mobile_women,41.6,dhs
TZA.23_1,TZA,2015,mobile_men,66.3,dhs
TZA.23_1,TZA,2015,mobile_fm_ratio,0.627,dhs
TZA.24_1,TZA,2015,internet_women,2.4,dhs
TZA.24_1,TZA,2015,internet_men,1.1,dhs
TZA.24_1,TZA,2015,internet_fm_ratio,2.152,dhs
TZA.24_1,TZA,2015,mobile_women,32.9,dhs
TZA.24_1,TZA,2015,mobile_men,60.2,dhs
TZA.24_1,TZA,2015,mobile_fm_ratio,0.546,dhs
TZA.25_1,TZA,2015,internet_women,3.9,dhs
TZA.25_1,TZA,2015,internet_men,15.7,dhs
TZA.25_1,TZA,2015,internet_fm_ratio,0.229,dhs
TZA.25_1,TZA,2015,mobile_women,45.1,dhs
TZA.25_1,TZA,2015,mobile_men,64.7,dhs
TZA.25_1,TZA,2015,mobile_fm_ratio,0.698,dhs
TZA.26_1,TZA,2015,internet_women,3,dhs
TZA.26_1,TZA,2015,internet_men,7.4,dhs
TZA.26_1,TZA,2015,internet_fm_ratio,0.323,dhs
TZA.26_1,TZA,2015,mobile_women,36.9,dhs
TZA.26_1,TZA,2015,mobile_men,55.8,dhs
TZA.26_1,TZA,2015,mobile_fm_ratio,0.661,dhs
TZA.27_1,TZA,2015,internet_women,10.8,dhs
TZA.27_1,TZA,2015,internet_men,17.2,dhs
TZA.27_1,TZA,2015,internet_fm_ratio,0.546,dhs
TZA.27_1,TZA,2015,mobile_women,63.8,dhs
TZA.27_1,TZA,2015,mobile_men,77.3,dhs
TZA.27_1,TZA,2015,mobile_fm_ratio,0.825,dhs
TZA.28_1,TZA,2015,internet_women,2.1,dhs
TZA.28_1,TZA,2015,internet_men,9.5,dhs
TZA.28_1,TZA,2015,internet_fm_ratio,0.149,dhs
TZA.28_1,TZA,2015,mobile_women,51.2,dhs
TZA.28_1,TZA,2015,mobile_men,76,dhs
TZA.28_1,TZA,2015,mobile_fm_ratio,0.674,dhs
TZA.29_1,TZA,2015,internet_women,4.9,dhs
TZA.29_1,TZA,2015,internet_men,27,dhs
TZA.29_1,TZA,2015,internet_fm_ratio,0.154,dhs
TZA.29_1,TZA,2015,mobile_women,62.1,dhs
TZA.29_1,TZA,2015,mobile_men,82.8,dhs
TZA.29_1,TZA,2015,mobile_fm_ratio,0.75,dhs
TZA.3_1,TZA,2015,internet_women,4,dhs
TZA.3_1,TZA,2015,internet_men,14.6,dhs
TZA.3_1,TZA,2015,internet_fm_ratio,0.275,dhs
TZA.3_1,TZA,2015,mobile_women,38.8,dhs
TZA.3_1,TZA,2015,mobile_men,58.4,dhs
TZA.3_1,TZA,2015,mobile_fm_ratio,0.665,dhs
TZA.30_1,TZA,2015,internet_women,27.8,dhs
TZA.30_1,TZA,2015,internet_men,50.9,dhs
TZA.30_1,TZA,2015,internet_fm_ratio,0.498,dhs
TZA.30_1,TZA,2015,mobile_women,76.9,dhs
TZA.30_1,TZA,2015,mobile_men,87.2,dhs
TZA.30_1,TZA,2015,mobile_fm_ratio,0.882,dhs
TZA.4_1,TZA,2015,internet_women,4,dhs
TZA.4_1,TZA,2015,internet_men,4.4,dhs
TZA.4_1,TZA,2015,internet_fm_ratio,0.761,dhs
TZA.4_1,TZA,2015,mobile_women,32.6,dhs
TZA.4_1,TZA,2015,mobile_men,58.9,dhs
TZA.4_1,TZA,2015,mobile_fm_ratio,0.553,dhs
TZA.5_1,TZA,2015,internet_women,11.1,dhs
TZA.5_1,TZA,2015,internet_men,26.7,dhs
TZA.5_1,TZA,2015,internet_fm_ratio,0.371,dhs
TZA.5_1,TZA,2015,mobile_women,58.4,dhs
TZA.5_1,TZA,2015,mobile_men,71.8,dhs
TZA.5_1,TZA,2015,mobile_fm_ratio,0.813,dhs
TZA.6_1,TZA,2015,internet_women,4.7,dhs
TZA.6_1,TZA,2015,internet_men,15.1,dhs
TZA.6_1,TZA,2015,internet_fm_ratio,0.273,dhs
TZA.6_1,TZA,2015,mobile_women,41.9,dhs
TZA.6_1,TZA,2015,mobile_men,58.8,dhs
TZA.6_1,TZA,2015,mobile_fm_ratio,0.712,dhs
TZA.7_1,TZA,2015,internet_women,3.8,dhs
TZA.7_1,TZA,2015,internet_men,8.1,dhs
TZA.7_1,TZA,2015,internet_fm_ratio,0.421,dhs
TZA.7_1,TZA,2015,mobile_women,34.7,dhs
TZA.7_1,TZA,2015,mobile_men,56.7,dhs
TZA.7_1,TZA,2015,mobile_fm_ratio,0.611,dhs
TZA.8_1,TZA,2015,internet_women,3.8,dhs
TZA.8_1,TZA,2015,internet_men,22.6,dhs
TZA.8_1,TZA,2015,internet_fm_ratio,0.142,dhs
TZA.8_1,TZA,2015,mobile_women,36.5,dhs
TZA.8_1,TZA,2015,mobile_men,57.6,dhs
TZA.8_1,TZA,2015,mobile_fm_ratio,0.634,dhs
TZA.9_1,TZA,2015,internet_women,15.2,dhs
TZA.9_1,TZA,2015,internet_men,22.1,dhs
TZA.9_1,TZA,2015,internet_fm_ratio,0.622,dhs
TZA.9_1,TZA,2015,mobile_women,74.8,dhs
TZA.9_1,TZA,2015,mobile_men,80.6,dhs
TZA.9_1,TZA,2015,mobile_fm_ratio,0.928,dhs
UGA.1_1,UGA,2016,internet_women,8.3,dhs
UGA.1_1,UGA,2016,internet_men,13.2,dhs
UGA.1_1,UGA,2016,internet_fm_ratio,0.429,dhs
UGA.1_1,UGA,2016,mobile_women,36.3,dhs
UGA.1_1,UGA,2016,mobile_men,71.6,dhs
UGA.1_1,UGA,2016,mobile_fm_ratio,0.507,dhs
UGA.10_1,UGA,2016,internet_women,5,dhs
UGA.10_1,UGA,2016,internet_men,7.7,dhs
UGA.10_1,UGA,2016,internet_fm_ratio,0.653,dhs
UGA.10_1,UGA,2016,mobile_women,35.6,dhs
UGA.10_1,UGA,2016,mobile_men,60.8,dhs
UGA.10_1,UGA,2016,mobile_fm_ratio,0.586,dhs
UGA.11_1,UGA,2016,internet_women,16.7,dhs
UGA.11_1,UGA,2016,internet_men,32.4,dhs
UGA.11_1,UGA,2016,internet_fm_ratio,0.517,dhs
UGA.11_1,UGA,2016,mobile_women,68.3,dhs
UGA.11_1,UGA,2016,mobile_men,73.7,dhs
UGA.11_1,UGA,2016,mobile_fm_ratio,0.926,dhs
UGA.12_1,UGA,2016,internet_women,6.8,dhs
UGA.12_1,UGA,2016,internet_men,19.7,dhs
UGA.12_1,UGA,2016,internet_fm_ratio,0.161,dhs
UGA.12_1,UGA,2016,mobile_women,48.4,dhs
UGA.12_1,UGA,2016,mobile_men,65.9,dhs
UGA.12_1,UGA,2016,mobile_fm_ratio,0.735,dhs
UGA.13_1,UGA,2016,internet_women,9.4,dhs
UGA.13_1,UGA,2016,internet_men,20,dhs
UGA.13_1,UGA,2016,internet_fm_ratio,0.397,dhs
UGA.13_1,UGA,2016,mobile_women,56.1,dhs
UGA.13_1,UGA,2016,mobile_men,63.6,dhs
UGA.13_1,UGA,2016,mobile_fm_ratio,0.881,dhs
UGA.14_1,UGA,2016,internet_women,0,dhs
UGA.14_1,UGA,2016,internet_men,8.8,dhs
UGA.14_1,UGA,2016,internet_fm_ratio,0,dhs
UGA.14_1,UGA,2016,mobile_women,22.6,dhs
UGA.14_1,UGA,2016,mobile_men,48.6,dhs
UGA.14_1,UGA,2016,mobile_fm_ratio,0.465,dhs
UGA.15_1,UGA,2016,internet_women,9.8,dhs
UGA.15_1,UGA,2016,internet_men,21.8,dhs
UGA.15_1,UGA,2016,internet_fm_ratio,0.374,dhs
UGA.15_1,UGA,2016,mobile_women,69.4,dhs
UGA.15_1,UGA,2016,mobile_men,77.7,dhs
UGA.15_1,UGA,2016,mobile_fm_ratio,0.893,dhs
UGA.16_1,UGA,2016,internet_women,37.8,dhs
UGA.16_1,UGA,2016,internet_men,61.5,dhs
UGA.16_1,UGA,2016,internet_fm_ratio,0.576,dhs
UGA.16_1,UGA,2016,mobile_women,82.2,dhs
UGA.16_1,UGA,2016,mobile_men,90.2,dhs
UGA.16_1,UGA,2016,mobile_fm_ratio,0.911,dhs
UGA.17_1,UGA,2016,internet_women,3.7,dhs
UGA.17_1,UGA,2016,internet_men,11.9,dhs
UGA.17_1,UGA,2016,internet_fm_ratio,0.312,dhs
UGA.17_1,UGA,2016,mobile_women,31.7,dhs
UGA.17_1,UGA,2016,mobile_men,57.7,dhs
UGA.17_1,UGA,2016,mobile_fm_ratio,0.548,dhs
UGA.18_1,UGA,2016,internet_women,1.7,dhs
UGA.18_1,UGA,2016,internet_men,13.1,dhs
UGA.18_1,UGA,2016,internet_fm_ratio,0.085,dhs
UGA.18_1,UGA,2016,mobile_women,41.9,dhs
UGA.18_1,UGA,2016,mobile_men,70.2,dhs
UGA.18_1,UGA,2016,mobile_fm_ratio,0.597,dhs
UGA.19_1,UGA,2016,internet_women,4.8,dhs
UGA.19_1,UGA,2016,internet_men,11.6,dhs
UGA.19_1,UGA,2016,internet_fm_ratio,0.364,dhs
UGA.19_1,UGA,2016,mobile_women,57.6,dhs
UGA.19_1,UGA,2016,mobile_men,67.8,dhs
UGA.19_1,UGA,2016,mobile_fm_ratio,0.849,dhs
UGA.2_1,UGA,2016,internet_women,1.5,dhs
UGA.2_1,UGA,2016,internet_men,8.7,dhs
UGA.2_1,UGA,2016,internet_fm_ratio,0.096,dhs
UGA.2_1,UGA,2016,mobile_women,16,dhs
UGA.2_1,UGA,2016,mobile_men,51.6,dhs
UGA.2_1,UGA,2016,mobile_fm_ratio,0.311,dhs
UGA.20_1,UGA,2016,internet_women,6.7,dhs
UGA.20_1,UGA,2016,internet_men,19,dhs
UGA.20_1,UGA,2016,internet_fm_ratio,0.133,dhs
UGA.20_1,UGA,2016,mobile_women,35.9,dhs
UGA.20_1,UGA,2016,mobile_men,56,dhs
UGA.20_1,UGA,2016,mobile_fm_ratio,0.642,dhs
UGA.21_1,UGA,2016,internet_women,4.9,dhs
UGA.21_1,UGA,2016,internet_men,22.6,dhs
UGA.21_1,UGA,2016,internet_fm_ratio,0.209,dhs
UGA.21_1,UGA,2016,mobile_women,45.7,dhs
UGA.21_1,UGA,2016,mobile_men,66.5,dhs
UGA.21_1,UGA,2016,mobile_fm_ratio,0.687,dhs
UGA.22_1,UGA,2016,internet_women,1.4,dhs
UGA.22_1,UGA,2016,internet_men,10.1,dhs
UGA.22_1,UGA,2016,internet_fm_ratio,0.101,dhs
UGA.22_1,UGA,2016,mobile_women,17.6,dhs
UGA.22_1,UGA,2016,mobile_men,52.6,dhs
UGA.22_1,UGA,2016,mobile_fm_ratio,0.335,dhs
UGA.23_1,UGA,2016,internet_women,0,dhs
UGA.23_1,UGA,2016,internet_men,21.5,dhs
UGA.23_1,UGA,2016,internet_fm_ratio,0,dhs
UGA.23_1,UGA,2016,mobile_women,31.4,dhs
UGA.23_1,UGA,2016,mobile_men,62.7,dhs
UGA.23_1,UGA,2016,mobile_fm_ratio,0.501,dhs
UGA.24_1,UGA,2016,internet_women,1.8,dhs
UGA.24_1,UGA,2016,internet_men,8.3,dhs
UGA.24_1,UGA,2016,internet_fm_ratio,0.203,dhs
UGA.24_1,UGA,2016,mobile_women,32.8,dhs
UGA.24_1,UGA,2016,mobile_men,57,dhs
UGA.24_1,UGA,2016,mobile_fm_ratio,0.575,dhs
UGA.25_1,UGA,2016,internet_women,3.4,dhs
UGA.25_1,UGA,2016,internet_men,13.5,dhs
UGA.25_1,UGA,2016,internet_fm_ratio,0.228,dhs
UGA.25_1,UGA,2016,mobile_women,54.4,dhs
UGA.25_1,UGA,2016,mobile_men,72.5,dhs
UGA.25_1,UGA,2016,mobile_fm_ratio,0.75,dhs
UGA.26_1,UGA,2016,internet_women,3.5,dhs
UGA.26_1,UGA,2016,internet_men,8.2,dhs
UGA.26_1,UGA,2016,internet_fm_ratio,0.323,dhs
UGA.26_1,UGA,2016,mobile_women,43,dhs
UGA.26_1,UGA,2016,mobile_men,60.7,dhs
UGA.26_1,UGA,2016,mobile_fm_ratio,0.708,dhs
UGA.27_1,UGA,2016,internet_women,4.3,dhs
UGA.27_1,UGA,2016,internet_men,27.3,dhs
UGA.27_1,UGA,2016,internet_fm_ratio,0.158,dhs
UGA.27_1,UGA,2016,mobile_women,22,dhs
UGA.27_1,UGA,2016,mobile_men,47.1,dhs
UGA.27_1,UGA,2016,mobile_fm_ratio,0.466,dhs
UGA.28_1,UGA,2016,internet_women,1.1,dhs
UGA.28_1,UGA,2016,internet_men,12.9,dhs
UGA.28_1,UGA,2016,internet_fm_ratio,0.074,dhs
UGA.28_1,UGA,2016,mobile_women,7.9,dhs
UGA.28_1,UGA,2016,mobile_men,40.5,dhs
UGA.28_1,UGA,2016,mobile_fm_ratio,0.195,dhs
UGA.29_1,UGA,2016,internet_women,2.1,dhs
UGA.29_1,UGA,2016,internet_men,11.8,dhs
UGA.29_1,UGA,2016,internet_fm_ratio,0.148,dhs
UGA.29_1,UGA,2016,mobile_women,27.5,dhs
UGA.29_1,UGA,2016,mobile_men,56.8,dhs
UGA.29_1,UGA,2016,mobile_fm_ratio,0.484,dhs
UGA.3_1,UGA,2016,internet_women,2.5,dhs
UGA.3_1,UGA,2016,internet_men,16.2,dhs
UGA.3_1,UGA,2016,internet_fm_ratio,0.129,dhs
UGA.3_1,UGA,2016,mobile_women,32.4,dhs
UGA.3_1,UGA,2016,mobile_men,56.5,dhs
UGA.3_1,UGA,2016,mobile_fm_ratio,0.574,dhs
UGA.30_1,UGA,2016,internet_women,2.8,dhs
UGA.30_1,UGA,2016,internet_men,7.5,dhs
UGA.30_1,UGA,2016,internet_fm_ratio,0.185,dhs
UGA.30_1,UGA,2016,mobile_women,32.9,dhs
UGA.30_1,UGA,2016,mobile_men,60.7,dhs
UGA.30_1,UGA,2016,mobile_fm_ratio,0.542,dhs
UGA.33_1,UGA,2016,internet_women,3.5,dhs
UGA.33_1,UGA,2016,internet_men,13.4,dhs
UGA.33_1,UGA,2016,internet_fm_ratio,0.225,dhs
UGA.33_1,UGA,2016,mobile_women,22.3,dhs
UGA.33_1,UGA,2016,mobile_men,56,dhs
UGA.33_1,UGA,2016,mobile_fm_ratio,0.398,dhs
UGA.34_1,UGA,2016,internet_women,9.3,dhs
UGA.34_1,UGA,2016,internet_men,8.5,dhs
UGA.34_1,UGA,2016,internet_fm_ratio,0.851,dhs
UGA.34_1,UGA,2016,mobile_women,62.9,dhs
UGA.34_1,UGA,2016,mobile_men,58.3,dhs
UGA.34_1,UGA,2016,mobile_fm_ratio,1.079,dhs
UGA.35_1,UGA,2016,internet_women,17.8,dhs
UGA.35_1,UGA,2016,internet_men,31.4,dhs
UGA.35_1,UGA,2016,internet_fm_ratio,0.557,dhs
UGA.35_1,UGA,2016,mobile_women,68.9,dhs
UGA.35_1,UGA,2016,mobile_men,78.3,dhs
UGA.35_1,UGA,2016,mobile_fm_ratio,0.88,dhs
UGA.36_1,UGA,2016,internet_women,2.5,dhs
UGA.36_1,UGA,2016,internet_men,17.4,dhs
UGA.36_1,UGA,2016,internet_fm_ratio,0.129,dhs
UGA.36_1,UGA,2016,mobile_women,33.3,dhs
UGA.36_1,UGA,2016,mobile_men,57.5,dhs
UGA.36_1,UGA,2016,mobile_fm_ratio,0.578,dhs
UGA.37_1,UGA,2016,internet_women,8.2,dhs
UGA.37_1,UGA,2016,internet_men,24.1,dhs
UGA.37_1,UGA,2016,internet_fm_ratio,0.325,dhs
UGA.37_1,UGA,2016,mobile_women,41.1,dhs
UGA.37_1,UGA,2016,mobile_men,64.6,dhs
UGA.37_1,UGA,2016,mobile_fm_ratio,0.637,dhs
UGA.38_1,UGA,2016,internet_women,8.9,dhs
UGA.38_1,UGA,2016,internet_men,18.5,dhs
UGA.38_1,UGA,2016,internet_fm_ratio,0.157,dhs
UGA.38_1,UGA,2016,mobile_women,43.5,dhs
UGA.38_1,UGA,2016,mobile_men,63,dhs
UGA.38_1,UGA,2016,mobile_fm_ratio,0.69,dhs
UGA.39_1,UGA,2016,internet_women,7.1,dhs
UGA.39_1,UGA,2016,internet_men,20.6,dhs
UGA.39_1,UGA,2016,internet_fm_ratio,0.288,dhs
UGA.39_1,UGA,2016,mobile_women,51.7,dhs
UGA.39_1,UGA,2016,mobile_men,66.9,dhs
UGA.39_1,UGA,2016,mobile_fm_ratio,0.772,dhs
UGA.4_1,UGA,2016,internet_women,6.6,dhs
UGA.4_1,UGA,2016,internet_men,17.5,dhs
UGA.4_1,UGA,2016,internet_fm_ratio,0.322,dhs
UGA.4_1,UGA,2016,mobile_women,38.1,dhs
UGA.4_1,UGA,2016,mobile_men,70.5,dhs
UGA.4_1,UGA,2016,mobile_fm_ratio,0.54,dhs
UGA.40_1,UGA,2016,internet_women,0.8,dhs
UGA.40_1,UGA,2016,internet_men,10,dhs
UGA.40_1,UGA,2016,internet_fm_ratio,0.048,dhs
UGA.40_1,UGA,2016,mobile_women,20.8,dhs
UGA.40_1,UGA,2016,mobile_men,47.1,dhs
UGA.40_1,UGA,2016,mobile_fm_ratio,0.442,dhs
UGA.41_1,UGA,2016,internet_women,2.4,dhs
UGA.41_1,UGA,2016,internet_men,22.9,dhs
UGA.41_1,UGA,2016,internet_fm_ratio,0.106,dhs
UGA.41_1,UGA,2016,mobile_women,41.5,dhs
UGA.41_1,UGA,2016,mobile_men,66.4,dhs
UGA.41_1,UGA,2016,mobile_fm_ratio,0.624,dhs
UGA.42_1,UGA,2016,internet_women,14.9,dhs
UGA.42_1,UGA,2016,internet_men,23.9,dhs
UGA.42_1,UGA,2016,internet_fm_ratio,0.625,dhs
UGA.42_1,UGA,2016,mobile_women,69,dhs
UGA.42_1,UGA,2016,mobile_men,83.9,dhs
UGA.42_1,UGA,2016,mobile_fm_ratio,0.822,dhs
UGA.43_1,UGA,2016,internet_women,5.3,dhs
UGA.43_1,UGA,2016,internet_men,15.3,dhs
UGA.43_1,UGA,2016,internet_fm_ratio,0.348,dhs
UGA.43_1,UGA,2016,mobile_women,43.9,dhs
UGA.43_1,UGA,2016,mobile_men,66.4,dhs
UGA.43_1,UGA,2016,mobile_fm_ratio,0.661,dhs
UGA.44_1,UGA,2016,internet_women,16.5,dhs
UGA.44_1,UGA,2016,internet_men,38.3,dhs
UGA.44_1,UGA,2016,internet_fm_ratio,0.404,dhs
UGA.44_1,UGA,2016,mobile_women,68.6,dhs
UGA.44_1,UGA,2016,mobile_men,81.9,dhs
UGA.44_1,UGA,2016,mobile_fm_ratio,0.839,dhs
UGA.45_1,UGA,2016,internet_women,3.7,dhs
UGA.45_1,UGA,2016,internet_men,10.3,dhs
UGA.45_1,UGA,2016,internet_fm_ratio,0.306,dhs
UGA.45_1,UGA,2016,mobile_women,18.4,dhs
UGA.45_1,UGA,2016,mobile_men,38.5,dhs
UGA.45_1,UGA,2016,mobile_fm_ratio,0.478,dhs
UGA.46_1,UGA,2016,internet_women,4.9,dhs
UGA.46_1,UGA,2016,internet_men,21.1,dhs
UGA.46_1,UGA,2016,internet_fm_ratio,0.193,dhs
UGA.46_1,UGA,2016,mobile_women,54.3,dhs
UGA.46_1,UGA,2016,mobile_men,74.2,dhs
UGA.46_1,UGA,2016,mobile_fm_ratio,0.732,dhs
UGA.47_1,UGA,2016,internet_women,2.9,dhs
UGA.47_1,UGA,2016,internet_men,8.4,dhs
UGA.47_1,UGA,2016,internet_fm_ratio,0.262,dhs
UGA.47_1,UGA,2016,mobile_women,27,dhs
UGA.47_1,UGA,2016,mobile_men,35.2,dhs
UGA.47_1,UGA,2016,mobile_fm_ratio,0.767,dhs
UGA.48_1,UGA,2016,internet_women,2.3,dhs
UGA.48_1,UGA,2016,internet_men,14.5,dhs
UGA.48_1,UGA,2016,internet_fm_ratio,0.124,dhs
UGA.48_1,UGA,2016,mobile_women,48.7,dhs
UGA.48_1,UGA,2016,mobile_men,60.2,dhs
UGA.48_1,UGA,2016,mobile_fm_ratio,0.81,dhs
UGA.49_1,UGA,2016,internet_women,4.4,dhs
UGA.49_1,UGA,2016,internet_men,14.3,dhs
UGA.49_1,UGA,2016,internet_fm_ratio,0.104,dhs
UGA.49_1,UGA,2016,mobile_women,16.4,dhs
UGA.49_1,UGA,2016,mobile_men,52.4,dhs
UGA.49_1,UGA,2016,mobile_fm_ratio,0.314,dhs
UGA.5_1,UGA,2016,internet_women,4.4,dhs
UGA.5_1,UGA,2016,internet_men,27.6,dhs
UGA.5_1,UGA,2016,internet_fm_ratio,0.158,dhs
UGA.5_1,UGA,2016,mobile_women,45,dhs
UGA.5_1,UGA,2016,mobile_men,58.2,dhs
UGA.5_1,UGA,2016,mobile_fm_ratio,0.774,dhs
UGA.50_1,UGA,2016,internet_women,3.7,dhs
UGA.50_1,UGA,2016,internet_men,7.7,dhs
UGA.50_1,UGA,2016,internet_fm_ratio,0.438,dhs
UGA.50_1,UGA,2016,mobile_women,23.8,dhs
UGA.50_1,UGA,2016,mobile_men,58.5,dhs
UGA.50_1,UGA,2016,mobile_fm_ratio,0.408,dhs
UGA.51_1,UGA,2016,internet_women,4.4,dhs
UGA.51_1,UGA,2016,internet_men,17.1,dhs
UGA.51_1,UGA,2016,internet_fm_ratio,0.216,dhs
UGA.51_1,UGA,2016,mobile_women,40.5,dhs
UGA.51_1,UGA,2016,mobile_men,66.5,dhs
UGA.51_1,UGA,2016,mobile_fm_ratio,0.609,dhs
UGA.52_1,UGA,2016,internet_women,14,dhs
UGA.52_1,UGA,2016,internet_men,28.6,dhs
UGA.52_1,UGA,2016,internet_fm_ratio,0.446,dhs
UGA.52_1,UGA,2016,mobile_women,55,dhs
UGA.52_1,UGA,2016,mobile_men,64.1,dhs
UGA.52_1,UGA,2016,mobile_fm_ratio,0.857,dhs
UGA.53_1,UGA,2016,internet_women,1.5,dhs
UGA.53_1,UGA,2016,internet_men,0,dhs
UGA.53_1,UGA,2016,internet_fm_ratio,0.175,dhs
UGA.53_1,UGA,2016,mobile_women,48.1,dhs
UGA.53_1,UGA,2016,mobile_men,75.8,dhs
UGA.53_1,UGA,2016,mobile_fm_ratio,0.635,dhs
UGA.54_1,UGA,2016,internet_women,2.2,dhs
UGA.54_1,UGA,2016,internet_men,8.6,dhs
UGA.54_1,UGA,2016,internet_fm_ratio,0.06,dhs
UGA.54_1,UGA,2016,mobile_women,30.8,dhs
UGA.54_1,UGA,2016,mobile_men,48.5,dhs
UGA.54_1,UGA,2016,mobile_fm_ratio,0.635,dhs
UGA.55_1,UGA,2016,internet_women,12.2,dhs
UGA.55_1,UGA,2016,internet_men,30,dhs
UGA.55_1,UGA,2016,internet_fm_ratio,0.389,dhs
UGA.55_1,UGA,2016,mobile_women,35.6,dhs
UGA.55_1,UGA,2016,mobile_men,71.6,dhs
UGA.55_1,UGA,2016,mobile_fm_ratio,0.498,dhs
UGA.56_1,UGA,2016,internet_women,4.9,dhs
UGA.56_1,UGA,2016,internet_men,11.2,dhs
UGA.56_1,UGA,2016,internet_fm_ratio,0.35,dhs
UGA.56_1,UGA,2016,mobile_women,33.3,dhs
UGA.56_1,UGA,2016,mobile_men,59.1,dhs
UGA.56_1,UGA,2016,mobile_fm_ratio,0.564,dhs
UGA.57_1,UGA,2016,internet_women,36.5,dhs
UGA.57_1,UGA,2016,internet_men,58.9,dhs
UGA.57_1,UGA,2016,internet_fm_ratio,0.576,dhs
UGA.57_1,UGA,2016,mobile_women,82.4,dhs
UGA.57_1,UGA,2016,mobile_men,89.9,dhs
UGA.57_1,UGA,2016,mobile_fm_ratio,0.916,dhs
UGA.58_1,UGA,2016,internet_women,1,dhs
UGA.58_1,UGA,2016,internet_men,13,dhs
UGA.58_1,UGA,2016,internet_fm_ratio,0.047,dhs
UGA.58_1,UGA,2016,mobile_women,32,dhs
UGA.58_1,UGA,2016,mobile_men,57.9,dhs
UGA.58_1,UGA,2016,mobile_fm_ratio,0.553,dhs
UGA.6_1,UGA,2016,internet_women,3.7,dhs
UGA.6_1,UGA,2016,internet_men,11.5,dhs
UGA.6_1,UGA,2016,internet_fm_ratio,0.211,dhs
UGA.6_1,UGA,2016,mobile_women,54.1,dhs
UGA.6_1,UGA,2016,mobile_men,67.1,dhs
UGA.6_1,UGA,2016,mobile_fm_ratio,0.807,dhs
UGA.7_1,UGA,2016,internet_women,5.1,dhs
UGA.7_1,UGA,2016,internet_men,9.1,dhs
UGA.7_1,UGA,2016,internet_fm_ratio,0.466,dhs
UGA.7_1,UGA,2016,mobile_women,40.2,dhs
UGA.7_1,UGA,2016,mobile_men,60.6,dhs
UGA.7_1,UGA,2016,mobile_fm_ratio,0.664,dhs
UGA.8_1,UGA,2016,internet_women,4.4,dhs
UGA.8_1,UGA,2016,internet_men,28.2,dhs
UGA.8_1,UGA,2016,internet_fm_ratio,0.119,dhs
UGA.8_1,UGA,2016,mobile_women,29,dhs
UGA.8_1,UGA,2016,mobile_men,62.7,dhs
UGA.8_1,UGA,2016,mobile_fm_ratio,0.462,dhs
UGA.9_1,UGA,2016,internet_women,6.8,dhs
UGA.9_1,UGA,2016,internet_men,30.6,dhs
UGA.9_1,UGA,2016,internet_fm_ratio,0.212,dhs
UGA.9_1,UGA,2016,mobile_women,53.1,dhs
UGA.9_1,UGA,2016,mobile_men,72.7,dhs
UGA.9_1,UGA,2016,mobile_fm_ratio,0.73,dhs
ZAF.1_1,ZAF,2017,internet_women,43.1,dhs
ZAF.1_1,ZAF,2017,internet_men,37.6,dhs
ZAF.1_1,ZAF,2017,internet_fm_ratio,1.066,dhs
ZAF.1_1,ZAF,2017,mobile_women,91.1,dhs
ZAF.1_1,ZAF,2017,mobile_men,80.6,dhs
ZAF.1_1,ZAF,2017,mobile_fm_ratio,1.13,dhs
ZAF.2_1,ZAF,2017,internet_women,47,dhs
ZAF.2_1,ZAF,2017,internet_men,55.1,dhs
ZAF.2_1,ZAF,2017,internet_fm_ratio,0.808,dhs
ZAF.2_1,ZAF,2017,mobile_women,90.4,dhs
ZAF.2_1,ZAF,2017,mobile_men,86.5,dhs
ZAF.2_1,ZAF,2017,mobile_fm_ratio,1.045,dhs
ZAF.3_1,ZAF,2017,internet_women,59.1,dhs
ZAF.3_1,ZAF,2017,internet_men,60.9,dhs
ZAF.3_1,ZAF,2017,internet_fm_ratio,0.957,dhs
ZAF.3_1,ZAF,2017,mobile_women,94.7,dhs
ZAF.3_1,ZAF,2017,mobile_men,92.7,dhs
ZAF.3_1,ZAF,2017,mobile_fm_ratio,1.021,dhs
ZAF.4_1,ZAF,2017,internet_women,43.7,dhs
ZAF.4_1,ZAF,2017,internet_men,40.8,dhs
ZAF.4_1,ZAF,2017,internet_fm_ratio,0.981,dhs
ZAF.4_1,ZAF,2017,mobile_women,89.6,dhs
ZAF.4_1,ZAF,2017,mobile_men,84.5,dhs
ZAF.4_1,ZAF,2017,mobile_fm_ratio,1.06,dhs
ZAF.5_1,ZAF,2017,internet_women,37.1,dhs
ZAF.5_1,ZAF,2017,internet_men,53.7,dhs
ZAF.5_1,ZAF,2017,internet_fm_ratio,0.65,dhs
ZAF.5_1,ZAF,2017,mobile_women,89.6,dhs
ZAF.5_1,ZAF,2017,mobile_men,90.5,dhs
ZAF.5_1,ZAF,2017,mobile_fm_ratio,0.99,dhs
ZAF.6_1,ZAF,2017,internet_women,42.4,dhs
ZAF.6_1,ZAF,2017,internet_men,47.2,dhs
ZAF.6_1,ZAF,2017,internet_fm_ratio,0.833,dhs
ZAF.6_1,ZAF,2017,mobile_women,94.4,dhs
ZAF.6_1,ZAF,2017,mobile_men,95.5,dhs
ZAF.6_1,ZAF,2017,mobile_fm_ratio,0.989,dhs
ZAF.7_1,ZAF,2017,internet_women,43.5,dhs
ZAF.7_1,ZAF,2017,internet_men,50,dhs
ZAF.7_1,ZAF,2017,internet_fm_ratio,0.824,dhs
ZAF.7_1,ZAF,2017,mobile_women,89.7,dhs
ZAF.7_1,ZAF,2017,mobile_men,91.7,dhs
ZAF.7_1,ZAF,2017,mobile_fm_ratio,0.978,dhs
ZAF.8_1,ZAF,2017,internet_women,43.9,dhs
ZAF.8_1,ZAF,2017,internet_men,50.3,dhs
ZAF.8_1,ZAF,2017,internet_fm_ratio,0.85,dhs
ZAF.8_1,ZAF,2017,mobile_women,82.7,dhs
ZAF.8_1,ZAF,2017,mobile_men,78.5,dhs
ZAF.8_1,ZAF,2017,mobile_fm_ratio,1.053,dhs
ZAF.9_1,ZAF,2017,internet_women,64.9,dhs
ZAF.9_1,ZAF,2017,internet_men,61.7,dhs
ZAF.9_1,ZAF,2017,internet_fm_ratio,1.032,dhs
ZAF.9_1,ZAF,2017,mobile_women,87.9,dhs
ZAF.9_1,ZAF,2017,mobile_men,84.4,dhs
ZAF.9_1,ZAF,2017,mobile_fm_ratio,1.042,dhs
ZMB.1_1,ZMB,2018,internet_women,11.4,dhs
ZMB.1_1,ZMB,2018,internet_men,28.6,dhs
ZMB.1_1,ZMB,2018,internet_fm_ratio,0.371,dhs
ZMB.1_1,ZMB,2018,mobile_women,54.6,dhs
ZMB.1_1,ZMB,2018,mobile_men,68.3,dhs
ZMB.1_1,ZMB,2018,mobile_fm_ratio,0.799,dhs
ZMB.10_1,ZMB,2018,internet_women,7.7,dhs
ZMB.10_1,ZMB,2018,internet_men,14,dhs
ZMB.10_1,ZMB,2018,internet_fm_ratio,0.511,dhs
ZMB.10_1,ZMB,2018,mobile_women,37.9,dhs
ZMB.10_1,ZMB,2018,mobile_men,53.7,dhs
ZMB.10_1,ZMB,2018,mobile_fm_ratio,0.705,dhs
ZMB.2_1,ZMB,2018,internet_women,22.9,dhs
ZMB.2_1,ZMB,2018,internet_men,35.5,dhs
ZMB.2_1,ZMB,2018,internet_fm_ratio,0.6,dhs
ZMB.2_1,ZMB,2018,mobile_women,72,dhs
ZMB.2_1,ZMB,2018,mobile_men,72.9,dhs
ZMB.2_1,ZMB,2018,mobile_fm_ratio,0.988,dhs
ZMB.3_1,ZMB,2018,internet_women,4.9,dhs
ZMB.3_1,ZMB,2018,internet_men,11,dhs
ZMB.3_1,ZMB,2018,internet_fm_ratio,0.431,dhs
ZMB.3_1,ZMB,2018,mobile_women,37.7,dhs
ZMB.3_1,ZMB,2018,mobile_men,61.8,dhs
ZMB.3_1,ZMB,2018,mobile_fm_ratio,0.611,dhs
ZMB.4_1,ZMB,2018,internet_women,6.4,dhs
ZMB.4_1,ZMB,2018,internet_men,10.4,dhs
ZMB.4_1,ZMB,2018,internet_fm_ratio,0.53,dhs
ZMB.4_1,ZMB,2018,mobile_women,32.1,dhs
ZMB.4_1,ZMB,2018,mobile_men,49.2,dhs
ZMB.4_1,ZMB,2018,mobile_fm_ratio,0.653,dhs
ZMB.5_1,ZMB,2018,internet_women,24.4,dhs
ZMB.5_1,ZMB,2018,internet_men,50,dhs
ZMB.5_1,ZMB,2018,internet_fm_ratio,0.451,dhs
ZMB.5_1,ZMB,2018,mobile_women,77.6,dhs
ZMB.5_1,ZMB,2018,mobile_men,77.8,dhs
ZMB.5_1,ZMB,2018,mobile_fm_ratio,0.998,dhs
ZMB.6_1,ZMB,2018,internet_women,6,dhs
ZMB.6_1,ZMB,2018,internet_men,6.7,dhs
ZMB.6_1,ZMB,2018,internet_fm_ratio,0.81,dhs
ZMB.6_1,ZMB,2018,mobile_women,29.7,dhs
ZMB.6_1,ZMB,2018,mobile_men,54.1,dhs
ZMB.6_1,ZMB,2018,mobile_fm_ratio,0.55,dhs
ZMB.7_1,ZMB,2018,internet_women,13.6,dhs
ZMB.7_1,ZMB,2018,internet_men,24,dhs
ZMB.7_1,ZMB,2018,internet_fm_ratio,0.495,dhs
ZMB.7_1,ZMB,2018,mobile_women,44.1,dhs
ZMB.7_1,ZMB,2018,mobile_men,56.6,dhs
ZMB.7_1,ZMB,2018,mobile_fm_ratio,0.778,dhs
ZMB.8_1,ZMB,2018,internet_women,5.1,dhs
ZMB.8_1,ZMB,2018,internet_men,12.2,dhs
ZMB.8_1,ZMB,2018,internet_fm_ratio,0.387,dhs
ZMB.8_1,ZMB,2018,mobile_women,27.5,dhs
ZMB.8_1,ZMB,2018,mobile_men,48.2,dhs
ZMB.8_1,ZMB,2018,mobile_fm_ratio,0.571,dhs
ZMB.9_1,ZMB,2018,internet_women,7.4,dhs
ZMB.9_1,ZMB,2018,internet_men,22.7,dhs
ZMB.9_1,ZMB,2018,internet_fm_ratio,0.303,dhs
ZMB.9_1,ZMB,2018,mobile_women,52.4,dhs
ZMB.9_1,ZMB,2018,mobile_men,74.2,dhs
ZMB.9_1,ZMB,2018,mobile_fm_ratio,0.706,dhs
ZWE.1_1,ZWE,2015,internet_women,57.6,dhs
ZWE.1_1,ZWE,2015,internet_men,77.1,dhs
ZWE.1_1,ZWE,2015,internet_fm_ratio,0.729,dhs
ZWE.1_1,ZWE,2015,mobile_women,86.7,dhs
ZWE.1_1,ZWE,2015,mobile_men,85.7,dhs
ZWE.1_1,ZWE,2015,mobile_fm_ratio,1.012,dhs
ZWE.10_1,ZWE,2015,internet_women,21,dhs
ZWE.10_1,ZWE,2015,internet_men,34.1,dhs
ZWE.10_1,ZWE,2015,internet_fm_ratio,0.553,dhs
ZWE.10_1,ZWE,2015,mobile_women,69.2,dhs
ZWE.10_1,ZWE,2015,mobile_men,69.5,dhs
ZWE.10_1,ZWE,2015,mobile_fm_ratio,0.997,dhs
ZWE.2_1,ZWE,2015,internet_women,50.8,dhs
ZWE.2_1,ZWE,2015,internet_men,73.5,dhs
ZWE.2_1,ZWE,2015,internet_fm_ratio,0.672,dhs
ZWE.2_1,ZWE,2015,mobile_women,83.2,dhs
ZWE.2_1,ZWE,2015,mobile_men,88.1,dhs
ZWE.2_1,ZWE,2015,mobile_fm_ratio,0.944,dhs
ZWE.3_1,ZWE,2015,internet_women,10.8,dhs
ZWE.3_1,ZWE,2015,internet_men,23.6,dhs
ZWE.3_1,ZWE,2015,internet_fm_ratio,0.407,dhs
ZWE.3_1,ZWE,2015,mobile_women,66.9,dhs
ZWE.3_1,ZWE,2015,mobile_men,70.2,dhs
ZWE.3_1,ZWE,2015,mobile_fm_ratio,0.953,dhs
ZWE.4_1,ZWE,2015,internet_women,11,dhs
ZWE.4_1,ZWE,2015,internet_men,18.1,dhs
ZWE.4_1,ZWE,2015,internet_fm_ratio,0.563,dhs
ZWE.4_1,ZWE,2015,mobile_women,53.6,dhs
ZWE.4_1,ZWE,2015,mobile_men,63.2,dhs
ZWE.4_1,ZWE,2015,mobile_fm_ratio,0.847,dhs
ZWE.5_1,ZWE,2015,internet_women,22.4,dhs
ZWE.5_1,ZWE,2015,internet_men,29.9,dhs
ZWE.5_1,ZWE,2015,internet_fm_ratio,0.654,dhs
ZWE.5_1,ZWE,2015,mobile_women,64.4,dhs
ZWE.5_1,ZWE,2015,mobile_men,74.9,dhs
ZWE.5_1,ZWE,2015,mobile_fm_ratio,0.859,dhs
ZWE.6_1,ZWE,2015,internet_women,22.3,dhs
ZWE.6_1,ZWE,2015,internet_men,29.5,dhs
ZWE.6_1,ZWE,2015,internet_fm_ratio,0.72,dhs
ZWE.6_1,ZWE,2015,mobile_women,61.6,dhs
ZWE.6_1,ZWE,2015,mobile_men,72.4,dhs
ZWE.6_1,ZWE,2015,mobile_fm_ratio,0.85,dhs
ZWE.7_1,ZWE,2015,internet_women,16.4,dhs
ZWE.7_1,ZWE,2015,internet_men,27.4,dhs
ZWE.7_1,ZWE,2015,internet_fm_ratio,0.533,dhs
ZWE.7_1,ZWE,2015,mobile_women,68.6,dhs
ZWE.7_1,ZWE,2015,mobile_men,68.7,dhs
ZWE.7_1,ZWE,2015,mobile_fm_ratio,0.999,dhs
ZWE.8_1,ZWE,2015,internet_women,16.9,dhs
ZWE.8_1,ZWE,2015,internet_men,22.2,dhs
ZWE.8_1,ZWE,2015,internet_fm_ratio,0.697,dhs
ZWE.8_1,ZWE,2015,mobile_women,61.6,dhs
ZWE.8_1,ZWE,2015,mobile_men,59.9,dhs
ZWE.8_1,ZWE,2015,mobile_fm_ratio,1.028,dhs
ZWE.9_1,ZWE,2015,internet_women,24.8,dhs
ZWE.9_1,ZWE,2015,internet_men,30.7,dhs
ZWE.9_1,ZWE,2015,internet_fm_ratio,0.724,dhs
ZWE.9_1,ZWE,2015,mobile_women,74.6,dhs
ZWE.9_1,ZWE,2015,mobile_men,67.6,dhs
ZWE.9_1,ZWE,2015,mobile_fm_ratio,1.103,dhs
