gid_1,gid_0,survey_year,outcome,observed,source
ALB.1_1,ALB,2017,mobile_women,84.4065505183818,dhs
ALB.1_1,ALB,2017,mobile_men,96.0006960948057,dhs
ALB.1_1,ALB,2017,mobile_fm_ratio,0.879228525958041,dhs
ALB.10_1,ALB,2017,mobile_women,92.2289770338197,dhs
ALB.10_1,ALB,2017,mobile_men,97.4676399268089,dhs
ALB.10_1,ALB,2017,mobile_fm_ratio,0.946252285405463,dhs
ALB.11_1,ALB,2017,mobile_women,94.1532949573609,dhs
ALB.11_1,ALB,2017,mobile_men,90.280410413816,dhs
ALB.11_1,ALB,2017,mobile_fm_ratio,1.04289839319286,dhs
ALB.12_1,ALB,2017,mobile_women,95.4879561239922,dhs
ALB.12_1,ALB,2017,mobile_men,98.5559170859107,dhs
ALB.12_1,ALB,2017,mobile_fm_ratio,0.968870859785678,dhs
ALB.2_1,ALB,2017,mobile_women,79.7505553056169,dhs
ALB.2_1,ALB,2017,mobile_men,92.7454148489113,dhs
ALB.2_1,ALB,2017,mobile_fm_ratio,0.859886771066108,dhs
ALB.3_1,ALB,2017,mobile_women,96.0140121112802,dhs
ALB.3_1,ALB,2017,mobile_men,94.4639123147499,dhs
ALB.3_1,ALB,2017,mobile_fm_ratio,1.01640943889096,dhs
ALB.4_1,ALB,2017,mobile_women,87.8399790416167,dhs
ALB.4_1,ALB,2017,mobile_men,94.4580622517196,dhs
ALB.4_1,ALB,2017,mobile_fm_ratio,0.929936280161385,dhs
ALB.5_1,ALB,2017,mobile_women,81.2485328402969,dhs
ALB.5_1,ALB,2017,mobile_men,97.8801056026452,dhs
ALB.5_1,ALB,2017,mobile_fm_ratio,0.830082194334097,dhs
ALB.6_1,ALB,2017,mobile_women,93.5612917157692,dhs
ALB.6_1,ALB,2017,mobile_men,97.0923200268468,dhs
ALB.6_1,ALB,2017,mobile_fm_ratio,0.963632259378484,dhs
ALB.7_1,ALB,2017,mobile_women,89.1316713481701,dhs
ALB.7_1,ALB,2017,mobile_men,95.5205776041344,dhs
ALB.7_1,ALB,2017,mobile_fm_ratio,0.933114869945177,dhs
ALB.8_1,ALB,2017,mobile_women,80.5917620235628,dhs
ALB.8_1,ALB,2017,mobile_men,97.00348341179,dhs
ALB.8_1,ALB,2017,mobile_fm_ratio,0.83081307174756,dhs
ALB.9_1,ALB,2017,mobile_women,89.3315294078095,dhs
ALB.9_1,ALB,2017,mobile_men,98.5765507821822,dhs
ALB.9_1,ALB,2017,mobile_fm_ratio,0.906214801582977,dhs
ARM.1_1,ARM,2015,internet_women,81.5249882572474,dhs
ARM.1_1,ARM,2015,internet_men,77.0661621651594,dhs
ARM.1_1,ARM,2015,internet_fm_ratio,1.04737632582949,dhs
ARM.1_1,ARM,2015,mobile_women,99.6077289817478,dhs
ARM.1_1,ARM,2015,mobile_men,98.7187173161737,dhs
ARM.1_1,ARM,2015,mobile_fm_ratio,1.00900550260116,dhs
ARM.10_1,ARM,2015,internet_women,76.7261225735782,dhs
ARM.10_1,ARM,2015,internet_men,90.1684541354324,dhs
ARM.10_1,ARM,2015,internet_fm_ratio,0.850919795722971,dhs
ARM.10_1,ARM,2015,mobile_women,94.9077952757806,dhs
ARM.10_1,ARM,2015,mobile_men,100,dhs
ARM.10_1,ARM,2015,mobile_fm_ratio,0.949077952757806,dhs
ARM.11_1,ARM,2015,internet_women,88.4102813944576,dhs
ARM.11_1,ARM,2015,internet_men,75.388869194263,dhs
ARM.11_1,ARM,2015,internet_fm_ratio,1.16630793010366,dhs
ARM.11_1,ARM,2015,mobile_women,97.1930714178526,dhs
ARM.11_1,ARM,2015,mobile_men,98.2273380172478,dhs
ARM.11_1,ARM,2015,mobile_fm_ratio,0.989470684839147,dhs
ARM.2_1,ARM,2015,internet_women,77.4193867183725,dhs
ARM.2_1,ARM,2015,internet_men,77.4263814898079,dhs
ARM.2_1,ARM,2015,internet_fm_ratio,0.880692449987087,dhs
ARM.2_1,ARM,2015,mobile_women,96.9781543202403,dhs
ARM.2_1,ARM,2015,mobile_men,98.9560222704191,dhs
ARM.2_1,ARM,2015,mobile_fm_ratio,0.980012657089491,dhs
ARM.3_1,ARM,2015,internet_women,73.8635117758087,dhs
ARM.3_1,ARM,2015,internet_men,76.4107485981965,dhs
ARM.3_1,ARM,2015,internet_fm_ratio,0.966663893900813,dhs
ARM.3_1,ARM,2015,mobile_women,89.8123920351177,dhs
ARM.3_1,ARM,2015,mobile_men,95.9460951211454,dhs
ARM.3_1,ARM,2015,mobile_fm_ratio,0.936071363005623,dhs
ARM.4_1,ARM,2015,internet_women,95.8876899510649,dhs
ARM.4_1,ARM,2015,internet_men,95.1908901572146,dhs
ARM.4_1,ARM,2015,internet_fm_ratio,1.00165861403029,dhs
ARM.4_1,ARM,2015,mobile_women,99.7827740424747,dhs
ARM.4_1,ARM,2015,mobile_men,99.4619775237478,dhs
ARM.4_1,ARM,2015,mobile_fm_ratio,1.0032253181237,dhs
ARM.5_1,ARM,2015,internet_women,83.4529182849627,dhs
ARM.5_1,ARM,2015,internet_men,92.8069608692389,dhs
ARM.5_1,ARM,2015,internet_fm_ratio,0.884292283158041,dhs
ARM.5_1,ARM,2015,mobile_women,91.2099187602712,dhs
ARM.5_1,ARM,2015,mobile_men,97.5539904644284,dhs
ARM.5_1,ARM,2015,mobile_fm_ratio,0.934968608931785,dhs
ARM.6_1,ARM,2015,internet_women,85.6537002865959,dhs
ARM.6_1,ARM,2015,internet_men,94.0389253358359,dhs
ARM.6_1,ARM,2015,internet_fm_ratio,0.910832402440858,dhs
ARM.6_1,ARM,2015,mobile_women,96.544354038535,dhs
ARM.6_1,ARM,2015,mobile_men,100,dhs
ARM.6_1,ARM,2015,mobile_fm_ratio,0.96544354038535,dhs
ARM.7_1,ARM,2015,internet_women,84.2717562334873,dhs
ARM.7_1,ARM,2015,internet_men,88.7180698153435,dhs
ARM.7_1,ARM,2015,internet_fm_ratio,0.918582520580653,dhs
ARM.7_1,ARM,2015,mobile_women,99.2026493104801,dhs
ARM.7_1,ARM,2015,mobile_men,98.2463471932759,dhs
ARM.7_1,ARM,2015,mobile_fm_ratio,1.00973371676937,dhs
ARM.8_1,ARM,2015,internet_women,86.7290957483244,dhs
ARM.8_1,ARM,2015,internet_men,98.2390441254107,dhs
ARM.8_1,ARM,2015,internet_fm_ratio,0.88283733336826,dhs
ARM.8_1,ARM,2015,mobile_women,98.2991574602402,dhs
ARM.8_1,ARM,2015,mobile_men,100,dhs
ARM.8_1,ARM,2015,mobile_fm_ratio,0.982991574602402,dhs
ARM.9_1,ARM,2015,internet_women,92.1742580155518,dhs
ARM.9_1,ARM,2015,internet_men,89.8248114594661,dhs
ARM.9_1,ARM,2015,internet_fm_ratio,0.999534857530291,dhs
ARM.9_1,ARM,2015,mobile_women,98.1607069346248,dhs
ARM.9_1,ARM,2015,mobile_men,98.2436124552225,dhs
ARM.9_1,ARM,2015,mobile_fm_ratio,0.999156123044279,dhs
BGD.1_1,BGD,2018,mobile_women,63.2590961169683,dhs
BGD.2_1,BGD,2018,mobile_women,70.1685724203056,dhs
BGD.3_1,BGD,2018,mobile_women,69.18402061248,dhs
BGD.4_1,BGD,2018,mobile_women,55.1470523205021,dhs
BGD.5_1,BGD,2018,mobile_women,50.8119061922447,dhs
BGD.6_1,BGD,2018,mobile_women,46.5804867283669,dhs
BGD.7_1,BGD,2018,mobile_women,55.5724791430889,dhs
BGD.8_1,BGD,2018,mobile_women,53.5336023203466,dhs
HTI.1_1,HTI,2016,internet_women,15.5758529441155,dhs
HTI.1_1,HTI,2016,internet_men,24.3188134514884,dhs
HTI.1_1,HTI,2016,internet_fm_ratio,0.540508633856418,dhs
HTI.1_1,HTI,2016,mobile_women,39.4081090631944,dhs
HTI.1_1,HTI,2016,mobile_men,58.3840878159589,dhs
HTI.1_1,HTI,2016,mobile_fm_ratio,0.674980299211295,dhs
HTI.10_1,HTI,2016,internet_women,25.7867980644935,dhs
HTI.10_1,HTI,2016,internet_men,30.0856997407521,dhs
HTI.10_1,HTI,2016,internet_fm_ratio,0.78098496109001,dhs
HTI.10_1,HTI,2016,mobile_women,56.6224706033368,dhs
HTI.10_1,HTI,2016,mobile_men,65.1450350696326,dhs
HTI.10_1,HTI,2016,mobile_fm_ratio,0.869175533374321,dhs
HTI.2_1,HTI,2016,internet_women,15.8935858110819,dhs
HTI.2_1,HTI,2016,internet_men,16.5911083607572,dhs
HTI.2_1,HTI,2016,internet_fm_ratio,0.835132760816731,dhs
HTI.2_1,HTI,2016,mobile_women,48.6080889478891,dhs
HTI.2_1,HTI,2016,mobile_men,57.3571931546758,dhs
HTI.2_1,HTI,2016,mobile_fm_ratio,0.847462825051552,dhs
HTI.3_1,HTI,2016,internet_women,22.7845580264092,dhs
HTI.3_1,HTI,2016,internet_men,36.7532629772729,dhs
HTI.3_1,HTI,2016,internet_fm_ratio,0.582607222215851,dhs
HTI.3_1,HTI,2016,mobile_women,49.4944047627731,dhs
HTI.3_1,HTI,2016,mobile_men,64.3458108852047,dhs
HTI.3_1,HTI,2016,mobile_fm_ratio,0.7691938928405612,dhs
HTI.4_1,HTI,2016,internet_women,28.4437123083734,dhs
HTI.4_1,HTI,2016,internet_men,27.3978629105762,dhs
HTI.4_1,HTI,2016,internet_fm_ratio,0.975121596324437,dhs
HTI.4_1,HTI,2016,mobile_women,60.8786379196943,dhs
HTI.4_1,HTI,2016,mobile_men,67.1005374965125,dhs
HTI.4_1,HTI,2016,mobile_fm_ratio,0.907274966655199,dhs
HTI.5_1,HTI,2016,internet_women,18.0824869288041,dhs
HTI.5_1,HTI,2016,internet_men,34.0869465494004,dhs
HTI.5_1,HTI,2016,internet_fm_ratio,0.496551048174018,dhs
HTI.5_1,HTI,2016,mobile_women,50.9665921886143,dhs
HTI.5_1,HTI,2016,mobile_men,74.0816509545413,dhs
HTI.5_1,HTI,2016,mobile_fm_ratio,0.687978622667156,dhs
HTI.6_1,HTI,2016,internet_women,20.6860575573742,dhs
HTI.6_1,HTI,2016,internet_men,36.1243847503862,dhs
HTI.6_1,HTI,2016,internet_fm_ratio,0.54808538849311,dhs
HTI.6_1,HTI,2016,mobile_women,53.3272714740036,dhs
HTI.6_1,HTI,2016,mobile_men,71.514557464488007,dhs
HTI.6_1,HTI,2016,mobile_fm_ratio,0.745684142707369,dhs
HTI.7_1,HTI,2016,internet_women,27.7669538903701,dhs
HTI.7_1,HTI,2016,internet_men,36.0845054054999,dhs
HTI.7_1,HTI,2016,internet_fm_ratio,0.716531962051141,dhs
HTI.7_1,HTI,2016,mobile_women,58.4599686832909,dhs
HTI.7_1,HTI,2016,mobile_men,68.4208867134773,dhs
HTI.7_1,HTI,2016,mobile_fm_ratio,0.854416998834009,dhs
HTI.8_1,HTI,2016,internet_women,40.4833295220724,dhs
HTI.8_1,HTI,2016,internet_men,55.9250253668723,dhs
HTI.8_1,HTI,2016,internet_fm_ratio,0.680608064054736,dhs
HTI.8_1,HTI,2016,mobile_women,63.9987816383037,dhs
HTI.8_1,HTI,2016,mobile_men,75.7499534618342,dhs
HTI.8_1,HTI,2016,mobile_fm_ratio,0.844868923524142,dhs
HTI.9_1,HTI,2016,internet_women,27.6249355447784,dhs
HTI.9_1,HTI,2016,internet_men,28.2202901647751,dhs
HTI.9_1,HTI,2016,internet_fm_ratio,0.886317686893204,dhs
HTI.9_1,HTI,2016,mobile_women,54.1247443214296,dhs
HTI.9_1,HTI,2016,mobile_men,67.0107168481682,dhs
HTI.9_1,HTI,2016,mobile_fm_ratio,0.807702810343972,dhs
IND.1_1,IND,2020,internet_women,36.026587080283,dhs
IND.1_1,IND,2020,internet_men,46.3732654018694,dhs
IND.1_1,IND,2020,internet_fm_ratio,0.738038553672547,dhs
IND.1_1,IND,2020,mobile_women,83.3887673507658,dhs
IND.1_1,IND,2020,mobile_men,95.3119455894932,dhs
IND.1_1,IND,2020,mobile_fm_ratio,0.874903631806234,dhs
IND.10_1,IND,2020,internet_women,74.0941883872557,dhs
IND.10_1,IND,2020,internet_men,78.3345865582946,dhs
IND.10_1,IND,2020,internet_fm_ratio,0.898574717254822,dhs
IND.10_1,IND,2020,mobile_women,91.5548161822167,dhs
IND.10_1,IND,2020,mobile_men,97.3217816754653,dhs
IND.10_1,IND,2020,mobile_fm_ratio,0.940743321854922,dhs
IND.11_1,IND,2020,internet_women,28.6740868869906,dhs
IND.11_1,IND,2020,internet_men,54.5685117103292,dhs
IND.11_1,IND,2020,internet_fm_ratio,0.499195995801454,dhs
IND.11_1,IND,2020,mobile_women,46.4841123238807,dhs
IND.11_1,IND,2020,mobile_men,90.8187696320607,dhs
IND.11_1,IND,2020,mobile_fm_ratio,0.511833759829653,dhs
IND.12_1,IND,2020,internet_women,49.5154050007908,dhs
IND.12_1,IND,2020,internet_men,69.4433828433228,dhs
IND.12_1,IND,2020,internet_fm_ratio,0.677381095573662,dhs
IND.12_1,IND,2020,mobile_women,50.5790223624313,dhs
IND.12_1,IND,2020,mobile_men,90.653922829504907,dhs
IND.12_1,IND,2020,mobile_fm_ratio,0.557935286016872,dhs
IND.13_1,IND,2020,internet_women,48.526907844254,dhs
IND.13_1,IND,2020,internet_men,63.9659078719547,dhs
IND.13_1,IND,2020,internet_fm_ratio,0.720705200406507,dhs
IND.13_1,IND,2020,mobile_women,78.4637533934358,dhs
IND.13_1,IND,2020,mobile_men,96.6297505742562,dhs
IND.13_1,IND,2020,mobile_fm_ratio,0.812004097362742,dhs
IND.15_1,IND,2020,internet_women,32.1281506997639,dhs
IND.15_1,IND,2020,internet_men,55.643702005266,dhs
IND.15_1,IND,2020,internet_fm_ratio,0.548521073631787,dhs
IND.15_1,IND,2020,mobile_women,49.1704987996822,dhs
IND.15_1,IND,2020,mobile_men,87.9264643245479,dhs
IND.15_1,IND,2020,mobile_fm_ratio,0.559222973167528,dhs
IND.16_1,IND,2020,internet_women,34.4272730728773,dhs
IND.16_1,IND,2020,internet_men,56.2400371980797,dhs
IND.16_1,IND,2020,internet_fm_ratio,0.581541390238451,dhs
IND.16_1,IND,2020,mobile_women,60.0896693016844,dhs
IND.16_1,IND,2020,mobile_men,93.8526320225213,dhs
IND.16_1,IND,2020,mobile_fm_ratio,0.640255558174064,dhs
IND.17_1,IND,2020,internet_women,61.4726992608467,dhs
IND.17_1,IND,2020,internet_men,73.0953517819527,dhs
IND.17_1,IND,2020,internet_fm_ratio,0.798943610970118,dhs
IND.17_1,IND,2020,mobile_women,87.2361106262666,dhs
IND.17_1,IND,2020,mobile_men,97.3273020132942,dhs
IND.17_1,IND,2020,mobile_fm_ratio,0.896316951376611,dhs
IND.18_1,IND,2020,internet_women,52.4041630003522,dhs
IND.18_1,IND,2020,internet_men,81.1746332610605,dhs
IND.18_1,IND,2020,internet_fm_ratio,0.613294484377005,dhs
IND.18_1,IND,2020,mobile_women,82.6844621781312,dhs
IND.18_1,IND,2020,mobile_men,97.0427942145131,dhs
IND.18_1,IND,2020,mobile_fm_ratio,0.852041234461543,dhs
IND.19_1,IND,2020,internet_women,27.4829483948586,dhs
IND.19_1,IND,2020,internet_men,53.1770815019852,dhs
IND.19_1,IND,2020,internet_fm_ratio,0.490978448566061,dhs
IND.19_1,IND,2020,mobile_women,39.273011027107,dhs
IND.19_1,IND,2020,mobile_men,88.2427365029771,dhs
IND.19_1,IND,2020,mobile_fm_ratio,0.44505658577102303,dhs
IND.2_1,IND,2020,internet_women,20.7960077146948,dhs
IND.2_1,IND,2020,internet_men,45.3516980383809,dhs
IND.2_1,IND,2020,internet_fm_ratio,0.435622218869081,dhs
IND.2_1,IND,2020,mobile_women,48.8424411376702,dhs
IND.2_1,IND,2020,mobile_men,94.9197209281869,dhs
IND.2_1,IND,2020,mobile_fm_ratio,0.514565789490919,dhs
IND.20_1,IND,2020,internet_women,38.8886471812718,dhs
IND.20_1,IND,2020,internet_men,59.802284115169,dhs
IND.20_1,IND,2020,internet_fm_ratio,0.617772638099574,dhs
IND.20_1,IND,2020,mobile_women,55.122606557045,dhs
IND.20_1,IND,2020,mobile_men,94.7364831770654,dhs
IND.20_1,IND,2020,mobile_fm_ratio,0.581851940334529,dhs
IND.21_1,IND,2020,internet_women,43.6404081927222,dhs
IND.21_1,IND,2020,internet_men,69.2405602762884,dhs
IND.21_1,IND,2020,internet_fm_ratio,0.598758698913701,dhs
IND.21_1,IND,2020,mobile_women,72.748938038842,dhs
IND.21_1,IND,2020,mobile_men,91.5096818268429,dhs
IND.21_1,IND,2020,mobile_fm_ratio,0.794986241745431,dhs
IND.22_1,IND,2020,internet_women,33.6189716028262,dhs
IND.22_1,IND,2020,internet_men,39.5622755414383,dhs
IND.22_1,IND,2020,internet_fm_ratio,0.807284782929951,dhs
IND.22_1,IND,2020,mobile_women,66.5638959401204,dhs
IND.22_1,IND,2020,mobile_men,86.1800452195015,dhs
IND.22_1,IND,2020,mobile_fm_ratio,0.772381770867971,dhs
IND.23_1,IND,2020,internet_women,69.8833411817874,dhs
IND.23_1,IND,2020,internet_men,77.4312153436362,dhs
IND.23_1,IND,2020,internet_fm_ratio,0.857395480983554,dhs
IND.23_1,IND,2020,mobile_women,82.7053148150441,dhs
IND.23_1,IND,2020,mobile_men,91.9085024827373,dhs
IND.23_1,IND,2020,mobile_fm_ratio,0.899865764112284,dhs
IND.24_1,IND,2020,internet_women,48.5247820710258,dhs
IND.24_1,IND,2020,internet_men,60.4828186579093,dhs
IND.24_1,IND,2020,internet_fm_ratio,0.762175837541695,dhs
IND.24_1,IND,2020,mobile_women,81.9385340821336,dhs
IND.24_1,IND,2020,mobile_men,94.9430825214243,dhs
IND.24_1,IND,2020,mobile_fm_ratio,0.863027952180127,dhs
IND.25_1,IND,2020,internet_women,64.775638541499,dhs
IND.25_1,IND,2020,internet_men,82.3861760661313,dhs
IND.25_1,IND,2020,internet_fm_ratio,0.746931822215276,dhs
IND.25_1,IND,2020,mobile_women,74.2167509858428,dhs
IND.25_1,IND,2020,mobile_men,95.511638849593,dhs
IND.25_1,IND,2020,mobile_fm_ratio,0.777044053266803,dhs
IND.26_1,IND,2020,internet_women,24.7302662156518,dhs
IND.26_1,IND,2020,internet_men,48.0699245722302,dhs
IND.26_1,IND,2020,internet_fm_ratio,0.488741205939845,dhs
IND.26_1,IND,2020,mobile_women,50.42616154977,dhs
IND.26_1,IND,2020,mobile_men,86.6579957175669,dhs
IND.26_1,IND,2020,mobile_fm_ratio,0.58189854418186,dhs
IND.27_1,IND,2020,internet_women,68.2674709393175,dhs
IND.27_1,IND,2020,internet_men,79.7900126552525,dhs
IND.27_1,IND,2020,internet_fm_ratio,0.812809714325598,dhs
IND.27_1,IND,2020,mobile_women,88.1566401223177,dhs
IND.27_1,IND,2020,mobile_men,88.9349705564424,dhs
IND.27_1,IND,2020,mobile_fm_ratio,0.991248319651371,dhs
IND.28_1,IND,2020,internet_women,54.3795627178584,dhs
IND.28_1,IND,2020,internet_men,73.9889947043006,dhs
IND.28_1,IND,2020,internet_fm_ratio,0.698219847268214,dhs
IND.28_1,IND,2020,mobile_women,61.5200027287988,dhs
IND.28_1,IND,2020,mobile_men,93.4508261869646,dhs
IND.28_1,IND,2020,mobile_fm_ratio,0.658314166273044,dhs
IND.29_1,IND,2020,internet_women,36.9588160203858,dhs
IND.29_1,IND,2020,internet_men,62.0309021665373,dhs
IND.29_1,IND,2020,internet_fm_ratio,0.566022321021588,dhs
IND.29_1,IND,2020,mobile_women,49.959738524542,dhs
IND.29_1,IND,2020,mobile_men,91.5607297133471,dhs
IND.29_1,IND,2020,mobile_fm_ratio,0.545645919172477,dhs
IND.3_1,IND,2020,internet_women,57.7979059824204,dhs
IND.3_1,IND,2020,internet_men,68.8713061815584,dhs
IND.3_1,IND,2020,internet_fm_ratio,0.797255253712642,dhs
IND.3_1,IND,2020,mobile_women,75.6705059453354,dhs
IND.3_1,IND,2020,mobile_men,91.408323544228,dhs
IND.3_1,IND,2020,mobile_fm_ratio,0.82782949091854,dhs
IND.30_1,IND,2020,internet_women,78.0443566818349,dhs
IND.30_1,IND,2020,internet_men,75.2118677392358,dhs
IND.30_1,IND,2020,internet_fm_ratio,0.985777126354561,dhs
IND.30_1,IND,2020,mobile_women,89.2977315366407,dhs
IND.30_1,IND,2020,mobile_men,95.7041787222217,dhs
IND.30_1,IND,2020,mobile_fm_ratio,0.933059901133727,dhs
IND.31_1,IND,2020,internet_women,45.8750728816137,dhs
IND.31_1,IND,2020,internet_men,65.5127791590786,dhs
IND.31_1,IND,2020,internet_fm_ratio,0.665233864246678,dhs
IND.31_1,IND,2020,mobile_women,75.0507550257097,dhs
IND.31_1,IND,2020,mobile_men,93.9761951678957,dhs
IND.31_1,IND,2020,mobile_fm_ratio,0.798614530963142,dhs
IND.32_1,IND,2020,internet_women,24.3202028780159,dhs
IND.32_1,IND,2020,internet_men,50.8826279730848,dhs
IND.32_1,IND,2020,internet_fm_ratio,0.454068385507455,dhs
IND.32_1,IND,2020,mobile_women,58.7193909768547,dhs
IND.32_1,IND,2020,mobile_men,95.7754708536392,dhs
IND.32_1,IND,2020,mobile_fm_ratio,0.613094255277405,dhs
IND.33_1,IND,2020,internet_women,22.3952686470874,dhs
IND.33_1,IND,2020,internet_men,42.3822165834222,dhs
IND.33_1,IND,2020,internet_fm_ratio,0.501991328670973,dhs
IND.33_1,IND,2020,mobile_women,53.3507243189285,dhs
IND.33_1,IND,2020,mobile_men,89.5371226418942,dhs
IND.33_1,IND,2020,mobile_fm_ratio,0.595850332741939,dhs
IND.34_1,IND,2020,internet_women,31.0471913358137,dhs
IND.34_1,IND,2020,internet_men,56.7822017308133,dhs
IND.34_1,IND,2020,internet_fm_ratio,0.519437972991057,dhs
IND.34_1,IND,2020,mobile_women,46.3852052537517,dhs
IND.34_1,IND,2020,mobile_men,89.0562243408529,dhs
IND.34_1,IND,2020,mobile_fm_ratio,0.520853040841002,dhs
IND.35_1,IND,2020,internet_women,45.9855293853108,dhs
IND.35_1,IND,2020,internet_men,70.3704151059502,dhs
IND.35_1,IND,2020,internet_fm_ratio,0.620804252046417,dhs
IND.35_1,IND,2020,mobile_women,60.8739821032055,dhs
IND.35_1,IND,2020,mobile_men,89.1469984288012,dhs
IND.35_1,IND,2020,mobile_fm_ratio,0.682849486534575,dhs
IND.36_1,IND,2020,internet_women,24.9330963727053,dhs
IND.36_1,IND,2020,internet_men,44.0835686143243,dhs
IND.36_1,IND,2020,internet_fm_ratio,0.537307715745443,dhs
IND.36_1,IND,2020,mobile_women,49.5941853044246,dhs
IND.36_1,IND,2020,mobile_men,89.8962371233356,dhs
IND.36_1,IND,2020,mobile_fm_ratio,0.551682549697631,dhs
IND.4_1,IND,2020,internet_women,28.0396240780543,dhs
IND.4_1,IND,2020,internet_men,40.7411801974276,dhs
IND.4_1,IND,2020,internet_fm_ratio,0.653825999764079,dhs
IND.4_1,IND,2020,mobile_women,56.9952335870643,dhs
IND.4_1,IND,2020,mobile_men,89.5797329831268,dhs
IND.4_1,IND,2020,mobile_fm_ratio,0.636251434214477,dhs
IND.5_1,IND,2020,internet_women,20.0498138967536,dhs
IND.5_1,IND,2020,internet_men,40.2014201467728,dhs
IND.5_1,IND,2020,internet_fm_ratio,0.473797272145494,dhs
IND.5_1,IND,2020,mobile_women,50.5152224440275,dhs
IND.5_1,IND,2020,mobile_men,90.3804125009135,dhs
IND.5_1,IND,2020,mobile_fm_ratio,0.558917812457615,dhs
IND.6_1,IND,2020,internet_women,72.2951872927772,dhs
IND.6_1,IND,2020,internet_men,86.6321030708406,dhs
IND.6_1,IND,2020,internet_fm_ratio,0.792782646312731,dhs
IND.6_1,IND,2020,mobile_women,69.4492176988306,dhs
IND.6_1,IND,2020,mobile_men,91.2327744897295,dhs
IND.6_1,IND,2020,mobile_fm_ratio,0.761231016893483,dhs
IND.7_1,IND,2020,internet_women,26.8921801060597,dhs
IND.7_1,IND,2020,internet_men,54.114697015163,dhs
IND.7_1,IND,2020,internet_fm_ratio,0.472100418368753,dhs
IND.7_1,IND,2020,mobile_women,41.3713451281023,dhs
IND.7_1,IND,2020,mobile_men,87.1136665308914,dhs
IND.7_1,IND,2020,mobile_fm_ratio,0.474912224173593,dhs
IND.8_1,IND,2020,internet_women,32.7322557446929,dhs
IND.8_1,IND,2020,internet_men,64.5199637742045,dhs
IND.8_1,IND,2020,internet_fm_ratio,0.481953819228436,dhs
IND.8_1,IND,2020,mobile_women,54.4869176295036,dhs
IND.8_1,IND,2020,mobile_men,95.0406737959442,dhs
IND.8_1,IND,2020,mobile_fm_ratio,0.573301045260779,dhs
IND.9_1,IND,2020,internet_women,45.2284242806051,dhs
IND.9_1,IND,2020,internet_men,64.3656205516245,dhs
IND.9_1,IND,2020,internet_fm_ratio,0.667545852868972,dhs
IND.9_1,IND,2020,mobile_women,73.7122038249898,dhs
IND.9_1,IND,2020,mobile_men,93.5274642489172,dhs
IND.9_1,IND,2020,mobile_fm_ratio,0.788134313454812,dhs
KHM.1_1,KHM,2021,internet_women,71.349986129416,dhs
KHM.1_1,KHM,2021,internet_men,82.4049889370082,dhs
KHM.1_1,KHM,2021,internet_fm_ratio,0.843861972285688,dhs
KHM.1_1,KHM,2021,mobile_women,87.3698961251827,dhs
KHM.1_1,KHM,2021,mobile_men,90.552324852548,dhs
KHM.1_1,KHM,2021,mobile_fm_ratio,0.964855361443813,dhs
KHM.10_1,KHM,2021,internet_women,74.4597619511458,dhs
KHM.10_1,KHM,2021,internet_men,67.4849530159213,dhs
KHM.10_1,KHM,2021,internet_fm_ratio,1.08492274157821,dhs
KHM.10_1,KHM,2021,mobile_women,85.8052804588785,dhs
KHM.10_1,KHM,2021,mobile_men,91.2180265278783,dhs
KHM.10_1,KHM,2021,mobile_fm_ratio,0.940661442973166,dhs
KHM.11_1,KHM,2021,internet_women,41.7135809026104,dhs
KHM.11_1,KHM,2021,internet_men,73.3572203105521,dhs
KHM.11_1,KHM,2021,internet_fm_ratio,0.560652373592096,dhs
KHM.11_1,KHM,2021,mobile_women,79.6360329006774,dhs
KHM.11_1,KHM,2021,mobile_men,90.6263878269242,dhs
KHM.11_1,KHM,2021,mobile_fm_ratio,0.878728975193893,dhs
KHM.12_1,KHM,2021,internet_women,81.2856808047205,dhs
KHM.12_1,KHM,2021,internet_men,89.8119832077159,dhs
KHM.12_1,KHM,2021,internet_fm_ratio,0.905064980212319,dhs
KHM.12_1,KHM,2021,mobile_women,89.5409227758629,dhs
KHM.12_1,KHM,2021,mobile_men,94.8368013838092,dhs
KHM.12_1,KHM,2021,mobile_fm_ratio,0.944157979490328,dhs
KHM.13_1,KHM,2021,internet_women,81.3065112762991,dhs
KHM.13_1,KHM,2021,internet_men,85.055341758028,dhs
KHM.13_1,KHM,2021,internet_fm_ratio,0.949364745519891,dhs
KHM.13_1,KHM,2021,mobile_women,90.9282731156055,dhs
KHM.13_1,KHM,2021,mobile_men,91.4039846687506,dhs
KHM.13_1,KHM,2021,mobile_fm_ratio,0.994795505306809,dhs
KHM.14_1,KHM,2021,internet_women,49.4656243407561,dhs
KHM.14_1,KHM,2021,internet_men,53.5133358072391,dhs
KHM.14_1,KHM,2021,internet_fm_ratio,0.908364580620525,dhs
KHM.14_1,KHM,2021,mobile_women,77.4060469867546,dhs
KHM.14_1,KHM,2021,mobile_men,87.0802932128236,dhs
KHM.14_1,KHM,2021,mobile_fm_ratio,0.88890429890463,dhs
KHM.15_1,KHM,2021,internet_women,44.8195200055283,dhs
KHM.15_1,KHM,2021,internet_men,75.1269297144802,dhs
KHM.15_1,KHM,2021,internet_fm_ratio,0.594108114794943,dhs
KHM.15_1,KHM,2021,mobile_women,86.9283985236535,dhs
KHM.15_1,KHM,2021,mobile_men,84.3602028067626,dhs
KHM.15_1,KHM,2021,mobile_fm_ratio,1.03044321411571,dhs
KHM.16_1,KHM,2021,internet_women,73.2367377777803,dhs
KHM.16_1,KHM,2021,internet_men,95.9980171517466,dhs
KHM.16_1,KHM,2021,internet_fm_ratio,0.762898442600258,dhs
KHM.16_1,KHM,2021,mobile_women,97.1348069769154,dhs
KHM.16_1,KHM,2021,mobile_men,96.8166664847568,dhs
KHM.16_1,KHM,2021,mobile_fm_ratio,1.0032860095654,dhs
KHM.17_1,KHM,2021,internet_women,69.1649024709723,dhs
KHM.17_1,KHM,2021,internet_men,67.4114248620619,dhs
KHM.17_1,KHM,2021,internet_fm_ratio,0.998324891226902,dhs
KHM.17_1,KHM,2021,mobile_women,87.6310394023339,dhs
KHM.17_1,KHM,2021,mobile_men,94.7369852995282,dhs
KHM.17_1,KHM,2021,mobile_fm_ratio,0.924992906680242,dhs
KHM.18_1,KHM,2021,internet_women,41.3178580472693,dhs
KHM.18_1,KHM,2021,internet_men,71.4637548306888,dhs
KHM.18_1,KHM,2021,internet_fm_ratio,0.576882744304237,dhs
KHM.18_1,KHM,2021,mobile_women,69.6291511659797,dhs
KHM.18_1,KHM,2021,mobile_men,82.6621938146946,dhs
KHM.18_1,KHM,2021,mobile_fm_ratio,0.842333695160191,dhs
KHM.19_1,KHM,2021,internet_women,72.8677808722381,dhs
KHM.19_1,KHM,2021,internet_men,87.4374529899617,dhs
KHM.19_1,KHM,2021,internet_fm_ratio,0.83042821444418,dhs
KHM.19_1,KHM,2021,mobile_women,78.9535267597005,dhs
KHM.19_1,KHM,2021,mobile_men,92.3769457543859,dhs
KHM.19_1,KHM,2021,mobile_fm_ratio,0.854688646771501,dhs
KHM.2_1,KHM,2021,internet_women,64.3404394618065,dhs
KHM.2_1,KHM,2021,internet_men,78.5843644341533,dhs
KHM.2_1,KHM,2021,internet_fm_ratio,0.816867624231798,dhs
KHM.2_1,KHM,2021,mobile_women,81.156180568994,dhs
KHM.2_1,KHM,2021,mobile_men,90.18406297559,dhs
KHM.2_1,KHM,2021,mobile_fm_ratio,0.899894924793535,dhs
KHM.20_1,KHM,2021,internet_women,27.8756045641216,dhs
KHM.20_1,KHM,2021,internet_men,60.8147179331551,dhs
KHM.20_1,KHM,2021,internet_fm_ratio,0.447435305434144,dhs
KHM.20_1,KHM,2021,mobile_women,55.9228910355245,dhs
KHM.20_1,KHM,2021,mobile_men,81.8957872877416,dhs
KHM.20_1,KHM,2021,mobile_fm_ratio,0.682854306522983,dhs
KHM.21_1,KHM,2021,internet_women,46.7145445479744,dhs
KHM.21_1,KHM,2021,internet_men,83.1251596700948,dhs
KHM.21_1,KHM,2021,internet_fm_ratio,0.560492784865918,dhs
KHM.21_1,KHM,2021,mobile_women,83.9509721033494,dhs
KHM.21_1,KHM,2021,mobile_men,89.3770009129332,dhs
KHM.21_1,KHM,2021,mobile_fm_ratio,0.939290547297849,dhs
KHM.22_1,KHM,2021,internet_women,70.0683578342971,dhs
KHM.22_1,KHM,2021,internet_men,14.9364249419406,dhs
KHM.22_1,KHM,2021,internet_fm_ratio,4.1555622230669496,dhs
KHM.22_1,KHM,2021,mobile_women,68.7907800028132,dhs
KHM.22_1,KHM,2021,mobile_men,82.5830036955674,dhs
KHM.22_1,KHM,2021,mobile_fm_ratio,0.832989561101487,dhs
KHM.23_1,KHM,2021,internet_women,71.1992256911821,dhs
KHM.23_1,KHM,2021,internet_men,36.3443871471484,dhs
KHM.23_1,KHM,2021,internet_fm_ratio,1.95901571824326,dhs
KHM.23_1,KHM,2021,mobile_women,82.9330519409439,dhs
KHM.23_1,KHM,2021,mobile_men,90.3749866309532,dhs
KHM.23_1,KHM,2021,mobile_fm_ratio,0.917654929008194,dhs
KHM.24_1,KHM,2021,internet_women,52.1844037993561,dhs
KHM.24_1,KHM,2021,internet_men,84.9212834103142,dhs
KHM.24_1,KHM,2021,internet_fm_ratio,0.612321539979375,dhs
KHM.24_1,KHM,2021,mobile_women,85.2971100884338,dhs
KHM.24_1,KHM,2021,mobile_men,93.4956967515357,dhs
KHM.24_1,KHM,2021,mobile_fm_ratio,0.912310545319645,dhs
KHM.25_1,KHM,2021,internet_women,49.3031607186753,dhs
KHM.25_1,KHM,2021,internet_men,50.6122280933268,dhs
KHM.25_1,KHM,2021,internet_fm_ratio,0.974135353767915,dhs
KHM.25_1,KHM,2021,mobile_women,82.6557301081752,dhs
KHM.25_1,KHM,2021,mobile_men,85.3951587731595,dhs
KHM.25_1,KHM,2021,mobile_fm_ratio,0.967920562426013,dhs
KHM.3_1,KHM,2021,internet_women,62.7422412027545,dhs
KHM.3_1,KHM,2021,internet_men,36.4700293013859,dhs
KHM.3_1,KHM,2021,internet_fm_ratio,1.70656919037283,dhs
KHM.3_1,KHM,2021,mobile_women,77.6657055206954,dhs
KHM.3_1,KHM,2021,mobile_men,90.1485062263635,dhs
KHM.3_1,KHM,2021,mobile_fm_ratio,0.861530698308814,dhs
KHM.4_1,KHM,2021,internet_women,67.5051661345189,dhs
KHM.4_1,KHM,2021,internet_men,71.5264290423933,dhs
KHM.4_1,KHM,2021,internet_fm_ratio,0.939244527892857,dhs
KHM.4_1,KHM,2021,mobile_women,83.670107135012,dhs
KHM.4_1,KHM,2021,mobile_men,89.1303557006816,dhs
KHM.4_1,KHM,2021,mobile_fm_ratio,0.938738620274261,dhs
KHM.5_1,KHM,2021,internet_women,65.0437260282395,dhs
KHM.5_1,KHM,2021,internet_men,77.7248864836831,dhs
KHM.5_1,KHM,2021,internet_fm_ratio,0.836845558364299,dhs
KHM.5_1,KHM,2021,mobile_women,82.9750575950851,dhs
KHM.5_1,KHM,2021,mobile_men,87.3041674188511,dhs
KHM.5_1,KHM,2021,mobile_fm_ratio,0.950413480229453,dhs
KHM.6_1,KHM,2021,internet_women,72.7281683648891,dhs
KHM.6_1,KHM,2021,internet_men,82.7899010478487,dhs
KHM.6_1,KHM,2021,internet_fm_ratio,0.874911800667059,dhs
KHM.6_1,KHM,2021,mobile_women,81.543238100276,dhs
KHM.6_1,KHM,2021,mobile_men,90.3127666242583,dhs
KHM.6_1,KHM,2021,mobile_fm_ratio,0.902898240727499,dhs
KHM.7_1,KHM,2021,internet_women,76.4150362847647,dhs
KHM.7_1,KHM,2021,internet_men,74.5245196235478,dhs
KHM.7_1,KHM,2021,internet_fm_ratio,0.952472388399044,dhs
KHM.7_1,KHM,2021,mobile_women,87.225906316956,dhs
KHM.7_1,KHM,2021,mobile_men,92.8040585749955,dhs
KHM.7_1,KHM,2021,mobile_fm_ratio,0.939893229415912,dhs
KHM.8_1,KHM,2021,internet_women,75.5975761605951,dhs
KHM.8_1,KHM,2021,internet_men,78.4874655985888,dhs
KHM.8_1,KHM,2021,internet_fm_ratio,0.960575065724262,dhs
KHM.8_1,KHM,2021,mobile_women,88.4353233840506,dhs
KHM.8_1,KHM,2021,mobile_men,92.1436800032087,dhs
KHM.8_1,KHM,2021,mobile_fm_ratio,0.959754628651374,dhs
KHM.9_1,KHM,2021,internet_women,65.999442769984,dhs
KHM.9_1,KHM,2021,internet_men,90.9021938668362,dhs
KHM.9_1,KHM,2021,internet_fm_ratio,0.720753664144746,dhs
KHM.9_1,KHM,2021,mobile_women,87.8781281472036,dhs
KHM.9_1,KHM,2021,mobile_men,97.2289679787654,dhs
KHM.9_1,KHM,2021,mobile_fm_ratio,0.903826606144745,dhs
NPL.1_1,NPL,2022,internet_women,69.7011331260603,dhs
NPL.1_1,NPL,2022,internet_men,79.8933144296515,dhs
NPL.1_1,NPL,2022,internet_fm_ratio,0.848804598646099,dhs
NPL.1_1,NPL,2022,mobile_women,77.6077815806887,dhs
NPL.1_1,NPL,2022,mobile_men,93.3338570005433,dhs
NPL.1_1,NPL,2022,mobile_fm_ratio,0.831507280152763,dhs
NPL.1_1,NPL,2016,internet_women,29.1445354121847,dhs
NPL.1_1,NPL,2016,internet_men,54.3616294069613,dhs
NPL.1_1,NPL,2016,internet_fm_ratio,0.517758576430655,dhs
NPL.1_1,NPL,2016,mobile_women,73.2868111499217,dhs
NPL.1_1,NPL,2016,mobile_men,91.332980624846,dhs
NPL.1_1,NPL,2016,mobile_fm_ratio,0.802413439795098,dhs
NPL.2_1,NPL,2016,internet_women,22.5588268445539,dhs
NPL.2_1,NPL,2016,internet_men,40.7726145491317,dhs
NPL.2_1,NPL,2016,internet_fm_ratio,0.503575440309321,dhs
NPL.2_1,NPL,2016,mobile_women,72.2772121880883,dhs
NPL.2_1,NPL,2016,mobile_men,88.6810338556327,dhs
NPL.2_1,NPL,2016,mobile_fm_ratio,0.815024465160737,dhs
NPL.2_1,NPL,2022,internet_women,64.9678705665351,dhs
NPL.2_1,NPL,2022,internet_men,71.2226653687058,dhs
NPL.2_1,NPL,2022,internet_fm_ratio,0.885746621797109,dhs
NPL.2_1,NPL,2022,mobile_women,78.6326416438235,dhs
NPL.2_1,NPL,2022,mobile_men,85.9854458795107,dhs
NPL.2_1,NPL,2022,mobile_fm_ratio,0.91448780476186,dhs
NPL.3_1,NPL,2016,internet_women,8.84860327557503,dhs
NPL.3_1,NPL,2016,internet_men,34.6036993340926,dhs
NPL.3_1,NPL,2016,internet_fm_ratio,0.238362683627276,dhs
NPL.3_1,NPL,2016,mobile_women,66.1006351615195,dhs
NPL.3_1,NPL,2016,mobile_men,83.9819756640068,dhs
NPL.3_1,NPL,2016,mobile_fm_ratio,0.787081211639667,dhs
NPL.3_1,NPL,2022,internet_women,50.2565484905881,dhs
NPL.3_1,NPL,2022,internet_men,70.2370599709644,dhs
NPL.3_1,NPL,2022,internet_fm_ratio,0.692609501637151,dhs
NPL.3_1,NPL,2022,mobile_women,74.7628988638024,dhs
NPL.3_1,NPL,2022,mobile_men,90.9839742121122,dhs
NPL.3_1,NPL,2022,mobile_fm_ratio,0.821715027412483,dhs
NPL.4_1,NPL,2022,internet_women,54.2749132233154,dhs
NPL.4_1,NPL,2022,internet_men,68.091290693948,dhs
NPL.4_1,NPL,2022,internet_fm_ratio,0.7701451827115,dhs
NPL.4_1,NPL,2022,mobile_women,81.6881251735046,dhs
NPL.4_1,NPL,2022,mobile_men,92.0204280198405,dhs
NPL.4_1,NPL,2022,mobile_fm_ratio,0.887717292033155,dhs
NPL.4_1,NPL,2016,internet_women,8.98630462239574,dhs
NPL.4_1,NPL,2016,internet_men,30.4639401647612,dhs
NPL.4_1,NPL,2016,internet_fm_ratio,0.250263208810036,dhs
NPL.4_1,NPL,2016,mobile_women,68.4227865658684,dhs
NPL.4_1,NPL,2016,mobile_men,86.4769861491666,dhs
NPL.4_1,NPL,2016,mobile_fm_ratio,0.791225383917104,dhs
NPL.5_1,NPL,2016,internet_women,32.5274899654848,dhs
NPL.5_1,NPL,2016,internet_men,54.2880008228545,dhs
NPL.5_1,NPL,2016,internet_fm_ratio,0.570729726626471,dhs
NPL.5_1,NPL,2016,mobile_women,77.4337387277062,dhs
NPL.5_1,NPL,2016,mobile_men,89.8122739273824,dhs
NPL.5_1,NPL,2016,mobile_fm_ratio,0.862173234699693,dhs
NPL.5_1,NPL,2022,internet_women,78.1674435740305,dhs
NPL.5_1,NPL,2022,internet_men,80.0816413111415,dhs
NPL.5_1,NPL,2022,internet_fm_ratio,0.953998719922147,dhs
NPL.5_1,NPL,2022,mobile_women,85.2446364387882,dhs
NPL.5_1,NPL,2022,mobile_men,94.5950824713305,dhs
NPL.5_1,NPL,2022,mobile_fm_ratio,0.901152937465051,dhs
PAK.2_1,PAK,2017,internet_women,2.80195558499845,dhs
PAK.2_1,PAK,2017,internet_men,34.1755009889332,dhs
PAK.2_1,PAK,2017,internet_fm_ratio,0.0771638059806921,dhs
PAK.2_1,PAK,2017,mobile_women,16.3888314269804,dhs
PAK.2_1,PAK,2017,mobile_men,98.7399647384069,dhs
PAK.2_1,PAK,2017,mobile_fm_ratio,0.165979717234046,dhs
PAK.3_1,PAK,2017,internet_women,0.38468710067553,dhs
PAK.3_1,PAK,2017,internet_men,13.3459889979199,dhs
PAK.3_1,PAK,2017,internet_fm_ratio,0.0288241733704026,dhs
PAK.3_1,PAK,2017,mobile_women,10.6398682020369,dhs
PAK.3_1,PAK,2017,mobile_men,79.2152457612627,dhs
PAK.3_1,PAK,2017,mobile_fm_ratio,0.134315914819012,dhs
PAK.4_1,PAK,2017,internet_women,31.5923864813517,dhs
PAK.4_1,PAK,2017,internet_men,54.3990917628962,dhs
PAK.4_1,PAK,2017,internet_fm_ratio,0.56806421772974,dhs
PAK.4_1,PAK,2017,mobile_women,66.0300437979585,dhs
PAK.4_1,PAK,2017,mobile_men,97.8205486042481,dhs
PAK.4_1,PAK,2017,mobile_fm_ratio,0.67501199635565,dhs
PAK.5_1,PAK,2017,internet_women,5.09662300882909,dhs
PAK.5_1,PAK,2017,internet_men,25.2219690517751,dhs
PAK.5_1,PAK,2017,internet_fm_ratio,0.202070781958651,dhs
PAK.5_1,PAK,2017,mobile_women,33.0691738710521,dhs
PAK.5_1,PAK,2017,mobile_men,92.2507347768737,dhs
PAK.5_1,PAK,2017,mobile_fm_ratio,0.358470574256523,dhs
PAK.7_1,PAK,2017,internet_women,15.789290031201901,dhs
PAK.7_1,PAK,2017,internet_men,31.4057823152236,dhs
PAK.7_1,PAK,2017,internet_fm_ratio,0.48962411755228,dhs
PAK.7_1,PAK,2017,mobile_women,47.6749314037145,dhs
PAK.7_1,PAK,2017,mobile_men,94.6909130664631,dhs
PAK.7_1,PAK,2017,mobile_fm_ratio,0.503479477172764,dhs
PAK.8_1,PAK,2017,internet_women,3.52949203533945,dhs
PAK.8_1,PAK,2017,internet_men,15.3565952257977,dhs
PAK.8_1,PAK,2017,internet_fm_ratio,0.228177101550466,dhs
PAK.8_1,PAK,2017,mobile_women,10.6377016369724,dhs
PAK.8_1,PAK,2017,mobile_men,83.4504889759682,dhs
PAK.8_1,PAK,2017,mobile_fm_ratio,0.127473209174793,dhs
PHL.1_1,PHL,2017,internet_women,62.5484390773858,dhs
PHL.1_1,PHL,2017,mobile_women,67.4205269910236,dhs
PHL.1_1,PHL,2022,internet_women,79.1634916726434,dhs
PHL.1_1,PHL,2022,mobile_women,91.4352714617839,dhs
PHL.10_1,PHL,2017,internet_women,76.046404052993,dhs
PHL.10_1,PHL,2017,mobile_women,90.8777750343258,dhs
PHL.10_1,PHL,2022,internet_women,93.0482443571883,dhs
PHL.10_1,PHL,2022,mobile_women,94.8069252064123,dhs
PHL.11_1,PHL,2017,internet_women,46.1607243782572,dhs
PHL.11_1,PHL,2017,mobile_women,97.2887553446291,dhs
PHL.11_1,PHL,2022,internet_women,92.968642808486,dhs
PHL.11_1,PHL,2022,mobile_women,96.4558924996647,dhs
PHL.12_1,PHL,2022,internet_women,87.8523005881908,dhs
PHL.12_1,PHL,2022,mobile_women,98.4108393679614,dhs
PHL.13_1,PHL,2017,internet_women,78.7032565638542,dhs
PHL.13_1,PHL,2017,mobile_women,97.1057892364708,dhs
PHL.13_1,PHL,2022,internet_women,88.0412694557174,dhs
PHL.13_1,PHL,2022,mobile_women,99.8479818639452,dhs
PHL.14_1,PHL,2022,internet_women,83.3726465656111,dhs
PHL.14_1,PHL,2022,mobile_women,84.6075160111046,dhs
PHL.14_1,PHL,2017,internet_women,73.7324195056054,dhs
PHL.14_1,PHL,2017,mobile_women,81.8471981361775,dhs
PHL.15_1,PHL,2017,internet_women,79.4022413322929,dhs
PHL.15_1,PHL,2017,mobile_women,84.2358882892103,dhs
PHL.15_1,PHL,2022,internet_women,80.4441162935233,dhs
PHL.15_1,PHL,2022,mobile_women,87.9973694587026,dhs
PHL.16_1,PHL,2022,internet_women,69.9714891865501,dhs
PHL.16_1,PHL,2022,mobile_women,83.9392185798775,dhs
PHL.16_1,PHL,2017,internet_women,56.3406065767802,dhs
PHL.16_1,PHL,2017,mobile_women,78.5443781309625,dhs
PHL.17_1,PHL,2017,internet_women,82.9986591615344,dhs
PHL.17_1,PHL,2017,mobile_women,90.3042892514922,dhs
PHL.17_1,PHL,2022,internet_women,94.9612668853355,dhs
PHL.17_1,PHL,2022,mobile_women,97.3245930964517,dhs
PHL.18_1,PHL,2022,internet_women,77.5039117768676,dhs
PHL.18_1,PHL,2022,mobile_women,88.3153064868859,dhs
PHL.18_1,PHL,2017,internet_women,48.1987217045049,dhs
PHL.18_1,PHL,2017,mobile_women,90.5064166554705,dhs
PHL.19_1,PHL,2017,internet_women,65.0462906639028,dhs
PHL.19_1,PHL,2017,mobile_women,74.5337452730025,dhs
PHL.19_1,PHL,2022,internet_women,85.9785587184314,dhs
PHL.19_1,PHL,2022,mobile_women,85.1832444812898,dhs
PHL.2_1,PHL,2017,internet_women,73.3331797023752,dhs
PHL.2_1,PHL,2017,mobile_women,87.1130647389249,dhs
PHL.2_1,PHL,2022,internet_women,79.9914330361591,dhs
PHL.2_1,PHL,2022,mobile_women,87.2089818984639,dhs
PHL.20_1,PHL,2017,internet_women,70.2746796144255,dhs
PHL.20_1,PHL,2017,mobile_women,83.3572671550094,dhs
PHL.20_1,PHL,2022,internet_women,82.5096609858923,dhs
PHL.20_1,PHL,2022,mobile_women,86.2669758934803,dhs
PHL.21_1,PHL,2017,internet_women,72.8492935758781,dhs
PHL.21_1,PHL,2017,mobile_women,85.7021909567475,dhs
PHL.21_1,PHL,2022,internet_women,81.512811094609,dhs
PHL.21_1,PHL,2022,mobile_women,87.2268471005743,dhs
PHL.22_1,PHL,2017,internet_women,55.1194012404703,dhs
PHL.22_1,PHL,2017,mobile_women,73.0689311769727,dhs
PHL.22_1,PHL,2022,internet_women,78.5176341269752,dhs
PHL.22_1,PHL,2022,mobile_women,91.9513846204363,dhs
PHL.23_1,PHL,2022,internet_women,78.5960765535387,dhs
PHL.23_1,PHL,2022,mobile_women,79.1540298648295,dhs
PHL.23_1,PHL,2017,internet_women,62.3419125264622,dhs
PHL.23_1,PHL,2017,mobile_women,80.6647612627193,dhs
PHL.24_1,PHL,2022,internet_women,92.928728118836,dhs
PHL.24_1,PHL,2022,mobile_women,97.7181248424961,dhs
PHL.24_1,PHL,2017,internet_women,85.7475853862737,dhs
PHL.24_1,PHL,2017,mobile_women,96.4143758748457,dhs
PHL.25_1,PHL,2017,internet_women,78.5085745295514,dhs
PHL.25_1,PHL,2017,mobile_women,87.9796410768973,dhs
PHL.25_1,PHL,2022,internet_women,82.8632559718578,dhs
PHL.25_1,PHL,2022,mobile_women,93.3732446844666,dhs
PHL.26_1,PHL,2022,internet_women,71.940746613072,dhs
PHL.26_1,PHL,2022,mobile_women,76.0491260504585,dhs
PHL.26_1,PHL,2017,internet_women,29.9069762772029,dhs
PHL.26_1,PHL,2017,mobile_women,70.5482733907641,dhs
PHL.27_1,PHL,2017,internet_women,73.7709573539702,dhs
PHL.27_1,PHL,2017,mobile_women,91.9863595999115,dhs
PHL.27_1,PHL,2022,internet_women,72.8596008515622,dhs
PHL.27_1,PHL,2022,mobile_women,86.311588325084,dhs
PHL.28_1,PHL,2022,internet_women,83.6481447709847,dhs
PHL.28_1,PHL,2022,mobile_women,89.612954995089,dhs
PHL.28_1,PHL,2017,internet_women,67.9068943703261,dhs
PHL.28_1,PHL,2017,mobile_women,86.2487248932041,dhs
PHL.29_1,PHL,2017,internet_women,64.9279881985134,dhs
PHL.29_1,PHL,2017,mobile_women,74.2687844518389,dhs
PHL.29_1,PHL,2022,internet_women,78.4806036914988,dhs
PHL.29_1,PHL,2022,mobile_women,80.8573916499026,dhs
PHL.3_1,PHL,2017,internet_women,51.0271692030691,dhs
PHL.3_1,PHL,2017,mobile_women,76.3771080976724,dhs
PHL.3_1,PHL,2022,internet_women,53.8335838277985,dhs
PHL.3_1,PHL,2022,mobile_women,80.2608820148044,dhs
PHL.30_1,PHL,2022,internet_women,75.3304112331902,dhs
PHL.30_1,PHL,2022,mobile_women,83.6453671369495,dhs
PHL.30_1,PHL,2017,internet_women,65.5877378885686,dhs
PHL.30_1,PHL,2017,mobile_women,78.1986016583301,dhs
PHL.31_1,PHL,2017,internet_women,67.578649755908,dhs
PHL.31_1,PHL,2017,mobile_women,68.6246304856441,dhs
PHL.31_1,PHL,2022,internet_women,77.4121902497339,dhs
PHL.31_1,PHL,2022,mobile_women,75.6701450055126,dhs
PHL.32_1,PHL,2022,internet_women,82.0235880045582,dhs
PHL.32_1,PHL,2022,mobile_women,88.2406102882211,dhs
PHL.32_1,PHL,2017,internet_women,66.2911030404704,dhs
PHL.32_1,PHL,2017,mobile_women,91.2056418403678,dhs
PHL.33_1,PHL,2017,internet_women,49.4618504752925,dhs
PHL.33_1,PHL,2017,mobile_women,78.4746499542742,dhs
PHL.33_1,PHL,2022,internet_women,80.4358487044545,dhs
PHL.33_1,PHL,2022,mobile_women,93.6702599546587,dhs
PHL.34_1,PHL,2022,internet_women,81.543111909333,dhs
PHL.34_1,PHL,2022,mobile_women,90.9430269085172,dhs
PHL.34_1,PHL,2017,internet_women,55.9440969998344,dhs
PHL.34_1,PHL,2017,mobile_women,92.8529061250552,dhs
PHL.35_1,PHL,2017,internet_women,72.7662708835955,dhs
PHL.35_1,PHL,2017,mobile_women,91.6636734636532,dhs
PHL.35_1,PHL,2022,internet_women,86.7360588703985,dhs
PHL.35_1,PHL,2022,mobile_women,93.5349944629574,dhs
PHL.36_1,PHL,2022,internet_women,83.066926268952,dhs
PHL.36_1,PHL,2022,mobile_women,84.6998552657277,dhs
PHL.36_1,PHL,2017,internet_women,67.1734746966672,dhs
PHL.36_1,PHL,2017,mobile_women,80.9394165334209,dhs
PHL.37_1,PHL,2017,internet_women,62.7878504230878,dhs
PHL.37_1,PHL,2017,mobile_women,88.8055914184345,dhs
PHL.37_1,PHL,2022,internet_women,74.0998936501272,dhs
PHL.37_1,PHL,2022,mobile_women,89.9274590732517,dhs
PHL.38_1,PHL,2017,internet_women,66.5971761477287,dhs
PHL.38_1,PHL,2017,mobile_women,80.1622839893157,dhs
PHL.38_1,PHL,2022,internet_women,65.8398014358865,dhs
PHL.38_1,PHL,2022,mobile_women,93.0980859392936,dhs
PHL.39_1,PHL,2017,internet_women,72.0108817903267,dhs
PHL.39_1,PHL,2017,mobile_women,88.9889831820049,dhs
PHL.39_1,PHL,2022,internet_women,77.9694700052896,dhs
PHL.39_1,PHL,2022,mobile_women,94.1361411589454,dhs
PHL.4_1,PHL,2017,internet_women,62.8383970218264,dhs
PHL.4_1,PHL,2017,mobile_women,87.8329316700284,dhs
PHL.4_1,PHL,2022,internet_women,81.5639509109576,dhs
PHL.4_1,PHL,2022,mobile_women,87.463488332776,dhs
PHL.40_1,PHL,2017,internet_women,69.188016802876,dhs
PHL.40_1,PHL,2017,mobile_women,86.683704597691,dhs
PHL.40_1,PHL,2022,internet_women,91.0786901333975,dhs
PHL.40_1,PHL,2022,mobile_women,94.6176833274395,dhs
PHL.41_1,PHL,2022,internet_women,71.1549356994922,dhs
PHL.41_1,PHL,2022,mobile_women,89.5495097963038,dhs
PHL.41_1,PHL,2017,internet_women,65.2743252941322,dhs
PHL.41_1,PHL,2017,mobile_women,79.9332559985414,dhs
PHL.42_1,PHL,2022,internet_women,58.442370772066504,dhs
PHL.42_1,PHL,2022,mobile_women,80.2439197037508,dhs
PHL.42_1,PHL,2017,internet_women,26.8252701687158,dhs
PHL.42_1,PHL,2017,mobile_women,73.9602005392724,dhs
PHL.43_1,PHL,2017,internet_women,71.9400206089411,dhs
PHL.43_1,PHL,2017,mobile_women,84.436288245319,dhs
PHL.43_1,PHL,2022,internet_women,90.5617296323224,dhs
PHL.43_1,PHL,2022,mobile_women,91.4450234259652,dhs
PHL.44_1,PHL,2022,internet_women,48.7667860145187,dhs
PHL.44_1,PHL,2022,mobile_women,92.8059267872868,dhs
PHL.44_1,PHL,2017,internet_women,40.6751958342458,dhs
PHL.44_1,PHL,2017,mobile_women,61.9302684684868,dhs
PHL.45_1,PHL,2017,internet_women,65.576235765551,dhs
PHL.45_1,PHL,2017,mobile_women,88.5362352365916,dhs
PHL.45_1,PHL,2022,internet_women,70.4241776874813,dhs
PHL.45_1,PHL,2022,mobile_women,91.9242111931458,dhs
PHL.46_1,PHL,2022,internet_women,57.1800154616942,dhs
PHL.46_1,PHL,2022,mobile_women,74.3556903904947,dhs
PHL.46_1,PHL,2017,internet_women,38.0041588299853,dhs
PHL.46_1,PHL,2017,mobile_women,69.2614440389531,dhs
PHL.47_1,PHL,2017,internet_women,90.4781658617145,dhs
PHL.47_1,PHL,2017,mobile_women,95.6304413936962,dhs
PHL.47_1,PHL,2022,internet_women,93.3030885811105,dhs
PHL.47_1,PHL,2022,mobile_women,97.3216596583378,dhs
PHL.48_1,PHL,2017,internet_women,58.089169227596,dhs
PHL.48_1,PHL,2017,mobile_women,78.5012186034642,dhs
PHL.48_1,PHL,2022,internet_women,76.6175069391933,dhs
PHL.48_1,PHL,2022,mobile_women,89.0882849164069,dhs
PHL.49_1,PHL,2022,internet_women,70.5655265805235,dhs
PHL.49_1,PHL,2022,mobile_women,90.4740315275821,dhs
PHL.49_1,PHL,2017,internet_women,69.0905978417343,dhs
PHL.49_1,PHL,2017,mobile_women,86.6542879177496,dhs
PHL.5_1,PHL,2017,internet_women,65.4074209482456,dhs
PHL.5_1,PHL,2017,mobile_women,82.9005800731079,dhs
PHL.5_1,PHL,2022,internet_women,81.2354965639635,dhs
PHL.5_1,PHL,2022,mobile_women,87.4264742606817,dhs
PHL.50_1,PHL,2022,internet_women,63.5700806630488,dhs
PHL.50_1,PHL,2022,mobile_women,95.3385100414388,dhs
PHL.50_1,PHL,2017,internet_women,50.3042674691579,dhs
PHL.50_1,PHL,2017,mobile_women,91.1172176809992,dhs
PHL.51_1,PHL,2017,internet_women,59.5329733724868,dhs
PHL.51_1,PHL,2017,mobile_women,73.3089612465495,dhs
PHL.51_1,PHL,2022,internet_women,73.269889780877,dhs
PHL.51_1,PHL,2022,mobile_women,82.0229784658628,dhs
PHL.52_1,PHL,2022,internet_women,72.6145796931173,dhs
PHL.52_1,PHL,2022,mobile_women,85.6483661866227,dhs
PHL.52_1,PHL,2017,internet_women,58.2123385142637,dhs
PHL.52_1,PHL,2017,mobile_women,82.8681127276512,dhs
PHL.53_1,PHL,2017,internet_women,50.8238109902282,dhs
PHL.53_1,PHL,2017,mobile_women,77.2764583234221,dhs
PHL.53_1,PHL,2022,internet_women,59.810308387544,dhs
PHL.53_1,PHL,2022,mobile_women,81.6075886652749,dhs
PHL.54_1,PHL,2022,internet_women,72.5428914734477,dhs
PHL.54_1,PHL,2022,mobile_women,75.7499995765739,dhs
PHL.54_1,PHL,2017,internet_women,42.5343821263649,dhs
PHL.54_1,PHL,2017,mobile_women,69.7880040749948,dhs
PHL.55_1,PHL,2017,internet_women,60.7362173172116,dhs
PHL.55_1,PHL,2017,mobile_women,91.4616626488665,dhs
PHL.55_1,PHL,2022,internet_women,89.3038256481092,dhs
PHL.55_1,PHL,2022,mobile_women,90.613503350655,dhs
PHL.56_1,PHL,2017,internet_women,62.6728570753675,dhs
PHL.56_1,PHL,2017,mobile_women,91.3880511475684,dhs
PHL.56_1,PHL,2022,internet_women,93.2725758653193,dhs
PHL.56_1,PHL,2022,mobile_women,98.4386639599062,dhs
PHL.57_1,PHL,2017,internet_women,58.3146570576378,dhs
PHL.57_1,PHL,2017,mobile_women,73.1924502102322,dhs
PHL.57_1,PHL,2022,internet_women,78.844585562573,dhs
PHL.57_1,PHL,2022,mobile_women,82.793526830401,dhs
PHL.58_1,PHL,2017,internet_women,63.8282398915896,dhs
PHL.58_1,PHL,2017,mobile_women,82.5474300509747,dhs
PHL.58_1,PHL,2022,internet_women,79.6166988002595,dhs
PHL.58_1,PHL,2022,mobile_women,87.3531541708304,dhs
PHL.59_1,PHL,2017,internet_women,51.5056461728504,dhs
PHL.59_1,PHL,2017,mobile_women,73.8019567549507,dhs
PHL.59_1,PHL,2022,internet_women,69.9470776084516,dhs
PHL.59_1,PHL,2022,mobile_women,84.1592470647766,dhs
PHL.6_1,PHL,2022,internet_women,82.7138586146887,dhs
PHL.6_1,PHL,2022,mobile_women,81.5569837337935,dhs
PHL.6_1,PHL,2017,internet_women,57.9823529730579,dhs
PHL.6_1,PHL,2017,mobile_women,78.3276102217377,dhs
PHL.60_1,PHL,2022,internet_women,93.4113067027775,dhs
PHL.60_1,PHL,2022,mobile_women,96.3764039602797,dhs
PHL.60_1,PHL,2017,internet_women,82.7716482288436,dhs
PHL.60_1,PHL,2017,mobile_women,90.3394021216576,dhs
PHL.61_1,PHL,2017,internet_women,59.9638537424331,dhs
PHL.61_1,PHL,2017,mobile_women,85.2867170146881,dhs
PHL.61_1,PHL,2022,internet_women,86.0061018601791,dhs
PHL.61_1,PHL,2022,mobile_women,91.3394042855792,dhs
PHL.62_1,PHL,2022,internet_women,86.4944855618628,dhs
PHL.62_1,PHL,2022,mobile_women,90.3274151024321,dhs
PHL.62_1,PHL,2017,internet_women,43.859691306903,dhs
PHL.62_1,PHL,2017,mobile_women,89.6555157814037,dhs
PHL.63_1,PHL,2017,internet_women,62.4579536409944,dhs
PHL.63_1,PHL,2017,mobile_women,92.1124792767012,dhs
PHL.63_1,PHL,2022,internet_women,64.3542936213294,dhs
PHL.63_1,PHL,2022,mobile_women,88.7753031492447,dhs
PHL.64_1,PHL,2022,internet_women,96.304768199368,dhs
PHL.64_1,PHL,2022,mobile_women,93.9218506969737,dhs
PHL.64_1,PHL,2017,internet_women,83.2244130646149,dhs
PHL.64_1,PHL,2017,mobile_women,88.7647238865841,dhs
PHL.65_1,PHL,2017,internet_women,44.7395927019513,dhs
PHL.65_1,PHL,2017,mobile_women,79.6153813743952,dhs
PHL.65_1,PHL,2022,internet_women,79.4771684134192,dhs
PHL.65_1,PHL,2022,mobile_women,86.9836543877851,dhs
PHL.66_1,PHL,2017,internet_women,66.8854796021431,dhs
PHL.66_1,PHL,2017,mobile_women,80.4540093855427,dhs
PHL.66_1,PHL,2022,internet_women,81.7495768532368,dhs
PHL.66_1,PHL,2022,mobile_women,85.2949145824626,dhs
PHL.67_1,PHL,2022,internet_women,51.8191279580442,dhs
PHL.67_1,PHL,2022,mobile_women,60.0826795699979,dhs
PHL.67_1,PHL,2017,internet_women,55.6594013688799,dhs
PHL.67_1,PHL,2017,mobile_women,74.8297603998863,dhs
PHL.68_1,PHL,2017,internet_women,70.7646919309041,dhs
PHL.68_1,PHL,2017,mobile_women,90.8462764093664,dhs
PHL.68_1,PHL,2022,internet_women,82.0496522663326,dhs
PHL.68_1,PHL,2022,mobile_women,89.8575526253321,dhs
PHL.69_1,PHL,2017,internet_women,64.8161577098109,dhs
PHL.69_1,PHL,2017,mobile_women,83.7162534781832,dhs
PHL.69_1,PHL,2022,internet_women,82.9204595525948,dhs
PHL.69_1,PHL,2022,mobile_women,89.2845596167208,dhs
PHL.7_1,PHL,2017,internet_women,48.274355714053,dhs
PHL.7_1,PHL,2017,mobile_women,76.062766980812,dhs
PHL.7_1,PHL,2022,internet_women,71.6411077432506,dhs
PHL.7_1,PHL,2022,mobile_women,86.6683231453121,dhs
PHL.70_1,PHL,2017,internet_women,63.0389098048304,dhs
PHL.70_1,PHL,2017,mobile_women,79.2072966626828,dhs
PHL.70_1,PHL,2022,internet_women,85.1871117793149,dhs
PHL.70_1,PHL,2022,mobile_women,92.7763152740129,dhs
PHL.71_1,PHL,2017,internet_women,66.0542481641812,dhs
PHL.71_1,PHL,2017,mobile_women,81.8615762049929,dhs
PHL.71_1,PHL,2022,internet_women,89.3171682290098,dhs
PHL.71_1,PHL,2022,mobile_women,90.5453708896534,dhs
PHL.72_1,PHL,2022,internet_women,68.9758507672113,dhs
PHL.72_1,PHL,2022,mobile_women,76.5350735678768,dhs
PHL.72_1,PHL,2017,internet_women,50.0661794069835,dhs
PHL.72_1,PHL,2017,mobile_women,73.1648086617559,dhs
PHL.73_1,PHL,2022,internet_women,54.4789317894766,dhs
PHL.73_1,PHL,2022,mobile_women,80.0226607527425,dhs
PHL.73_1,PHL,2017,internet_women,9.08914714753026,dhs
PHL.73_1,PHL,2017,mobile_women,54.9687418299039,dhs
PHL.74_1,PHL,2017,internet_women,65.0835959355797,dhs
PHL.74_1,PHL,2017,mobile_women,74.851776401551,dhs
PHL.74_1,PHL,2022,internet_women,76.2307980904907,dhs
PHL.74_1,PHL,2022,mobile_women,86.3499327344247,dhs
PHL.75_1,PHL,2022,internet_women,78.1459831110486,dhs
PHL.75_1,PHL,2022,mobile_women,91.2838520123112,dhs
PHL.75_1,PHL,2017,internet_women,69.1880722645012,dhs
PHL.75_1,PHL,2017,mobile_women,77.9498568738668,dhs
PHL.76_1,PHL,2017,internet_women,66.1833360198179,dhs
PHL.76_1,PHL,2017,mobile_women,77.7508964093604,dhs
PHL.76_1,PHL,2022,internet_women,70.9526952718638,dhs
PHL.76_1,PHL,2022,mobile_women,93.5715915204657,dhs
PHL.77_1,PHL,2022,internet_women,58.0879557481608,dhs
PHL.77_1,PHL,2022,mobile_women,75.4000144411711,dhs
PHL.77_1,PHL,2017,internet_women,41.3805486000196,dhs
PHL.77_1,PHL,2017,mobile_women,73.8896511706047,dhs
PHL.78_1,PHL,2017,internet_women,73.133018049476,dhs
PHL.78_1,PHL,2017,mobile_women,93.0482288458838,dhs
PHL.78_1,PHL,2022,internet_women,90.1104311158266,dhs
PHL.78_1,PHL,2022,mobile_women,94.5600600624071,dhs
PHL.79_1,PHL,2022,internet_women,65.0767570385617,dhs
PHL.79_1,PHL,2022,mobile_women,81.3767326704004,dhs
PHL.79_1,PHL,2017,internet_women,47.2003488368814,dhs
PHL.79_1,PHL,2017,mobile_women,64.7971689973329,dhs
PHL.8_1,PHL,2017,internet_women,63.4182157371361,dhs
PHL.8_1,PHL,2017,mobile_women,81.0498821724869,dhs
PHL.8_1,PHL,2022,internet_women,69.225191617856,dhs
PHL.8_1,PHL,2022,mobile_women,86.205566430602,dhs
PHL.80_1,PHL,2017,internet_women,61.0371176877321,dhs
PHL.80_1,PHL,2017,mobile_women,76.6476978721488,dhs
PHL.80_1,PHL,2022,internet_women,81.5665315277169,dhs
PHL.80_1,PHL,2022,mobile_women,85.5145618364068,dhs
PHL.81_1,PHL,2017,internet_women,55.1690931787214,dhs
PHL.81_1,PHL,2017,mobile_women,80.6258472468606,dhs
PHL.81_1,PHL,2022,internet_women,72.1780636429455,dhs
PHL.81_1,PHL,2022,mobile_women,75.7519689906449,dhs
PHL.9_1,PHL,2017,internet_women,45.5489057687745,dhs
PHL.9_1,PHL,2017,mobile_women,71.9135899850647,dhs
PHL.9_1,PHL,2022,internet_women,52.8266053931235,dhs
PHL.9_1,PHL,2022,mobile_women,79.7243916818841,dhs
TJK.1_1,TJK,2017,internet_women,40.847918606424,dhs
TJK.1_1,TJK,2017,mobile_women,81.4590900528775,dhs
TJK.2_1,TJK,2017,internet_women,32.365935865942,dhs
TJK.2_1,TJK,2017,mobile_women,75.7447590664504,dhs
TJK.3_1,TJK,2017,internet_women,3.55318986594508,dhs
TJK.3_1,TJK,2017,mobile_women,41.189747995876,dhs
TJK.4_1,TJK,2017,internet_women,22.2539217234751,dhs
TJK.4_1,TJK,2017,mobile_women,64.2448530095643,dhs
TJK.5_1,TJK,2017,internet_women,6.88883504860118,dhs
TJK.5_1,TJK,2017,mobile_women,47.0205306431075,dhs
TLS.1_1,TLS,2016,internet_women,13.7707782090912,dhs
TLS.1_1,TLS,2016,internet_men,22.4834314755478,dhs
TLS.1_1,TLS,2016,internet_fm_ratio,0.543356738445846,dhs
TLS.1_1,TLS,2016,mobile_women,58.9188464095905,dhs
TLS.1_1,TLS,2016,mobile_men,79.6636941317267,dhs
TLS.1_1,TLS,2016,mobile_fm_ratio,0.73959470561541,dhs
TLS.10_1,TLS,2016,internet_women,14.1810152078066,dhs
TLS.10_1,TLS,2016,internet_men,24.1694633247937,dhs
TLS.10_1,TLS,2016,internet_fm_ratio,0.571419807742303,dhs
TLS.10_1,TLS,2016,mobile_women,60.4089662953224,dhs
TLS.10_1,TLS,2016,mobile_men,76.0029392750159,dhs
TLS.10_1,TLS,2016,mobile_fm_ratio,0.794824080115285,dhs
TLS.11_1,TLS,2016,internet_women,17.6694815090424,dhs
TLS.11_1,TLS,2016,internet_men,20.6900193940915,dhs
TLS.11_1,TLS,2016,internet_fm_ratio,0.629267180362069,dhs
TLS.11_1,TLS,2016,mobile_women,54.3309070825378,dhs
TLS.11_1,TLS,2016,mobile_men,71.6312994267858,dhs
TLS.11_1,TLS,2016,mobile_fm_ratio,0.758479987342256,dhs
TLS.12_1,TLS,2016,internet_women,24.7532237462582,dhs
TLS.12_1,TLS,2016,internet_men,31.3444948025811,dhs
TLS.12_1,TLS,2016,internet_fm_ratio,0.667162531578636,dhs
TLS.12_1,TLS,2016,mobile_women,65.0862423297107,dhs
TLS.12_1,TLS,2016,mobile_men,87.5072203229303,dhs
TLS.12_1,TLS,2016,mobile_fm_ratio,0.743781394146919,dhs
TLS.13_1,TLS,2016,internet_women,11.8772701325726,dhs
TLS.13_1,TLS,2016,internet_men,8.32396339182054,dhs
TLS.13_1,TLS,2016,internet_fm_ratio,1.13471305700073,dhs
TLS.13_1,TLS,2016,mobile_women,60.3768146460134,dhs
TLS.13_1,TLS,2016,mobile_men,40.5077390416739,dhs
TLS.13_1,TLS,2016,mobile_fm_ratio,1.49050073083315,dhs
TLS.2_1,TLS,2016,internet_women,10.263500203599,dhs
TLS.2_1,TLS,2016,internet_men,18.0200693766859,dhs
TLS.2_1,TLS,2016,internet_fm_ratio,0.470925363098277,dhs
TLS.2_1,TLS,2016,mobile_women,56.3460550544888,dhs
TLS.2_1,TLS,2016,mobile_men,73.8371322274102,dhs
TLS.2_1,TLS,2016,mobile_fm_ratio,0.763112723296852,dhs
TLS.3_1,TLS,2016,internet_women,7.16800534947454,dhs
TLS.3_1,TLS,2016,internet_men,16.3611525103552,dhs
TLS.3_1,TLS,2016,internet_fm_ratio,0.365895727819031,dhs
TLS.3_1,TLS,2016,mobile_women,54.0747095019678,dhs
TLS.3_1,TLS,2016,mobile_men,80.9803355351951,dhs
TLS.3_1,TLS,2016,mobile_fm_ratio,0.667751116917344,dhs
TLS.4_1,TLS,2016,internet_women,27.2949105721739,dhs
TLS.4_1,TLS,2016,internet_men,33.8128922707872,dhs
TLS.4_1,TLS,2016,internet_fm_ratio,0.740896287557726,dhs
TLS.4_1,TLS,2016,mobile_women,66.58774533622,dhs
TLS.4_1,TLS,2016,mobile_men,74.5770351804616,dhs
TLS.4_1,TLS,2016,mobile_fm_ratio,0.892871983648732,dhs
TLS.5_1,TLS,2016,internet_women,16.0060265526501,dhs
TLS.5_1,TLS,2016,internet_men,18.3902997835414,dhs
TLS.5_1,TLS,2016,internet_fm_ratio,0.714642396763961,dhs
TLS.5_1,TLS,2016,mobile_women,61.3876616117824,dhs
TLS.5_1,TLS,2016,mobile_men,63.8017361799173,dhs
TLS.5_1,TLS,2016,mobile_fm_ratio,0.962162870281032,dhs
TLS.6_1,TLS,2016,internet_women,12.6307570421968,dhs
TLS.6_1,TLS,2016,internet_men,11.7604714735537,dhs
TLS.6_1,TLS,2016,internet_fm_ratio,0.952390493374745,dhs
TLS.6_1,TLS,2016,mobile_women,60.371293998901,dhs
TLS.6_1,TLS,2016,mobile_men,81.1409025182506,dhs
TLS.6_1,TLS,2016,mobile_fm_ratio,0.744030348754403,dhs
TLS.7_1,TLS,2016,internet_women,54.2571982502561,dhs
TLS.7_1,TLS,2016,internet_men,62.6004064737966,dhs
TLS.7_1,TLS,2016,internet_fm_ratio,0.804751257493035,dhs
TLS.7_1,TLS,2016,mobile_women,78.4031064747128,dhs
TLS.7_1,TLS,2016,mobile_men,87.1524694369586,dhs
TLS.7_1,TLS,2016,mobile_fm_ratio,0.899608547884296,dhs
TLS.8_1,TLS,2016,internet_women,6.0136886652791,dhs
TLS.8_1,TLS,2016,internet_men,7.68091155354489,dhs
TLS.8_1,TLS,2016,internet_fm_ratio,0.669337047678274,dhs
TLS.8_1,TLS,2016,mobile_women,60.4040330788418,dhs
TLS.8_1,TLS,2016,mobile_men,86.0097979897794,dhs
TLS.8_1,TLS,2016,mobile_fm_ratio,0.702292465400508,dhs
TLS.9_1,TLS,2016,internet_women,24.3492791436745,dhs
TLS.9_1,TLS,2016,internet_men,20.7520123748146,dhs
TLS.9_1,TLS,2016,internet_fm_ratio,1.13202350981327,dhs
TLS.9_1,TLS,2016,mobile_women,70.8191630590551,dhs
TLS.9_1,TLS,2016,mobile_men,74.0516527324576,dhs
TLS.9_1,TLS,2016,mobile_fm_ratio,0.95634817652104,dhs
AGO.1_1,AGO,2015,internet_women,17.4641640483325,dhs
AGO.1_1,AGO,2015,internet_men,30.5367868176951,dhs
AGO.1_1,AGO,2015,internet_fm_ratio,0.56339729288673,dhs
AGO.1_1,AGO,2015,mobile_women,41.6951969885604,dhs
AGO.1_1,AGO,2015,mobile_men,64.8464428673792,dhs
AGO.1_1,AGO,2015,mobile_fm_ratio,0.642983564631808,dhs
AGO.10_1,AGO,2015,internet_women,9.87490516342209,dhs
AGO.10_1,AGO,2015,internet_men,18.0060829241901,dhs
AGO.10_1,AGO,2015,internet_fm_ratio,0.497260006860722,dhs
AGO.10_1,AGO,2015,mobile_women,33.750441660542,dhs
AGO.10_1,AGO,2015,mobile_men,50.9885910351872,dhs
AGO.10_1,AGO,2015,mobile_fm_ratio,0.661921441156333,dhs
AGO.11_1,AGO,2015,internet_women,35.0013632701231,dhs
AGO.11_1,AGO,2015,internet_men,55.7920601736376,dhs
AGO.11_1,AGO,2015,internet_fm_ratio,0.596368600161576,dhs
AGO.11_1,AGO,2015,mobile_women,73.4766191790606,dhs
AGO.11_1,AGO,2015,mobile_men,87.3107256216887,dhs
AGO.11_1,AGO,2015,mobile_fm_ratio,0.841553184398326,dhs
AGO.12_1,AGO,2015,internet_women,7.24352254397882,dhs
AGO.12_1,AGO,2015,internet_men,23.9266517409679,dhs
AGO.12_1,AGO,2015,internet_fm_ratio,0.265675644943144,dhs
AGO.12_1,AGO,2015,mobile_women,36.4401662034779,dhs
AGO.12_1,AGO,2015,mobile_men,71.3880681029661,dhs
AGO.12_1,AGO,2015,mobile_fm_ratio,0.510451776771976,dhs
AGO.13_1,AGO,2015,internet_women,8.13485418157199,dhs
AGO.13_1,AGO,2015,internet_men,26.6951287621739,dhs
AGO.13_1,AGO,2015,internet_fm_ratio,0.27835817525279,dhs
AGO.13_1,AGO,2015,mobile_women,41.0455199045208,dhs
AGO.13_1,AGO,2015,mobile_men,55.1231881876512,dhs
AGO.13_1,AGO,2015,mobile_fm_ratio,0.74461440373864,dhs
AGO.14_1,AGO,2015,internet_women,12.9045014354147,dhs
AGO.14_1,AGO,2015,internet_men,35.5493012658693,dhs
AGO.14_1,AGO,2015,internet_fm_ratio,0.342179725518477,dhs
AGO.14_1,AGO,2015,mobile_women,39.808383820778,dhs
AGO.14_1,AGO,2015,mobile_men,62.2688725555363,dhs
AGO.14_1,AGO,2015,mobile_fm_ratio,0.639298291217232,dhs
AGO.15_1,AGO,2015,internet_women,8.18695310236623,dhs
AGO.15_1,AGO,2015,internet_men,18.5745981065697,dhs
AGO.15_1,AGO,2015,internet_fm_ratio,0.412696926045921,dhs
AGO.15_1,AGO,2015,mobile_women,27.1837015669059,dhs
AGO.15_1,AGO,2015,mobile_men,44.3377924618426,dhs
AGO.15_1,AGO,2015,mobile_fm_ratio,0.613104533571453,dhs
AGO.16_1,AGO,2015,internet_women,22.4095853063616,dhs
AGO.16_1,AGO,2015,internet_men,43.4457141185895,dhs
AGO.16_1,AGO,2015,internet_fm_ratio,0.470959180190263,dhs
AGO.16_1,AGO,2015,mobile_women,52.8815640226539,dhs
AGO.16_1,AGO,2015,mobile_men,66.0162697175985,dhs
AGO.16_1,AGO,2015,mobile_fm_ratio,0.801038353861379,dhs
AGO.17_1,AGO,2015,internet_women,7.14993409182507,dhs
AGO.17_1,AGO,2015,internet_men,21.3137822914072,dhs
AGO.17_1,AGO,2015,internet_fm_ratio,0.304254414564725,dhs
AGO.17_1,AGO,2015,mobile_women,29.3032303252862,dhs
AGO.17_1,AGO,2015,mobile_men,48.2760814552703,dhs
AGO.17_1,AGO,2015,mobile_fm_ratio,0.60699272687318,dhs
AGO.18_1,AGO,2015,internet_women,11.9784408834813,dhs
AGO.18_1,AGO,2015,internet_men,31.0228792931939,dhs
AGO.18_1,AGO,2015,internet_fm_ratio,0.346841987570106,dhs
AGO.18_1,AGO,2015,mobile_women,50.5535826983353,dhs
AGO.18_1,AGO,2015,mobile_men,75.7593656162593,dhs
AGO.18_1,AGO,2015,mobile_fm_ratio,0.667291526098598,dhs
AGO.2_1,AGO,2015,internet_women,9.65581654503707,dhs
AGO.2_1,AGO,2015,internet_men,32.0532274558061,dhs
AGO.2_1,AGO,2015,internet_fm_ratio,0.265651925214242,dhs
AGO.2_1,AGO,2015,mobile_women,44.8668076887697,dhs
AGO.2_1,AGO,2015,mobile_men,64.894892560874,dhs
AGO.2_1,AGO,2015,mobile_fm_ratio,0.691376561671366,dhs
AGO.3_1,AGO,2015,internet_women,3.7721474614489,dhs
AGO.3_1,AGO,2015,internet_men,14.4659038822258,dhs
AGO.3_1,AGO,2015,internet_fm_ratio,0.250510944306781,dhs
AGO.3_1,AGO,2015,mobile_women,21.9355585633895,dhs
AGO.3_1,AGO,2015,mobile_men,39.7006568714421,dhs
AGO.3_1,AGO,2015,mobile_fm_ratio,0.552523819301551,dhs
AGO.4_1,AGO,2015,internet_women,26.9629914285711,dhs
AGO.4_1,AGO,2015,internet_men,36.1312643472527,dhs
AGO.4_1,AGO,2015,internet_fm_ratio,0.712423707677256,dhs
AGO.4_1,AGO,2015,mobile_women,63.318615112544,dhs
AGO.4_1,AGO,2015,mobile_men,85.6501334729124,dhs
AGO.4_1,AGO,2015,mobile_fm_ratio,0.739270477991364,dhs
AGO.5_1,AGO,2015,internet_women,4.78707179783932,dhs
AGO.5_1,AGO,2015,internet_men,16.8577221049828,dhs
AGO.5_1,AGO,2015,internet_fm_ratio,0.192143642471542,dhs
AGO.5_1,AGO,2015,mobile_women,40.2711309367244,dhs
AGO.5_1,AGO,2015,mobile_men,55.9303566832938,dhs
AGO.5_1,AGO,2015,mobile_fm_ratio,0.720022780558329,dhs
AGO.6_1,AGO,2015,internet_women,6.72608149041652,dhs
AGO.6_1,AGO,2015,internet_men,19.9804639122061,dhs
AGO.6_1,AGO,2015,internet_fm_ratio,0.300137500233432,dhs
AGO.6_1,AGO,2015,mobile_women,32.9780819413735,dhs
AGO.6_1,AGO,2015,mobile_men,66.1034281898259,dhs
AGO.6_1,AGO,2015,mobile_fm_ratio,0.498886106884987,dhs
AGO.7_1,AGO,2015,internet_women,6.43283007055635,dhs
AGO.7_1,AGO,2015,internet_men,15.2471940016345,dhs
AGO.7_1,AGO,2015,internet_fm_ratio,0.352288811037828,dhs
AGO.7_1,AGO,2015,mobile_women,27.2489001631674,dhs
AGO.7_1,AGO,2015,mobile_men,55.1789979120554,dhs
AGO.7_1,AGO,2015,mobile_fm_ratio,0.493827383501905,dhs
AGO.8_1,AGO,2015,internet_women,7.21394192942919,dhs
AGO.8_1,AGO,2015,internet_men,12.9723583445045,dhs
AGO.8_1,AGO,2015,internet_fm_ratio,0.512983876681433,dhs
AGO.8_1,AGO,2015,mobile_women,42.8164336009671,dhs
AGO.8_1,AGO,2015,mobile_men,59.702777881462,dhs
AGO.8_1,AGO,2015,mobile_fm_ratio,0.717159822713406,dhs
AGO.9_1,AGO,2015,internet_women,12.6566403851497,dhs
AGO.9_1,AGO,2015,internet_men,28.6241766891759,dhs
AGO.9_1,AGO,2015,internet_fm_ratio,0.433743580709815,dhs
AGO.9_1,AGO,2015,mobile_women,38.6250225304421,dhs
AGO.9_1,AGO,2015,mobile_men,53.6384188296795,dhs
AGO.9_1,AGO,2015,mobile_fm_ratio,0.720099946515758,dhs
BDI.1_1,BDI,2016,internet_women,2.90657871143586,dhs
BDI.1_1,BDI,2016,internet_men,8.53315033944335,dhs
BDI.1_1,BDI,2016,internet_fm_ratio,0.284388888632711,dhs
BDI.1_1,BDI,2016,mobile_women,23.3206264533478,dhs
BDI.1_1,BDI,2016,mobile_men,46.5884070815868,dhs
BDI.1_1,BDI,2016,mobile_fm_ratio,0.500567156385239,dhs
BDI.10_1,BDI,2016,internet_women,1.73516110011425,dhs
BDI.10_1,BDI,2016,internet_men,5.39912292456882,dhs
BDI.10_1,BDI,2016,internet_fm_ratio,0.316794334311217,dhs
BDI.10_1,BDI,2016,mobile_women,11.9658486201479,dhs
BDI.10_1,BDI,2016,mobile_men,35.4670474225698,dhs
BDI.10_1,BDI,2016,mobile_fm_ratio,0.337379327847104,dhs
BDI.11_1,BDI,2016,internet_women,2.147184612107,dhs
BDI.11_1,BDI,2016,internet_men,12.6873867337371,dhs
BDI.11_1,BDI,2016,internet_fm_ratio,0.15200764639028,dhs
BDI.11_1,BDI,2016,mobile_women,25.8182770709935,dhs
BDI.11_1,BDI,2016,mobile_men,55.4159628026697,dhs
BDI.11_1,BDI,2016,mobile_fm_ratio,0.465899639115351,dhs
BDI.12_1,BDI,2016,internet_women,1.52514445967419,dhs
BDI.12_1,BDI,2016,internet_men,9.24986229756023,dhs
BDI.12_1,BDI,2016,internet_fm_ratio,0.150505425847687,dhs
BDI.12_1,BDI,2016,mobile_women,20.0493989604801,dhs
BDI.12_1,BDI,2016,mobile_men,37.959514457816,dhs
BDI.12_1,BDI,2016,mobile_fm_ratio,0.528178488235426,dhs
BDI.13_1,BDI,2016,internet_women,1.19200666445427,dhs
BDI.13_1,BDI,2016,internet_men,6.99506366940459,dhs
BDI.13_1,BDI,2016,internet_fm_ratio,0.15810974596608,dhs
BDI.13_1,BDI,2016,mobile_women,13.6381295520444,dhs
BDI.13_1,BDI,2016,mobile_men,33.927762761778,dhs
BDI.13_1,BDI,2016,mobile_fm_ratio,0.401975504480028,dhs
BDI.14_1,BDI,2016,internet_women,2.17805033680554,dhs
BDI.14_1,BDI,2016,internet_men,7.17536807684815,dhs
BDI.14_1,BDI,2016,internet_fm_ratio,0.216722503282882,dhs
BDI.14_1,BDI,2016,mobile_women,27.1946148154731,dhs
BDI.14_1,BDI,2016,mobile_men,40.8034678513489,dhs
BDI.14_1,BDI,2016,mobile_fm_ratio,0.666478028645648,dhs
BDI.15_1,BDI,2016,internet_women,1.97553738457067,dhs
BDI.15_1,BDI,2016,internet_men,11.5592445335716,dhs
BDI.15_1,BDI,2016,internet_fm_ratio,0.137335796734349,dhs
BDI.15_1,BDI,2016,mobile_women,17.0719212888153,dhs
BDI.15_1,BDI,2016,mobile_men,39.7267718526161,dhs
BDI.15_1,BDI,2016,mobile_fm_ratio,0.429733413833652,dhs
BDI.16_1,BDI,2016,internet_women,1.65464762848899,dhs
BDI.16_1,BDI,2016,internet_men,10.7412780725153,dhs
BDI.16_1,BDI,2016,internet_fm_ratio,0.13897241435087,dhs
BDI.16_1,BDI,2016,mobile_women,22.8339765393782,dhs
BDI.16_1,BDI,2016,mobile_men,47.5888073925307,dhs
BDI.16_1,BDI,2016,mobile_fm_ratio,0.479818213367585,dhs
BDI.17_1,BDI,2016,internet_women,1.57657066180669,dhs
BDI.17_1,BDI,2016,internet_men,11.0244257836935,dhs
BDI.17_1,BDI,2016,internet_fm_ratio,0.13920411683751,dhs
BDI.17_1,BDI,2016,mobile_women,18.816528276475,dhs
BDI.17_1,BDI,2016,mobile_men,47.5583435794508,dhs
BDI.17_1,BDI,2016,mobile_fm_ratio,0.395651464291228,dhs
BDI.2_1,BDI,2016,internet_women,34.3606747830169,dhs
BDI.2_1,BDI,2016,internet_men,46.3136747412021,dhs
BDI.2_1,BDI,2016,internet_fm_ratio,0.686326097780485,dhs
BDI.2_1,BDI,2016,mobile_women,65.691997853795,dhs
BDI.2_1,BDI,2016,mobile_men,84.0467744690377,dhs
BDI.2_1,BDI,2016,mobile_fm_ratio,0.781612361316681,dhs
BDI.3_1,BDI,2016,internet_women,3.32445005135361,dhs
BDI.3_1,BDI,2016,internet_men,13.348700875849,dhs
BDI.3_1,BDI,2016,internet_fm_ratio,0.214545014866286,dhs
BDI.3_1,BDI,2016,mobile_women,30.9246637656056,dhs
BDI.3_1,BDI,2016,mobile_men,59.1800676641943,dhs
BDI.3_1,BDI,2016,mobile_fm_ratio,0.522552017700986,dhs
BDI.4_1,BDI,2016,internet_women,4.61884564746774,dhs
BDI.4_1,BDI,2016,internet_men,17.3193329175796,dhs
BDI.4_1,BDI,2016,internet_fm_ratio,0.211944166267341,dhs
BDI.4_1,BDI,2016,mobile_women,26.9395483248067,dhs
BDI.4_1,BDI,2016,mobile_men,51.2452324137182,dhs
BDI.4_1,BDI,2016,mobile_fm_ratio,0.525698627090137,dhs
BDI.5_1,BDI,2016,internet_women,1.43331022609833,dhs
BDI.5_1,BDI,2016,internet_men,7.35801200365115,dhs
BDI.5_1,BDI,2016,internet_fm_ratio,0.187117769589866,dhs
BDI.5_1,BDI,2016,mobile_women,14.2531907039024,dhs
BDI.5_1,BDI,2016,mobile_men,40.1202230317863,dhs
BDI.5_1,BDI,2016,mobile_fm_ratio,0.355262000727412,dhs
BDI.6_1,BDI,2016,internet_women,1.61510477522315,dhs
BDI.6_1,BDI,2016,internet_men,14.3711272153822,dhs
BDI.6_1,BDI,2016,internet_fm_ratio,0.094946110718047,dhs
BDI.6_1,BDI,2016,mobile_women,19.1812833863639,dhs
BDI.6_1,BDI,2016,mobile_men,50.3114923960522,dhs
BDI.6_1,BDI,2016,mobile_fm_ratio,0.381250534875189,dhs
BDI.7_1,BDI,2016,internet_women,4.35314917784445,dhs
BDI.7_1,BDI,2016,internet_men,15.3634309323421,dhs
BDI.7_1,BDI,2016,internet_fm_ratio,0.265696526478753,dhs
BDI.7_1,BDI,2016,mobile_women,24.166975415481,dhs
BDI.7_1,BDI,2016,mobile_men,45.9296127669384,dhs
BDI.7_1,BDI,2016,mobile_fm_ratio,0.526174159971954,dhs
BDI.8_1,BDI,2016,internet_women,0.674879899123592,dhs
BDI.8_1,BDI,2016,internet_men,1.49005960719378,dhs
BDI.8_1,BDI,2016,internet_fm_ratio,0.366977569913938,dhs
BDI.8_1,BDI,2016,mobile_women,9.79413737672076,dhs
BDI.8_1,BDI,2016,mobile_men,30.8206562044669,dhs
BDI.8_1,BDI,2016,mobile_fm_ratio,0.317778353314271,dhs
BDI.9_1,BDI,2016,internet_women,2.18043471894189,dhs
BDI.9_1,BDI,2016,internet_men,9.8405143507415591,dhs
BDI.9_1,BDI,2016,internet_fm_ratio,0.212178353443994,dhs
BDI.9_1,BDI,2016,mobile_women,16.0353035527011,dhs
BDI.9_1,BDI,2016,mobile_men,36.467748650646,dhs
BDI.9_1,BDI,2016,mobile_fm_ratio,0.439711913842454,dhs
BEN.1_1,BEN,2017,internet_women,1.870093017751,dhs
BEN.1_1,BEN,2017,internet_men,7.30197727436115,dhs
BEN.1_1,BEN,2017,internet_fm_ratio,0.2305089206907,dhs
BEN.1_1,BEN,2017,mobile_women,34.1810288194853,dhs
BEN.1_1,BEN,2017,mobile_men,71.9595723086278,dhs
BEN.1_1,BEN,2017,mobile_fm_ratio,0.475003223655723,dhs
BEN.10_1,BEN,2017,internet_women,8.44997499228752,dhs
BEN.10_1,BEN,2017,internet_men,23.9689921320389,dhs
BEN.10_1,BEN,2017,internet_fm_ratio,0.328782495981342,dhs
BEN.10_1,BEN,2017,mobile_women,60.9504869848411,dhs
BEN.10_1,BEN,2017,mobile_men,80.105952942039,dhs
BEN.10_1,BEN,2017,mobile_fm_ratio,0.7608733776495,dhs
BEN.11_1,BEN,2017,internet_women,4.52615697173381,dhs
BEN.11_1,BEN,2017,internet_men,13.7929740562338,dhs
BEN.11_1,BEN,2017,internet_fm_ratio,0.306659807389581,dhs
BEN.11_1,BEN,2017,mobile_women,54.9826287699495,dhs
BEN.11_1,BEN,2017,mobile_men,82.6428784441324,dhs
BEN.11_1,BEN,2017,mobile_fm_ratio,0.665303893149347,dhs
BEN.12_1,BEN,2017,internet_women,4.71169224335373,dhs
BEN.12_1,BEN,2017,internet_men,23.1070097007225,dhs
BEN.12_1,BEN,2017,internet_fm_ratio,0.189920992722816,dhs
BEN.12_1,BEN,2017,mobile_women,54.8037119976488,dhs
BEN.12_1,BEN,2017,mobile_men,80.1499684492439,dhs
BEN.12_1,BEN,2017,mobile_fm_ratio,0.683764610991133,dhs
BEN.2_1,BEN,2017,internet_women,4.40728036859262,dhs
BEN.2_1,BEN,2017,internet_men,10.4926107343445,dhs
BEN.2_1,BEN,2017,internet_fm_ratio,0.386293596960539,dhs
BEN.2_1,BEN,2017,mobile_women,34.1281187328076,dhs
BEN.2_1,BEN,2017,mobile_men,75.0577178262486,dhs
BEN.2_1,BEN,2017,mobile_fm_ratio,0.454691665576762,dhs
BEN.3_1,BEN,2017,internet_women,13.4459322792084,dhs
BEN.3_1,BEN,2017,internet_men,30.6188891497558,dhs
BEN.3_1,BEN,2017,internet_fm_ratio,0.416547040591336,dhs
BEN.3_1,BEN,2017,mobile_women,61.38479376954,dhs
BEN.3_1,BEN,2017,mobile_men,82.2397577336125,dhs
BEN.3_1,BEN,2017,mobile_fm_ratio,0.746412628893861,dhs
BEN.4_1,BEN,2017,internet_women,6.0262624261424,dhs
BEN.4_1,BEN,2017,internet_men,12.6709782210246,dhs
BEN.4_1,BEN,2017,internet_fm_ratio,0.452361604778991,dhs
BEN.4_1,BEN,2017,mobile_women,47.7623511300817,dhs
BEN.4_1,BEN,2017,mobile_men,76.880468964195,dhs
BEN.4_1,BEN,2017,mobile_fm_ratio,0.621254679811146,dhs
BEN.5_1,BEN,2017,internet_women,3.08675717826391,dhs
BEN.5_1,BEN,2017,internet_men,19.5825202644797,dhs
BEN.5_1,BEN,2017,internet_fm_ratio,0.141410263700192,dhs
BEN.5_1,BEN,2017,mobile_women,53.4339269153369,dhs
BEN.5_1,BEN,2017,mobile_men,78.8596188514822,dhs
BEN.5_1,BEN,2017,mobile_fm_ratio,0.677582870594011,dhs
BEN.6_1,BEN,2017,internet_women,3.59610118035998,dhs
BEN.6_1,BEN,2017,internet_men,15.8552883689122,dhs
BEN.6_1,BEN,2017,internet_fm_ratio,0.217926718769673,dhs
BEN.6_1,BEN,2017,mobile_women,51.9945017166817,dhs
BEN.6_1,BEN,2017,mobile_men,82.2366654527335,dhs
BEN.6_1,BEN,2017,mobile_fm_ratio,0.632254499017426,dhs
BEN.7_1,BEN,2017,internet_women,1.64380436610777,dhs
BEN.7_1,BEN,2017,internet_men,14.996345982339,dhs
BEN.7_1,BEN,2017,internet_fm_ratio,0.0907917201533782,dhs
BEN.7_1,BEN,2017,mobile_women,36.5838483005895,dhs
BEN.7_1,BEN,2017,mobile_men,83.1183205597725,dhs
BEN.7_1,BEN,2017,mobile_fm_ratio,0.440141812950625,dhs
BEN.8_1,BEN,2017,internet_women,29.9842386413197,dhs
BEN.8_1,BEN,2017,internet_men,65.6316977204623,dhs
BEN.8_1,BEN,2017,internet_fm_ratio,0.436966084358794,dhs
BEN.8_1,BEN,2017,mobile_women,78.5936896422811,dhs
BEN.8_1,BEN,2017,mobile_men,92.1179809152718,dhs
BEN.8_1,BEN,2017,mobile_fm_ratio,0.853185109588647,dhs
BEN.9_1,BEN,2017,internet_women,5.02846278838145,dhs
BEN.9_1,BEN,2017,internet_men,21.3651796104751,dhs
BEN.9_1,BEN,2017,internet_fm_ratio,0.220974404366639,dhs
BEN.9_1,BEN,2017,mobile_women,51.1396695894685,dhs
BEN.9_1,BEN,2017,mobile_men,79.6586676806104,dhs
BEN.9_1,BEN,2017,mobile_fm_ratio,0.641984997721929,dhs
BFA.1_1,BFA,2021,internet_women,7.0664039206391704,dhs
BFA.1_1,BFA,2021,internet_men,20.6003404463395,dhs
BFA.1_1,BFA,2021,internet_fm_ratio,0.340701370783692,dhs
BFA.1_1,BFA,2021,mobile_women,69.5731173415726,dhs
BFA.1_1,BFA,2021,mobile_men,88.9372798401733,dhs
BFA.1_1,BFA,2021,mobile_fm_ratio,0.78227170278426,dhs
BFA.10_1,BFA,2021,internet_women,5.97824042346431,dhs
BFA.10_1,BFA,2021,internet_men,27.6584330693436,dhs
BFA.10_1,BFA,2021,internet_fm_ratio,0.201564747115154,dhs
BFA.10_1,BFA,2021,mobile_women,76.1575264024852,dhs
BFA.10_1,BFA,2021,mobile_men,93.4440963229696,dhs
BFA.10_1,BFA,2021,mobile_fm_ratio,0.815006291454336,dhs
BFA.11_1,BFA,2021,internet_women,11.7418995835725,dhs
BFA.11_1,BFA,2021,internet_men,41.8210872788289,dhs
BFA.11_1,BFA,2021,internet_fm_ratio,0.274892478850132,dhs
BFA.11_1,BFA,2021,mobile_women,81.3175420168167,dhs
BFA.11_1,BFA,2021,mobile_men,92.816444720171,dhs
BFA.11_1,BFA,2021,mobile_fm_ratio,0.876111364338271,dhs
BFA.12_1,BFA,2021,internet_women,11.2700164379824,dhs
BFA.12_1,BFA,2021,internet_men,16.7829329996772,dhs
BFA.12_1,BFA,2021,internet_fm_ratio,0.634758232912406,dhs
BFA.12_1,BFA,2021,mobile_women,38.475057835564,dhs
BFA.12_1,BFA,2021,mobile_men,74.6993574761049,dhs
BFA.12_1,BFA,2021,mobile_fm_ratio,0.51506544548086,dhs
BFA.13_1,BFA,2021,internet_women,5.6624491088729,dhs
BFA.13_1,BFA,2021,internet_men,18.7928599699211,dhs
BFA.13_1,BFA,2021,internet_fm_ratio,0.28062736718719,dhs
BFA.13_1,BFA,2021,mobile_women,54.0574631636315,dhs
BFA.13_1,BFA,2021,mobile_men,80.1300768251065,dhs
BFA.13_1,BFA,2021,mobile_fm_ratio,0.674621381951478,dhs
BFA.2_1,BFA,2021,internet_women,12.2905283258552,dhs
BFA.2_1,BFA,2021,internet_men,50.8140440781629,dhs
BFA.2_1,BFA,2021,internet_fm_ratio,0.22986563832043,dhs
BFA.2_1,BFA,2021,mobile_women,80.2402426326197,dhs
BFA.2_1,BFA,2021,mobile_men,92.9742307041317,dhs
BFA.2_1,BFA,2021,mobile_fm_ratio,0.863037446235669,dhs
BFA.3_1,BFA,2021,internet_women,13.6042496045485,dhs
BFA.3_1,BFA,2021,internet_men,49.8381004932457,dhs
BFA.3_1,BFA,2021,internet_fm_ratio,0.270372074754805,dhs
BFA.3_1,BFA,2021,mobile_women,76.1993578886582,dhs
BFA.3_1,BFA,2021,mobile_men,91.4308838987261,dhs
BFA.3_1,BFA,2021,mobile_fm_ratio,0.833409397781398,dhs
BFA.4_1,BFA,2021,internet_women,5.05490774016417,dhs
BFA.4_1,BFA,2021,internet_men,21.567177364424,dhs
BFA.4_1,BFA,2021,internet_fm_ratio,0.231688811381277,dhs
BFA.4_1,BFA,2021,mobile_women,77.4885543353796,dhs
BFA.4_1,BFA,2021,mobile_men,88.1884404008668,dhs
BFA.4_1,BFA,2021,mobile_fm_ratio,0.878670197399454,dhs
BFA.5_1,BFA,2021,internet_women,7.43011476048215,dhs
BFA.5_1,BFA,2021,internet_men,29.8078675743761,dhs
BFA.5_1,BFA,2021,internet_fm_ratio,0.24620144631165,dhs
BFA.5_1,BFA,2021,mobile_women,67.0410322540691,dhs
BFA.5_1,BFA,2021,mobile_men,89.3081224926241,dhs
BFA.5_1,BFA,2021,mobile_fm_ratio,0.750671163864249,dhs
BFA.6_1,BFA,2021,internet_women,8.9971022021022,dhs
BFA.6_1,BFA,2021,internet_men,22.8785253982525,dhs
BFA.6_1,BFA,2021,internet_fm_ratio,0.370035969822272,dhs
BFA.6_1,BFA,2021,mobile_women,75.660799863086,dhs
BFA.6_1,BFA,2021,mobile_men,88.5023521534612,dhs
BFA.6_1,BFA,2021,mobile_fm_ratio,0.85490157065986,dhs
BFA.7_1,BFA,2021,internet_women,39.1642705564498,dhs
BFA.7_1,BFA,2021,internet_men,64.84975087282,dhs
BFA.7_1,BFA,2021,internet_fm_ratio,0.588429784428182,dhs
BFA.7_1,BFA,2021,mobile_women,89.7033816651441,dhs
BFA.7_1,BFA,2021,mobile_men,94.121655670597,dhs
BFA.7_1,BFA,2021,mobile_fm_ratio,0.953057838029159,dhs
BFA.8_1,BFA,2021,internet_women,5.53098812439439,dhs
BFA.8_1,BFA,2021,internet_men,18.9128018622122,dhs
BFA.8_1,BFA,2021,internet_fm_ratio,0.280243535504875,dhs
BFA.8_1,BFA,2021,mobile_women,54.4889642580911,dhs
BFA.8_1,BFA,2021,mobile_men,83.3564491528926,dhs
BFA.8_1,BFA,2021,mobile_fm_ratio,0.65368624517759,dhs
BFA.9_1,BFA,2021,internet_women,22.8632000268671,dhs
BFA.9_1,BFA,2021,internet_men,49.8737255801045,dhs
BFA.9_1,BFA,2021,internet_fm_ratio,0.443751118247992,dhs
BFA.9_1,BFA,2021,mobile_women,81.2479742772463,dhs
BFA.9_1,BFA,2021,mobile_men,92.1315921598986,dhs
BFA.9_1,BFA,2021,mobile_fm_ratio,0.881868774570147,dhs
CMR.1_1,CMR,2018,internet_women,11.803420286901,dhs
CMR.1_1,CMR,2018,internet_men,37.1814455257065,dhs
CMR.1_1,CMR,2018,internet_fm_ratio,0.309273885302865,dhs
CMR.1_1,CMR,2018,mobile_women,58.1919511904237,dhs
CMR.1_1,CMR,2018,mobile_men,81.713148290274,dhs
CMR.1_1,CMR,2018,mobile_fm_ratio,0.712149175597853,dhs
CMR.10_1,CMR,2018,internet_women,26.0156821307719,dhs
CMR.10_1,CMR,2018,internet_men,34.5180931582728,dhs
CMR.10_1,CMR,2018,internet_fm_ratio,0.674259499665149,dhs
CMR.10_1,CMR,2018,mobile_women,65.217491215202,dhs
CMR.10_1,CMR,2018,mobile_men,69.5640411537359,dhs
CMR.10_1,CMR,2018,mobile_fm_ratio,0.93751728814995,dhs
CMR.2_1,CMR,2018,internet_women,45.2807102725383,dhs
CMR.2_1,CMR,2018,internet_men,51.9365882382929,dhs
CMR.2_1,CMR,2018,internet_fm_ratio,0.789457906502454,dhs
CMR.2_1,CMR,2018,mobile_women,75.8719842649548,dhs
CMR.2_1,CMR,2018,mobile_men,82.9373184639837,dhs
CMR.2_1,CMR,2018,mobile_fm_ratio,0.914811157029425,dhs
CMR.3_1,CMR,2018,internet_women,23.6038010150783,dhs
CMR.3_1,CMR,2018,internet_men,33.9583440185261,dhs
CMR.3_1,CMR,2018,internet_fm_ratio,0.53048184255521,dhs
CMR.3_1,CMR,2018,mobile_women,50.9171066188577,dhs
CMR.3_1,CMR,2018,mobile_men,65.2994329827252,dhs
CMR.3_1,CMR,2018,mobile_fm_ratio,0.779748066607679,dhs
CMR.4_1,CMR,2018,internet_women,4.75105637058669,dhs
CMR.4_1,CMR,2018,internet_men,14.350092618207,dhs
CMR.4_1,CMR,2018,internet_fm_ratio,0.321830741504381,dhs
CMR.4_1,CMR,2018,mobile_women,37.4448117390668,dhs
CMR.4_1,CMR,2018,mobile_men,61.2475402672104,dhs
CMR.4_1,CMR,2018,mobile_fm_ratio,0.611368417012387,dhs
CMR.5_1,CMR,2018,internet_women,56.9677362550623,dhs
CMR.5_1,CMR,2018,internet_men,62.2168802797946,dhs
CMR.5_1,CMR,2018,internet_fm_ratio,0.847919203500295,dhs
CMR.5_1,CMR,2018,mobile_women,84.8239316422373,dhs
CMR.5_1,CMR,2018,mobile_men,90.0525586004382,dhs
CMR.5_1,CMR,2018,mobile_fm_ratio,0.941938052183501,dhs
CMR.6_1,CMR,2018,internet_women,25.6385585782888,dhs
CMR.6_1,CMR,2018,internet_men,38.3678728706191,dhs
CMR.6_1,CMR,2018,internet_fm_ratio,0.643629787967305,dhs
CMR.6_1,CMR,2018,mobile_women,68.1024889736841,dhs
CMR.6_1,CMR,2018,mobile_men,78.5482413949238,dhs
CMR.6_1,CMR,2018,mobile_fm_ratio,0.867014814899283,dhs
CMR.7_1,CMR,2018,internet_women,6.82330308016724,dhs
CMR.7_1,CMR,2018,internet_men,15.600503069749,dhs
CMR.7_1,CMR,2018,internet_fm_ratio,0.363289487561276,dhs
CMR.7_1,CMR,2018,mobile_women,37.5173691547545,dhs
CMR.7_1,CMR,2018,mobile_men,66.2560979863384,dhs
CMR.7_1,CMR,2018,mobile_fm_ratio,0.566247791448423,dhs
CMR.8_1,CMR,2018,internet_women,32.9019002700869,dhs
CMR.8_1,CMR,2018,internet_men,43.5841192885133,dhs
CMR.8_1,CMR,2018,internet_fm_ratio,0.70691285460878,dhs
CMR.8_1,CMR,2018,mobile_women,75.9708222988636,dhs
CMR.8_1,CMR,2018,mobile_men,84.2901730117335,dhs
CMR.8_1,CMR,2018,mobile_fm_ratio,0.901301060187505,dhs
CMR.9_1,CMR,2018,internet_women,56.8540679666521,dhs
CMR.9_1,CMR,2018,internet_men,62.4654068967862,dhs
CMR.9_1,CMR,2018,internet_fm_ratio,0.910168856509557,dhs
CMR.9_1,CMR,2018,mobile_women,85.175214328338,dhs
CMR.9_1,CMR,2018,mobile_men,89.2594455688458,dhs
CMR.9_1,CMR,2018,mobile_fm_ratio,0.954243147999865,dhs
ETH.1_1,ETH,2016,internet_women,32.9212493567971,dhs
ETH.1_1,ETH,2016,internet_men,58.544366865922,dhs
ETH.1_1,ETH,2016,internet_fm_ratio,0.546899039595782,dhs
ETH.1_1,ETH,2016,mobile_women,87.0055004965893,dhs
ETH.1_1,ETH,2016,mobile_men,94.3606067751522,dhs
ETH.1_1,ETH,2016,mobile_fm_ratio,0.922053211293044,dhs
ETH.10_1,ETH,2016,internet_women,2.53904120123028,dhs
ETH.10_1,ETH,2016,internet_men,5.7547973077765,dhs
ETH.10_1,ETH,2016,internet_fm_ratio,0.368838045328696,dhs
ETH.10_1,ETH,2016,mobile_women,20.3505487838557,dhs
ETH.10_1,ETH,2016,mobile_men,49.5179553479287,dhs
ETH.10_1,ETH,2016,mobile_fm_ratio,0.410973123604687,dhs
ETH.11_1,ETH,2016,internet_women,5.469044543585,dhs
ETH.11_1,ETH,2016,internet_men,12.5894141458445,dhs
ETH.11_1,ETH,2016,internet_fm_ratio,0.402949578780222,dhs
ETH.11_1,ETH,2016,mobile_women,31.4221270905146,dhs
ETH.11_1,ETH,2016,mobile_men,62.252237429814,dhs
ETH.11_1,ETH,2016,mobile_fm_ratio,0.50475498372153,dhs
ETH.2_1,ETH,2016,internet_women,2.73150945704644,dhs
ETH.2_1,ETH,2016,internet_men,16.3577030702602,dhs
ETH.2_1,ETH,2016,internet_fm_ratio,0.153169474630035,dhs
ETH.2_1,ETH,2016,mobile_women,31.2562765582252,dhs
ETH.2_1,ETH,2016,mobile_men,66.0271816523694,dhs
ETH.2_1,ETH,2016,mobile_fm_ratio,0.473384987455444,dhs
ETH.3_1,ETH,2016,internet_women,3.27508977283894,dhs
ETH.3_1,ETH,2016,internet_men,9.71770825090061,dhs
ETH.3_1,ETH,2016,internet_fm_ratio,0.325143228541569,dhs
ETH.3_1,ETH,2016,mobile_women,21.2037603182633,dhs
ETH.3_1,ETH,2016,mobile_men,48.4401117138282,dhs
ETH.3_1,ETH,2016,mobile_fm_ratio,0.437731449579012,dhs
ETH.4_1,ETH,2016,internet_women,2.73868676294967,dhs
ETH.4_1,ETH,2016,internet_men,9.99716846379436,dhs
ETH.4_1,ETH,2016,internet_fm_ratio,0.266743252063461,dhs
ETH.4_1,ETH,2016,mobile_women,25.1393697298724,dhs
ETH.4_1,ETH,2016,mobile_men,55.8501576293667,dhs
ETH.4_1,ETH,2016,mobile_fm_ratio,0.450121732810541,dhs
ETH.5_1,ETH,2016,internet_women,18.7456273314768,dhs
ETH.5_1,ETH,2016,internet_men,39.0322795188453,dhs
ETH.5_1,ETH,2016,internet_fm_ratio,0.471580301628244,dhs
ETH.5_1,ETH,2016,mobile_women,55.8229856386526,dhs
ETH.5_1,ETH,2016,mobile_men,75.6453160032313,dhs
ETH.5_1,ETH,2016,mobile_fm_ratio,0.737956936240018,dhs
ETH.6_1,ETH,2016,internet_women,6.61650284804941,dhs
ETH.6_1,ETH,2016,internet_men,24.0296131123527,dhs
ETH.6_1,ETH,2016,internet_fm_ratio,0.254696978059813,dhs
ETH.6_1,ETH,2016,mobile_women,46.1112342791818,dhs
ETH.6_1,ETH,2016,mobile_men,73.1315945182247,dhs
ETH.6_1,ETH,2016,mobile_fm_ratio,0.630524120018888,dhs
ETH.7_1,ETH,2016,internet_women,12.5593415893564,dhs
ETH.7_1,ETH,2016,internet_men,38.2114536299038,dhs
ETH.7_1,ETH,2016,internet_fm_ratio,0.314073427611622,dhs
ETH.7_1,ETH,2016,mobile_women,55.1906605609248,dhs
ETH.7_1,ETH,2016,mobile_men,77.2943949092865,dhs
ETH.7_1,ETH,2016,mobile_fm_ratio,0.714031859951775,dhs
ETH.8_1,ETH,2016,internet_women,2.81350387114979,dhs
ETH.8_1,ETH,2016,internet_men,10.1758922548084,dhs
ETH.8_1,ETH,2016,internet_fm_ratio,0.245182058281174,dhs
ETH.8_1,ETH,2016,mobile_women,23.3125199095708,dhs
ETH.8_1,ETH,2016,mobile_men,53.489020795516,dhs
ETH.8_1,ETH,2016,mobile_fm_ratio,0.435837477726365,dhs
ETH.9_1,ETH,2016,internet_women,2.87782988420473,dhs
ETH.9_1,ETH,2016,internet_men,14.3582733148637,dhs
ETH.9_1,ETH,2016,internet_fm_ratio,0.193443062400566,dhs
ETH.9_1,ETH,2016,mobile_women,34.9977821132103,dhs
ETH.9_1,ETH,2016,mobile_men,70.6057621954349,dhs
ETH.9_1,ETH,2016,mobile_fm_ratio,0.4956788373212,dhs
GAB.1_1,GAB,2019,internet_women,74.0967352104448,dhs
GAB.1_1,GAB,2019,internet_men,80.1987506038228,dhs
GAB.1_1,GAB,2019,internet_fm_ratio,0.889173818563655,dhs
GAB.1_1,GAB,2019,mobile_women,90.4756313128787,dhs
GAB.1_1,GAB,2019,mobile_men,89.6144586913247,dhs
GAB.1_1,GAB,2019,mobile_fm_ratio,1.00960975086086,dhs
GAB.2_1,GAB,2019,internet_women,65.8469512026029,dhs
GAB.2_1,GAB,2019,internet_men,74.8370710679953,dhs
GAB.2_1,GAB,2019,internet_fm_ratio,0.766673050638746,dhs
GAB.2_1,GAB,2019,mobile_women,86.9440639400552,dhs
GAB.2_1,GAB,2019,mobile_men,94.1257485984827,dhs
GAB.2_1,GAB,2019,mobile_fm_ratio,0.923701168220581,dhs
GAB.3_1,GAB,2019,internet_women,55.6331258728401,dhs
GAB.3_1,GAB,2019,internet_men,57.2685061140377,dhs
GAB.3_1,GAB,2019,internet_fm_ratio,0.814642755371684,dhs
GAB.3_1,GAB,2019,mobile_women,85.0576246329938,dhs
GAB.3_1,GAB,2019,mobile_men,83.7115986113417,dhs
GAB.3_1,GAB,2019,mobile_fm_ratio,1.01607932525457,dhs
GAB.4_1,GAB,2019,internet_women,48.0638793168477,dhs
GAB.4_1,GAB,2019,internet_men,48.3646161904082,dhs
GAB.4_1,GAB,2019,internet_fm_ratio,0.851988870256055,dhs
GAB.4_1,GAB,2019,mobile_women,81.6930614393592,dhs
GAB.4_1,GAB,2019,mobile_men,83.602519197057,dhs
GAB.4_1,GAB,2019,mobile_fm_ratio,0.977160284450316,dhs
GAB.5_1,GAB,2019,internet_women,50.5581267437827,dhs
GAB.5_1,GAB,2019,internet_men,57.9034315567846,dhs
GAB.5_1,GAB,2019,internet_fm_ratio,0.783485520986664,dhs
GAB.5_1,GAB,2019,mobile_women,77.49375584494,dhs
GAB.5_1,GAB,2019,mobile_men,82.5206041101936,dhs
GAB.5_1,GAB,2019,mobile_fm_ratio,0.939083719521236,dhs
GAB.6_1,GAB,2019,internet_women,33.1215958350071,dhs
GAB.6_1,GAB,2019,internet_men,50.7980071417702,dhs
GAB.6_1,GAB,2019,internet_fm_ratio,0.54818532740343,dhs
GAB.6_1,GAB,2019,mobile_women,70.8160615503457,dhs
GAB.6_1,GAB,2019,mobile_men,78.2523942919128,dhs
GAB.6_1,GAB,2019,mobile_fm_ratio,0.904969901447021,dhs
GAB.7_1,GAB,2019,internet_women,49.0342398336761,dhs
GAB.7_1,GAB,2019,internet_men,65.4726006412553,dhs
GAB.7_1,GAB,2019,internet_fm_ratio,0.690108347404568,dhs
GAB.7_1,GAB,2019,mobile_women,83.7036784029452,dhs
GAB.7_1,GAB,2019,mobile_men,81.8719282633289,dhs
GAB.7_1,GAB,2019,mobile_fm_ratio,1.02237336017939,dhs
GAB.8_1,GAB,2019,internet_women,76.5161423085332,dhs
GAB.8_1,GAB,2019,internet_men,79.8501299311001,dhs
GAB.8_1,GAB,2019,internet_fm_ratio,0.908453836249941,dhs
GAB.8_1,GAB,2019,mobile_women,90.336765606986,dhs
GAB.8_1,GAB,2019,mobile_men,91.3753347710079,dhs
GAB.8_1,GAB,2019,mobile_fm_ratio,0.988634031638575,dhs
GAB.9_1,GAB,2019,internet_women,60.1820253829131,dhs
GAB.9_1,GAB,2019,internet_men,62.4956259370718,dhs
GAB.9_1,GAB,2019,internet_fm_ratio,0.876087564161265,dhs
GAB.9_1,GAB,2019,mobile_women,87.4662781223158,dhs
GAB.9_1,GAB,2019,mobile_men,84.2642048698523,dhs
GAB.9_1,GAB,2019,mobile_fm_ratio,1.03800039717231,dhs
GHA1_2,GHA,2017,internet_women,16.4685268939766,dhs
GHA1_2,GHA,2017,mobile_women,62.984464754717,dhs
GHA10_2,GHA,2017,internet_women,8.19111119425446,dhs
GHA10_2,GHA,2017,mobile_women,51.3560815330372,dhs
GHA11_2,GHA,2017,internet_women,6.77459498046239,dhs
GHA11_2,GHA,2017,mobile_women,39.7392993729404,dhs
GHA12_2,GHA,2017,internet_women,10.3739023552631,dhs
GHA12_2,GHA,2017,mobile_women,55.1191803356328,dhs
GHA13_2,GHA,2017,internet_women,9.14591618320254,dhs
GHA13_2,GHA,2017,mobile_women,43.0940794820452,dhs
GHA14_2,GHA,2017,internet_women,15.6764899543661,dhs
GHA14_2,GHA,2017,mobile_women,67.259680888158,dhs
GHA15_2,GHA,2017,internet_women,26.2468871884773,dhs
GHA15_2,GHA,2017,mobile_women,72.3004503874836,dhs
GHA16_2,GHA,2017,internet_women,12.0059175712146,dhs
GHA16_2,GHA,2017,mobile_women,65.993455724246,dhs
GHA2_2,GHA,2017,internet_women,29.6035883988587,dhs
GHA2_2,GHA,2017,mobile_women,74.9335756478792,dhs
GHA3_2,GHA,2017,internet_women,19.1414431309688,dhs
GHA3_2,GHA,2017,mobile_women,69.0136307263479,dhs
GHA4_2,GHA,2017,internet_women,10.9269345867531,dhs
GHA4_2,GHA,2017,mobile_women,58.71739286279741,dhs
GHA5_2,GHA,2017,internet_women,20.5948214805788,dhs
GHA5_2,GHA,2017,mobile_women,70.6161604253529,dhs
GHA6_2,GHA,2017,internet_women,21.205212965649,dhs
GHA6_2,GHA,2017,mobile_women,72.805198200486,dhs
GHA7_2,GHA,2017,internet_women,44.6751480596981,dhs
GHA7_2,GHA,2017,mobile_women,85.3551316094284,dhs
GHA8_2,GHA,2017,internet_women,8.7109936356136,dhs
GHA8_2,GHA,2017,mobile_women,36.8712826874385,dhs
GHA9_2,GHA,2017,internet_women,10.5819921439382,dhs
GHA9_2,GHA,2017,mobile_women,50.6692797252752,dhs
GIN.1_1,GIN,2018,internet_women,14.4965236947015,dhs
GIN.1_1,GIN,2018,internet_men,30.0789962106062,dhs
GIN.1_1,GIN,2018,internet_fm_ratio,0.457359912783633,dhs
GIN.1_1,GIN,2018,mobile_women,60.1942765396922,dhs
GIN.1_1,GIN,2018,mobile_men,86.1502330621809,dhs
GIN.1_1,GIN,2018,mobile_fm_ratio,0.698712869369089,dhs
GIN.2_1,GIN,2018,internet_women,47.5196615427992,dhs
GIN.2_1,GIN,2018,internet_men,62.5318222479651,dhs
GIN.2_1,GIN,2018,internet_fm_ratio,0.7225831566065,dhs
GIN.2_1,GIN,2018,mobile_women,90.0222669946723,dhs
GIN.2_1,GIN,2018,mobile_men,93.0037125513565,dhs
GIN.2_1,GIN,2018,mobile_fm_ratio,0.967942725350477,dhs
GIN.3_1,GIN,2018,internet_women,6.01794380881902,dhs
GIN.3_1,GIN,2018,internet_men,22.2827490251273,dhs
GIN.3_1,GIN,2018,internet_fm_ratio,0.231322484606441,dhs
GIN.3_1,GIN,2018,mobile_women,63.8909203093341,dhs
GIN.3_1,GIN,2018,mobile_men,85.2161232979736,dhs
GIN.3_1,GIN,2018,mobile_fm_ratio,0.749751547438129,dhs
GIN.4_1,GIN,2018,internet_women,8.87769263227234,dhs
GIN.4_1,GIN,2018,internet_men,22.1500179961945,dhs
GIN.4_1,GIN,2018,internet_fm_ratio,0.380332172048385,dhs
GIN.4_1,GIN,2018,mobile_women,68.5978489737171,dhs
GIN.4_1,GIN,2018,mobile_men,90.1707417811994,dhs
GIN.4_1,GIN,2018,mobile_fm_ratio,0.760755069977918,dhs
GIN.5_1,GIN,2018,internet_women,13.6522098683142,dhs
GIN.5_1,GIN,2018,internet_men,29.3088846941432,dhs
GIN.5_1,GIN,2018,internet_fm_ratio,0.444435918281263,dhs
GIN.5_1,GIN,2018,mobile_women,68.162348861067,dhs
GIN.5_1,GIN,2018,mobile_men,86.2603402727448,dhs
GIN.5_1,GIN,2018,mobile_fm_ratio,0.790193368650598,dhs
GIN.6_1,GIN,2018,internet_women,13.6897864998396,dhs
GIN.6_1,GIN,2018,internet_men,36.0472730409586,dhs
GIN.6_1,GIN,2018,internet_fm_ratio,0.340551784805024,dhs
GIN.6_1,GIN,2018,mobile_women,63.0000592981699,dhs
GIN.6_1,GIN,2018,mobile_men,84.0707855954306,dhs
GIN.6_1,GIN,2018,mobile_fm_ratio,0.749369223232214,dhs
GIN.7_1,GIN,2018,internet_women,9.47121625663153,dhs
GIN.7_1,GIN,2018,internet_men,38.098803812982,dhs
GIN.7_1,GIN,2018,internet_fm_ratio,0.228121202794263,dhs
GIN.7_1,GIN,2018,mobile_women,76.4097298675955,dhs
GIN.7_1,GIN,2018,mobile_men,86.2564894602477,dhs
GIN.7_1,GIN,2018,mobile_fm_ratio,0.885843260556179,dhs
GIN.8_1,GIN,2018,internet_women,4.18736024366341,dhs
GIN.8_1,GIN,2018,internet_men,9.76663420442068,dhs
GIN.8_1,GIN,2018,internet_fm_ratio,0.39747629819743,dhs
GIN.8_1,GIN,2018,mobile_women,55.2725536639672,dhs
GIN.8_1,GIN,2018,mobile_men,74.0804483594722,dhs
GIN.8_1,GIN,2018,mobile_fm_ratio,0.746115269116075,dhs
GMB.1_1,GMB,2019,internet_women,78.1782636053407,dhs
GMB.1_1,GMB,2019,internet_men,83.4494353200366,dhs
GMB.1_1,GMB,2019,internet_fm_ratio,0.894907006976707,dhs
GMB.1_1,GMB,2019,mobile_women,85.5630811684014,dhs
GMB.1_1,GMB,2019,mobile_men,89.4192213923918,dhs
GMB.1_1,GMB,2019,mobile_fm_ratio,0.956875712358657,dhs
GMB.2_1,GMB,2019,internet_women,50.2197506563351,dhs
GMB.2_1,GMB,2019,internet_men,56.1150165180365,dhs
GMB.2_1,GMB,2019,internet_fm_ratio,0.818454349615884,dhs
GMB.2_1,GMB,2019,mobile_women,70.0296462965128,dhs
GMB.2_1,GMB,2019,mobile_men,82.5591663532606,dhs
GMB.2_1,GMB,2019,mobile_fm_ratio,0.848235869980379,dhs
GMB.3_1,GMB,2019,internet_women,32.595576057365,dhs
GMB.3_1,GMB,2019,internet_men,53.1461596738961,dhs
GMB.3_1,GMB,2019,internet_fm_ratio,0.516976025704388,dhs
GMB.3_1,GMB,2019,mobile_women,57.7859587869995,dhs
GMB.3_1,GMB,2019,mobile_men,81.9827159886436,dhs
GMB.3_1,GMB,2019,mobile_fm_ratio,0.704855384334963,dhs
GMB.4_1,GMB,2019,internet_women,50.5729054556811,dhs
GMB.4_1,GMB,2019,internet_men,63.5806542729653,dhs
GMB.4_1,GMB,2019,internet_fm_ratio,0.730022219228802,dhs
GMB.4_1,GMB,2019,mobile_women,71.2512002062876,dhs
GMB.4_1,GMB,2019,mobile_men,82.923965984051,dhs
GMB.4_1,GMB,2019,mobile_fm_ratio,0.859235317085432,dhs
GMB.5_1,GMB,2019,internet_women,70.1567953865475,dhs
GMB.5_1,GMB,2019,internet_men,75.2643684722607,dhs
GMB.5_1,GMB,2019,internet_fm_ratio,0.891420203760838,dhs
GMB.5_1,GMB,2019,mobile_women,69.0114066356919,dhs
GMB.5_1,GMB,2019,mobile_men,85.8893414607631,dhs
GMB.5_1,GMB,2019,mobile_fm_ratio,0.803492091823972,dhs
GMB.6_1,GMB,2019,internet_women,69.4938654482348,dhs
GMB.6_1,GMB,2019,internet_men,73.5868122544753,dhs
GMB.6_1,GMB,2019,internet_fm_ratio,0.891334047003892,dhs
GMB.6_1,GMB,2019,mobile_women,78.7720021716549,dhs
GMB.6_1,GMB,2019,mobile_men,84.5881544918462,dhs
GMB.6_1,GMB,2019,mobile_fm_ratio,0.931241527195727,dhs
KEN.1_1,KEN,2022,internet_women,33.8008462589245,dhs
KEN.1_1,KEN,2022,internet_men,36.0692641880504,dhs
KEN.1_1,KEN,2022,internet_fm_ratio,0.868968165648586,dhs
KEN.1_1,KEN,2022,mobile_women,67.5481353144472,dhs
KEN.1_1,KEN,2022,mobile_men,73.1528617507816,dhs
KEN.1_1,KEN,2022,mobile_fm_ratio,0.923383360511189,dhs
KEN.10_1,KEN,2022,internet_women,67.2396033141022,dhs
KEN.10_1,KEN,2022,internet_men,68.8633317039366,dhs
KEN.10_1,KEN,2022,internet_fm_ratio,0.963067168260715,dhs
KEN.10_1,KEN,2022,mobile_women,87.9673611585021,dhs
KEN.10_1,KEN,2022,mobile_men,86.1801172018998,dhs
KEN.10_1,KEN,2022,mobile_fm_ratio,1.02073847210506,dhs
KEN.11_1,KEN,2022,internet_women,36.7863179642022,dhs
KEN.11_1,KEN,2022,internet_men,33.7051947495043,dhs
KEN.11_1,KEN,2022,internet_fm_ratio,1.09141389740058,dhs
KEN.11_1,KEN,2022,mobile_women,69.0376097617769,dhs
KEN.11_1,KEN,2022,mobile_men,64.9178361219054,dhs
KEN.11_1,KEN,2022,mobile_fm_ratio,1.06346135185614,dhs
KEN.12_1,KEN,2022,internet_women,35.3033083468857,dhs
KEN.12_1,KEN,2022,internet_men,45.9673539701427,dhs
KEN.12_1,KEN,2022,internet_fm_ratio,0.737283158521433,dhs
KEN.12_1,KEN,2022,mobile_women,76.3537586270194,dhs
KEN.12_1,KEN,2022,mobile_men,81.2572192296078,dhs
KEN.12_1,KEN,2022,mobile_fm_ratio,0.939655077430933,dhs
KEN.13_1,KEN,2022,internet_women,68.3285265107455,dhs
KEN.13_1,KEN,2022,internet_men,72.5131630752945,dhs
KEN.13_1,KEN,2022,internet_fm_ratio,0.901790124396627,dhs
KEN.13_1,KEN,2022,mobile_women,90.984922391242307,dhs
KEN.13_1,KEN,2022,mobile_men,86.7248352918074,dhs
KEN.13_1,KEN,2022,mobile_fm_ratio,1.04912188169745,dhs
KEN.14_1,KEN,2022,internet_women,26.0837965369698,dhs
KEN.14_1,KEN,2022,internet_men,49.0077226840497,dhs
KEN.14_1,KEN,2022,internet_fm_ratio,0.461886270022509,dhs
KEN.14_1,KEN,2022,mobile_women,64.4765452211892,dhs
KEN.14_1,KEN,2022,mobile_men,76.8257507363674,dhs
KEN.14_1,KEN,2022,mobile_fm_ratio,0.839256949697046,dhs
KEN.15_1,KEN,2022,internet_women,50.544760085384,dhs
KEN.15_1,KEN,2022,internet_men,62.9032074238522,dhs
KEN.15_1,KEN,2022,internet_fm_ratio,0.78034954990564,dhs
KEN.15_1,KEN,2022,mobile_women,85.338964160715,dhs
KEN.15_1,KEN,2022,mobile_men,87.5709296869106,dhs
KEN.15_1,KEN,2022,mobile_fm_ratio,0.974512483375756,dhs
KEN.16_1,KEN,2022,internet_women,33.6298407853412,dhs
KEN.16_1,KEN,2022,internet_men,48.3957621532223,dhs
KEN.16_1,KEN,2022,internet_fm_ratio,0.675320822605886,dhs
KEN.16_1,KEN,2022,mobile_women,73.5734468174918,dhs
KEN.16_1,KEN,2022,mobile_men,75.7743936713637,dhs
KEN.16_1,KEN,2022,mobile_fm_ratio,0.970953949649303,dhs
KEN.17_1,KEN,2022,internet_women,36.5724413209412,dhs
KEN.17_1,KEN,2022,internet_men,45.7924002089898,dhs
KEN.17_1,KEN,2022,internet_fm_ratio,0.707034152665453,dhs
KEN.17_1,KEN,2022,mobile_women,71.7421412203998,dhs
KEN.17_1,KEN,2022,mobile_men,77.8864965260452,dhs
KEN.17_1,KEN,2022,mobile_fm_ratio,0.92111141751522,dhs
KEN.18_1,KEN,2022,internet_women,27.512076122001,dhs
KEN.18_1,KEN,2022,internet_men,34.6608760809627,dhs
KEN.18_1,KEN,2022,internet_fm_ratio,0.690953086495718,dhs
KEN.18_1,KEN,2022,mobile_women,73.8684068615721,dhs
KEN.18_1,KEN,2022,mobile_men,77.7036354681428,dhs
KEN.18_1,KEN,2022,mobile_fm_ratio,0.950642867821247,dhs
KEN.19_1,KEN,2022,internet_women,27.1458406901496,dhs
KEN.19_1,KEN,2022,internet_men,52.1822836530533,dhs
KEN.19_1,KEN,2022,internet_fm_ratio,0.493943229003704,dhs
KEN.19_1,KEN,2022,mobile_women,63.7626851735773,dhs
KEN.19_1,KEN,2022,mobile_men,76.1885389077734,dhs
KEN.19_1,KEN,2022,mobile_fm_ratio,0.836906522787664,dhs
KEN.2_1,KEN,2022,internet_women,22.6775198086432,dhs
KEN.2_1,KEN,2022,internet_men,18.3190942185578,dhs
KEN.2_1,KEN,2022,internet_fm_ratio,1.21613640984283,dhs
KEN.2_1,KEN,2022,mobile_women,65.0785647322978,dhs
KEN.2_1,KEN,2022,mobile_men,74.9416514213508,dhs
KEN.2_1,KEN,2022,mobile_fm_ratio,0.868389787227948,dhs
KEN.20_1,KEN,2022,internet_women,44.0258582739392,dhs
KEN.20_1,KEN,2022,internet_men,65.001300585399,dhs
KEN.20_1,KEN,2022,internet_fm_ratio,0.629680328381612,dhs
KEN.20_1,KEN,2022,mobile_women,77.8017797487774,dhs
KEN.20_1,KEN,2022,mobile_men,85.1069560668844,dhs
KEN.20_1,KEN,2022,mobile_fm_ratio,0.914164756258395,dhs
KEN.21_1,KEN,2022,internet_women,36.9476266639974,dhs
KEN.21_1,KEN,2022,internet_men,60.5708719281751,dhs
KEN.21_1,KEN,2022,internet_fm_ratio,0.594586041428867,dhs
KEN.21_1,KEN,2022,mobile_women,67.2343851626125,dhs
KEN.21_1,KEN,2022,mobile_men,84.786777213811,dhs
KEN.21_1,KEN,2022,mobile_fm_ratio,0.792981964546951,dhs
KEN.22_1,KEN,2022,internet_women,59.2076798224213,dhs
KEN.22_1,KEN,2022,internet_men,44.6851806546805,dhs
KEN.22_1,KEN,2022,internet_fm_ratio,1.31514152714685,dhs
KEN.22_1,KEN,2022,mobile_women,85.5394552532304,dhs
KEN.22_1,KEN,2022,mobile_men,77.1109885061599,dhs
KEN.22_1,KEN,2022,mobile_fm_ratio,1.10930305667651,dhs
KEN.23_1,KEN,2022,internet_women,36.864224597669,dhs
KEN.23_1,KEN,2022,internet_men,36.7555217558387,dhs
KEN.23_1,KEN,2022,internet_fm_ratio,0.98648112499155,dhs
KEN.23_1,KEN,2022,mobile_women,73.1883159946219,dhs
KEN.23_1,KEN,2022,mobile_men,78.9061271258724,dhs
KEN.23_1,KEN,2022,mobile_fm_ratio,0.927536538168584,dhs
KEN.24_1,KEN,2022,internet_women,10.1083293145084,dhs
KEN.24_1,KEN,2022,internet_men,32.9071184355791,dhs
KEN.24_1,KEN,2022,internet_fm_ratio,0.307177589380761,dhs
KEN.24_1,KEN,2022,mobile_women,76.855753194303,dhs
KEN.24_1,KEN,2022,mobile_men,78.8015422041715,dhs
KEN.24_1,KEN,2022,mobile_fm_ratio,0.975307729323025,dhs
KEN.25_1,KEN,2022,internet_women,11.2009787189189,dhs
KEN.25_1,KEN,2022,internet_men,38.46477487243,dhs
KEN.25_1,KEN,2022,internet_fm_ratio,0.267913931438005,dhs
KEN.25_1,KEN,2022,mobile_women,73.2981843667733,dhs
KEN.25_1,KEN,2022,mobile_men,81.3880095084109,dhs
KEN.25_1,KEN,2022,mobile_fm_ratio,0.900601757058556,dhs
KEN.26_1,KEN,2022,internet_women,45.5139395163279,dhs
KEN.26_1,KEN,2022,internet_men,37.2547784154213,dhs
KEN.26_1,KEN,2022,internet_fm_ratio,0.986369492205191,dhs
KEN.26_1,KEN,2022,mobile_women,74.1077969677412,dhs
KEN.26_1,KEN,2022,mobile_men,80.731087186724,dhs
KEN.26_1,KEN,2022,mobile_fm_ratio,0.917958614831189,dhs
KEN.27_1,KEN,2022,internet_women,24.3950200860734,dhs
KEN.27_1,KEN,2022,internet_men,46.8439946819455,dhs
KEN.27_1,KEN,2022,internet_fm_ratio,0.456630732859562,dhs
KEN.27_1,KEN,2022,mobile_women,59.7335037707421,dhs
KEN.27_1,KEN,2022,mobile_men,72.1012030284152,dhs
KEN.27_1,KEN,2022,mobile_fm_ratio,0.828467504865364,dhs
KEN.28_1,KEN,2022,internet_women,58.4433314205932,dhs
KEN.28_1,KEN,2022,internet_men,76.1097009927985,dhs
KEN.28_1,KEN,2022,internet_fm_ratio,0.75136902637394,dhs
KEN.28_1,KEN,2022,mobile_women,83.2137326669178,dhs
KEN.28_1,KEN,2022,mobile_men,88.8721082211223,dhs
KEN.28_1,KEN,2022,mobile_fm_ratio,0.936331255469648,dhs
KEN.29_1,KEN,2022,internet_women,46.5691044199057,dhs
KEN.29_1,KEN,2022,internet_men,54.5055812956863,dhs
KEN.29_1,KEN,2022,internet_fm_ratio,0.774589820980702,dhs
KEN.29_1,KEN,2022,mobile_women,82.0321325377916,dhs
KEN.29_1,KEN,2022,mobile_men,81.6051988932777,dhs
KEN.29_1,KEN,2022,mobile_fm_ratio,1.0052316966358,dhs
KEN.3_1,KEN,2022,internet_women,36.4396867440002,dhs
KEN.3_1,KEN,2022,internet_men,43.7644543150668,dhs
KEN.3_1,KEN,2022,internet_fm_ratio,0.740256722757147,dhs
KEN.3_1,KEN,2022,mobile_women,63.694312182394,dhs
KEN.3_1,KEN,2022,mobile_men,66.247727811629,dhs
KEN.3_1,KEN,2022,mobile_fm_ratio,0.961456555362994,dhs
KEN.30_1,KEN,2022,internet_women,79.0060719490047,dhs
KEN.30_1,KEN,2022,internet_men,89.7393279417671,dhs
KEN.30_1,KEN,2022,internet_fm_ratio,0.872759494965227,dhs
KEN.30_1,KEN,2022,mobile_women,91.9843167045986,dhs
KEN.30_1,KEN,2022,mobile_men,94.6458394846789,dhs
KEN.30_1,KEN,2022,mobile_fm_ratio,0.971879136002474,dhs
KEN.31_1,KEN,2022,internet_women,60.5251676033641,dhs
KEN.31_1,KEN,2022,internet_men,68.9607531275648,dhs
KEN.31_1,KEN,2022,internet_fm_ratio,0.823829121988123,dhs
KEN.31_1,KEN,2022,mobile_women,80.2977070020659,dhs
KEN.31_1,KEN,2022,mobile_men,75.1450638718074,dhs
KEN.31_1,KEN,2022,mobile_fm_ratio,1.06856928272825,dhs
KEN.32_1,KEN,2022,internet_women,39.5893763166641,dhs
KEN.32_1,KEN,2022,internet_men,47.8547180414871,dhs
KEN.32_1,KEN,2022,internet_fm_ratio,0.691295688949622,dhs
KEN.32_1,KEN,2022,mobile_women,73.9145789510408,dhs
KEN.32_1,KEN,2022,mobile_men,80.2128300267262,dhs
KEN.32_1,KEN,2022,mobile_fm_ratio,0.921480752223966,dhs
KEN.33_1,KEN,2022,internet_women,29.6690321777041,dhs
KEN.33_1,KEN,2022,internet_men,50.474051417982,dhs
KEN.33_1,KEN,2022,internet_fm_ratio,0.53582604539615,dhs
KEN.33_1,KEN,2022,mobile_women,67.102180228505,dhs
KEN.33_1,KEN,2022,mobile_men,84.8581085807889,dhs
KEN.33_1,KEN,2022,mobile_fm_ratio,0.790757434389674,dhs
KEN.34_1,KEN,2022,internet_women,25.8511105487411,dhs
KEN.34_1,KEN,2022,internet_men,34.2819259868187,dhs
KEN.34_1,KEN,2022,internet_fm_ratio,0.71209681014136506,dhs
KEN.34_1,KEN,2022,mobile_women,73.4613210410202,dhs
KEN.34_1,KEN,2022,mobile_men,69.1517098055743,dhs
KEN.34_1,KEN,2022,mobile_fm_ratio,1.06232110887153,dhs
KEN.35_1,KEN,2022,internet_women,47.1376546850041,dhs
KEN.35_1,KEN,2022,internet_men,52.2223307856077,dhs
KEN.35_1,KEN,2022,internet_fm_ratio,0.821068044424715,dhs
KEN.35_1,KEN,2022,mobile_women,82.294058338388,dhs
KEN.35_1,KEN,2022,mobile_men,79.6854305568369,dhs
KEN.35_1,KEN,2022,mobile_fm_ratio,1.03273657133208,dhs
KEN.36_1,KEN,2022,internet_women,64.1148939980407,dhs
KEN.36_1,KEN,2022,internet_men,64.4384206355998,dhs
KEN.36_1,KEN,2022,internet_fm_ratio,0.890257277148387,dhs
KEN.36_1,KEN,2022,mobile_women,89.7943701362786,dhs
KEN.36_1,KEN,2022,mobile_men,90.4755493425946,dhs
KEN.36_1,KEN,2022,mobile_fm_ratio,0.992471123842126,dhs
KEN.37_1,KEN,2022,internet_women,22.6115243905186,dhs
KEN.37_1,KEN,2022,internet_men,52.5434067636805,dhs
KEN.37_1,KEN,2022,internet_fm_ratio,0.402803363486257,dhs
KEN.37_1,KEN,2022,mobile_women,66.5206720259378,dhs
KEN.37_1,KEN,2022,mobile_men,83.5315679460326,dhs
KEN.37_1,KEN,2022,mobile_fm_ratio,0.796353685937213,dhs
KEN.38_1,KEN,2022,internet_women,34.330071531878,dhs
KEN.38_1,KEN,2022,internet_men,41.5884591580366,dhs
KEN.38_1,KEN,2022,internet_fm_ratio,0.741691898637584,dhs
KEN.38_1,KEN,2022,mobile_women,70.722714202641,dhs
KEN.38_1,KEN,2022,mobile_men,65.2095371256872,dhs
KEN.38_1,KEN,2022,mobile_fm_ratio,1.08454556373138,dhs
KEN.39_1,KEN,2022,internet_women,53.2516778206469,dhs
KEN.39_1,KEN,2022,internet_men,67.2683944883142,dhs
KEN.39_1,KEN,2022,internet_fm_ratio,0.761560511457337,dhs
KEN.39_1,KEN,2022,mobile_women,86.9765423942225,dhs
KEN.39_1,KEN,2022,mobile_men,81.6955393306914,dhs
KEN.39_1,KEN,2022,mobile_fm_ratio,1.06464248974665,dhs
KEN.4_1,KEN,2022,internet_women,26.6809948735184,dhs
KEN.4_1,KEN,2022,internet_men,38.676255257766,dhs
KEN.4_1,KEN,2022,internet_fm_ratio,0.57041472667196,dhs
KEN.4_1,KEN,2022,mobile_women,64.9639372257046,dhs
KEN.4_1,KEN,2022,mobile_men,66.232087871632,dhs
KEN.4_1,KEN,2022,mobile_fm_ratio,0.980852926629984,dhs
KEN.40_1,KEN,2022,internet_women,13.8216689781349,dhs
KEN.40_1,KEN,2022,internet_men,21.7513734298104,dhs
KEN.40_1,KEN,2022,internet_fm_ratio,0.408578949512951,dhs
KEN.40_1,KEN,2022,mobile_women,59.5321647255952,dhs
KEN.40_1,KEN,2022,mobile_men,76.2659274306441,dhs
KEN.40_1,KEN,2022,mobile_fm_ratio,0.780586648995168,dhs
KEN.41_1,KEN,2022,internet_women,42.78624966538,dhs
KEN.41_1,KEN,2022,internet_men,44.3997994655582,dhs
KEN.41_1,KEN,2022,internet_fm_ratio,0.9107419487872,dhs
KEN.41_1,KEN,2022,mobile_women,85.5119403693284,dhs
KEN.41_1,KEN,2022,mobile_men,79.4903670021453,dhs
KEN.41_1,KEN,2022,mobile_fm_ratio,1.07575224010503,dhs
KEN.42_1,KEN,2022,internet_women,48.1676842051928,dhs
KEN.42_1,KEN,2022,internet_men,54.9340252898839,dhs
KEN.42_1,KEN,2022,internet_fm_ratio,0.873922346468734,dhs
KEN.42_1,KEN,2022,mobile_women,73.2612133972466,dhs
KEN.42_1,KEN,2022,mobile_men,72.9355584718355,dhs
KEN.42_1,KEN,2022,mobile_fm_ratio,1.00446496787348,dhs
KEN.43_1,KEN,2022,internet_women,14.0904710672516,dhs
KEN.43_1,KEN,2022,internet_men,18.9604924397411,dhs
KEN.43_1,KEN,2022,internet_fm_ratio,0.743149003752562,dhs
KEN.43_1,KEN,2022,mobile_women,49.9462562527636,dhs
KEN.43_1,KEN,2022,mobile_men,66.1785499519092,dhs
KEN.43_1,KEN,2022,mobile_fm_ratio,0.754719713397448,dhs
KEN.44_1,KEN,2022,internet_women,64.909486864351,dhs
KEN.44_1,KEN,2022,internet_men,76.5329687511951,dhs
KEN.44_1,KEN,2022,internet_fm_ratio,0.805370664025594,dhs
KEN.44_1,KEN,2022,mobile_women,85.8695486276247,dhs
KEN.44_1,KEN,2022,mobile_men,85.3457476966033,dhs
KEN.44_1,KEN,2022,mobile_fm_ratio,1.00613739928653,dhs
KEN.45_1,KEN,2022,internet_women,36.9594552023888,dhs
KEN.45_1,KEN,2022,internet_men,42.8987954393155,dhs
KEN.45_1,KEN,2022,internet_fm_ratio,0.747838565104618,dhs
KEN.45_1,KEN,2022,mobile_women,65.338489482293,dhs
KEN.45_1,KEN,2022,mobile_men,65.6912521647058,dhs
KEN.45_1,KEN,2022,mobile_fm_ratio,0.994629989979056,dhs
KEN.46_1,KEN,2022,internet_women,23.164467161129,dhs
KEN.46_1,KEN,2022,internet_men,51.7089057241494,dhs
KEN.46_1,KEN,2022,internet_fm_ratio,0.400471479304506,dhs
KEN.46_1,KEN,2022,mobile_women,70.2719099335206,dhs
KEN.46_1,KEN,2022,mobile_men,78.240824708897,dhs
KEN.46_1,KEN,2022,mobile_fm_ratio,0.898148890876016,dhs
KEN.47_1,KEN,2022,internet_women,17.2731250147298,dhs
KEN.47_1,KEN,2022,internet_men,39.8788725846774,dhs
KEN.47_1,KEN,2022,internet_fm_ratio,0.37825479902056,dhs
KEN.47_1,KEN,2022,mobile_women,52.7605680749318,dhs
KEN.47_1,KEN,2022,mobile_men,77.531625700326,dhs
KEN.47_1,KEN,2022,mobile_fm_ratio,0.680503827932889,dhs
KEN.5_1,KEN,2022,internet_women,32.3450381605117,dhs
KEN.5_1,KEN,2022,internet_men,55.5893604682308,dhs
KEN.5_1,KEN,2022,internet_fm_ratio,0.566104517752033,dhs
KEN.5_1,KEN,2022,mobile_women,72.677833804832,dhs
KEN.5_1,KEN,2022,mobile_men,76.4438391296073,dhs
KEN.5_1,KEN,2022,mobile_fm_ratio,0.950735005362693,dhs
KEN.6_1,KEN,2022,internet_women,34.9793746605804,dhs
KEN.6_1,KEN,2022,internet_men,43.9698939343251,dhs
KEN.6_1,KEN,2022,internet_fm_ratio,0.569573081001026,dhs
KEN.6_1,KEN,2022,mobile_women,86.7697456133012,dhs
KEN.6_1,KEN,2022,mobile_men,83.9068104728402,dhs
KEN.6_1,KEN,2022,mobile_fm_ratio,1.03412041435406,dhs
KEN.7_1,KEN,2022,internet_women,34.4207105875746,dhs
KEN.7_1,KEN,2022,internet_men,51.2573300234812,dhs
KEN.7_1,KEN,2022,internet_fm_ratio,0.671527576091192,dhs
KEN.7_1,KEN,2022,mobile_women,75.4471312377633,dhs
KEN.7_1,KEN,2022,mobile_men,88.430860570975,dhs
KEN.7_1,KEN,2022,mobile_fm_ratio,0.853176490092043,dhs
KEN.8_1,KEN,2022,internet_women,35.4647625948999,dhs
KEN.8_1,KEN,2022,internet_men,42.5062335096837,dhs
KEN.8_1,KEN,2022,internet_fm_ratio,0.714953780062739,dhs
KEN.8_1,KEN,2022,mobile_women,71.9978597815332,dhs
KEN.8_1,KEN,2022,mobile_men,76.7735629195749,dhs
KEN.8_1,KEN,2022,mobile_fm_ratio,0.93779495237124,dhs
KEN.9_1,KEN,2022,internet_women,35.4683990529104,dhs
KEN.9_1,KEN,2022,internet_men,69.6312785731946,dhs
KEN.9_1,KEN,2022,internet_fm_ratio,0.472181571479079,dhs
KEN.9_1,KEN,2022,mobile_women,79.3767635340719,dhs
KEN.9_1,KEN,2022,mobile_men,89.8385652174182,dhs
KEN.9_1,KEN,2022,mobile_fm_ratio,0.883548878390614,dhs
LBR.1_1,LBR,2019,internet_women,14.0809390437162,dhs
LBR.1_1,LBR,2019,internet_men,13.0547279764561,dhs
LBR.1_1,LBR,2019,internet_fm_ratio,1.03484842032071,dhs
LBR.1_1,LBR,2019,mobile_women,37.9450712515773,dhs
LBR.1_1,LBR,2019,mobile_men,49.6791277381283,dhs
LBR.1_1,LBR,2019,mobile_fm_ratio,0.763803089530794,dhs
LBR.10_1,LBR,2019,internet_women,23.3215498584003,dhs
LBR.10_1,LBR,2019,internet_men,27.3184111429137,dhs
LBR.10_1,LBR,2019,internet_fm_ratio,0.669132265471401,dhs
LBR.10_1,LBR,2019,mobile_women,46.2421760078947,dhs
LBR.10_1,LBR,2019,mobile_men,56.379848007834,dhs
LBR.10_1,LBR,2019,mobile_fm_ratio,0.820189795500502,dhs
LBR.11_1,LBR,2019,internet_women,47.4803011583631,dhs
LBR.11_1,LBR,2019,internet_men,63.549765071721,dhs
LBR.11_1,LBR,2019,internet_fm_ratio,0.662328681253584,dhs
LBR.11_1,LBR,2019,mobile_women,67.3772231952567,dhs
LBR.11_1,LBR,2019,mobile_men,77.7005602049949,dhs
LBR.11_1,LBR,2019,mobile_fm_ratio,0.867139477727027,dhs
LBR.12_1,LBR,2019,internet_women,8.69906978587971,dhs
LBR.12_1,LBR,2019,internet_men,9.69073473715372,dhs
LBR.12_1,LBR,2019,internet_fm_ratio,0.485717702051148,dhs
LBR.12_1,LBR,2019,mobile_women,22.6902574180802,dhs
LBR.12_1,LBR,2019,mobile_men,47.9839594584689,dhs
LBR.12_1,LBR,2019,mobile_fm_ratio,0.472871719511164,dhs
LBR.13_1,LBR,2019,internet_women,7.31894853443402,dhs
LBR.13_1,LBR,2019,internet_men,10.1140366388724,dhs
LBR.13_1,LBR,2019,internet_fm_ratio,0.370282658737699,dhs
LBR.13_1,LBR,2019,mobile_women,25.6463299351081,dhs
LBR.13_1,LBR,2019,mobile_men,38.3954781609505,dhs
LBR.13_1,LBR,2019,mobile_fm_ratio,0.667951830879692,dhs
LBR.14_1,LBR,2019,internet_women,10.3011790121617,dhs
LBR.14_1,LBR,2019,internet_men,16.274928911767,dhs
LBR.14_1,LBR,2019,internet_fm_ratio,0.44944179060708,dhs
LBR.14_1,LBR,2019,mobile_women,40.0464164098057,dhs
LBR.14_1,LBR,2019,mobile_men,47.4268531066353,dhs
LBR.14_1,LBR,2019,mobile_fm_ratio,0.844382744934915,dhs
LBR.15_1,LBR,2019,internet_women,16.1915254011862,dhs
LBR.15_1,LBR,2019,internet_men,28.0105367234578,dhs
LBR.15_1,LBR,2019,internet_fm_ratio,0.445778883243597,dhs
LBR.15_1,LBR,2019,mobile_women,41.3721233499567,dhs
LBR.15_1,LBR,2019,mobile_men,50.6571868377053,dhs
LBR.15_1,LBR,2019,mobile_fm_ratio,0.816707873702188,dhs
LBR.2_1,LBR,2019,internet_women,13.2486307711045,dhs
LBR.2_1,LBR,2019,internet_men,19.2861167432987,dhs
LBR.2_1,LBR,2019,internet_fm_ratio,0.645282902260162,dhs
LBR.2_1,LBR,2019,mobile_women,36.6753971039804,dhs
LBR.2_1,LBR,2019,mobile_men,47.596545926917,dhs
LBR.2_1,LBR,2019,mobile_fm_ratio,0.770547450235029,dhs
LBR.3_1,LBR,2019,internet_women,6.06094165014861,dhs
LBR.3_1,LBR,2019,internet_men,9.83740895374443,dhs
LBR.3_1,LBR,2019,internet_fm_ratio,0.40625997187798,dhs
LBR.3_1,LBR,2019,mobile_women,15.7925552819138,dhs
LBR.3_1,LBR,2019,mobile_men,38.7196930902735,dhs
LBR.3_1,LBR,2019,mobile_fm_ratio,0.40786881355423,dhs
LBR.4_1,LBR,2019,internet_women,11.0776432399032,dhs
LBR.4_1,LBR,2019,internet_men,11.4906975205254,dhs
LBR.4_1,LBR,2019,internet_fm_ratio,0.566569107565884,dhs
LBR.4_1,LBR,2019,mobile_women,38.3994092537734,dhs
LBR.4_1,LBR,2019,mobile_men,46.4392087401628,dhs
LBR.4_1,LBR,2019,mobile_fm_ratio,0.826874752940477,dhs
LBR.5_1,LBR,2019,internet_women,13.6745393269199,dhs
LBR.5_1,LBR,2019,internet_men,23.7460766153125,dhs
LBR.5_1,LBR,2019,internet_fm_ratio,0.478725758096791,dhs
LBR.5_1,LBR,2019,mobile_women,35.8034832996817,dhs
LBR.5_1,LBR,2019,mobile_men,50.7631505622447,dhs
LBR.5_1,LBR,2019,mobile_fm_ratio,0.70530459404367,dhs
LBR.6_1,LBR,2019,internet_women,23.1231659750343,dhs
LBR.6_1,LBR,2019,internet_men,19.4311994707347,dhs
LBR.6_1,LBR,2019,internet_fm_ratio,0.913815202562912,dhs
LBR.6_1,LBR,2019,mobile_women,46.0511705804106,dhs
LBR.6_1,LBR,2019,mobile_men,52.4832075705197,dhs
LBR.6_1,LBR,2019,mobile_fm_ratio,0.877445810043781,dhs
LBR.7_1,LBR,2019,internet_women,7.52702889083698,dhs
LBR.7_1,LBR,2019,internet_men,14.8849625539267,dhs
LBR.7_1,LBR,2019,internet_fm_ratio,0.414846403100556,dhs
LBR.7_1,LBR,2019,mobile_women,33.3812885002911,dhs
LBR.7_1,LBR,2019,mobile_men,47.0228507280776,dhs
LBR.7_1,LBR,2019,mobile_fm_ratio,0.709895040037608,dhs
LBR.8_1,LBR,2019,internet_women,6.86267331440405,dhs
LBR.8_1,LBR,2019,internet_men,13.2976648306309,dhs
LBR.8_1,LBR,2019,internet_fm_ratio,0.377912907127469,dhs
LBR.8_1,LBR,2019,mobile_women,24.3996130373791,dhs
LBR.8_1,LBR,2019,mobile_men,45.6165767610823,dhs
LBR.8_1,LBR,2019,mobile_fm_ratio,0.534884789035629,dhs
LBR.9_1,LBR,2019,internet_women,19.1471890877752,dhs
LBR.9_1,LBR,2019,internet_men,42.2096743677054,dhs
LBR.9_1,LBR,2019,internet_fm_ratio,0.371002540734618,dhs
LBR.9_1,LBR,2019,mobile_women,44.7088492786539,dhs
LBR.9_1,LBR,2019,mobile_men,60.2212879608001,dhs
LBR.9_1,LBR,2019,mobile_fm_ratio,0.74240938366772,dhs
MDG.1_1,MDG,2021,internet_women,22.3946534320151,dhs
MDG.1_1,MDG,2021,internet_men,27.2481816306811,dhs
MDG.1_1,MDG,2021,internet_fm_ratio,0.746028801978787,dhs
MDG.1_1,MDG,2021,mobile_women,40.3417282162963,dhs
MDG.1_1,MDG,2021,mobile_men,53.4487086119005,dhs
MDG.1_1,MDG,2021,mobile_fm_ratio,0.754774610350718,dhs
MDG.2_1,MDG,2021,internet_women,20.4619738594094,dhs
MDG.2_1,MDG,2021,internet_men,20.9006314768376,dhs
MDG.2_1,MDG,2021,internet_fm_ratio,0.92101570935861,dhs
MDG.2_1,MDG,2021,mobile_women,53.3637769287903,dhs
MDG.2_1,MDG,2021,mobile_men,56.0002141849325,dhs
MDG.2_1,MDG,2021,mobile_fm_ratio,0.952920943347898,dhs
MDG.3_1,MDG,2021,internet_women,8.81785698641835,dhs
MDG.3_1,MDG,2021,internet_men,9.41870328211291,dhs
MDG.3_1,MDG,2021,internet_fm_ratio,0.853864192211813,dhs
MDG.3_1,MDG,2021,mobile_women,24.3605038417863,dhs
MDG.3_1,MDG,2021,mobile_men,37.9178439819533,dhs
MDG.3_1,MDG,2021,mobile_fm_ratio,0.642454878325373,dhs
MDG.4_1,MDG,2021,internet_women,9.46377966644184,dhs
MDG.4_1,MDG,2021,internet_men,10.7117015751489,dhs
MDG.4_1,MDG,2021,internet_fm_ratio,0.756815773308878,dhs
MDG.4_1,MDG,2021,mobile_women,32.9616611138057,dhs
MDG.4_1,MDG,2021,mobile_men,45.3487989490128,dhs
MDG.4_1,MDG,2021,mobile_fm_ratio,0.726847499332135,dhs
MDG.5_1,MDG,2021,internet_women,16.5603488645184,dhs
MDG.5_1,MDG,2021,internet_men,19.6295213518085,dhs
MDG.5_1,MDG,2021,internet_fm_ratio,0.720665433251665,dhs
MDG.5_1,MDG,2021,mobile_women,37.3295972601391,dhs
MDG.5_1,MDG,2021,mobile_men,49.7775251910192,dhs
MDG.5_1,MDG,2021,mobile_fm_ratio,0.74992875031228,dhs
MDG.6_1,MDG,2021,internet_women,8.13723303365829,dhs
MDG.6_1,MDG,2021,internet_men,10.7641111628715,dhs
MDG.6_1,MDG,2021,internet_fm_ratio,0.68465096038278,dhs
MDG.6_1,MDG,2021,mobile_women,24.7467803365209,dhs
MDG.6_1,MDG,2021,mobile_men,37.4983511405905,dhs
MDG.6_1,MDG,2021,mobile_fm_ratio,0.659943159733587,dhs
MLI.1_1,MLI,2018,internet_women,44.5424371533508,dhs
MLI.1_1,MLI,2018,internet_men,83.1274670005632,dhs
MLI.1_1,MLI,2018,internet_fm_ratio,0.519064598283462,dhs
MLI.1_1,MLI,2018,mobile_women,87.0145955495472,dhs
MLI.1_1,MLI,2018,mobile_men,96.8873766325335,dhs
MLI.1_1,MLI,2018,mobile_fm_ratio,0.898100439643123,dhs
MLI.2_1,MLI,2018,internet_women,5.71835321071009,dhs
MLI.2_1,MLI,2018,internet_men,17.0339109488758,dhs
MLI.2_1,MLI,2018,internet_fm_ratio,0.316686686730165,dhs
MLI.2_1,MLI,2018,mobile_women,44.2088852688688,dhs
MLI.2_1,MLI,2018,mobile_men,63.3479921057148,dhs
MLI.2_1,MLI,2018,mobile_fm_ratio,0.697873504737029,dhs
MLI.3_1,MLI,2018,internet_women,15.6569621550855,dhs
MLI.3_1,MLI,2018,internet_men,44.3568298913055,dhs
MLI.3_1,MLI,2018,internet_fm_ratio,0.33930692760064,dhs
MLI.3_1,MLI,2018,mobile_women,51.1488084065064,dhs
MLI.3_1,MLI,2018,mobile_men,84.5564963415273,dhs
MLI.3_1,MLI,2018,mobile_fm_ratio,0.604906903899071,dhs
MLI.4_1,MLI,2018,internet_women,15.2519924381603,dhs
MLI.4_1,MLI,2018,internet_men,20.2735702764475,dhs
MLI.4_1,MLI,2018,internet_fm_ratio,0.508060351275806,dhs
MLI.4_1,MLI,2018,mobile_women,38.0529518060189,dhs
MLI.4_1,MLI,2018,mobile_men,35.8789086583672,dhs
MLI.4_1,MLI,2018,mobile_fm_ratio,1.06059390402179,dhs
MLI.5_1,MLI,2018,internet_women,13.7065309612608,dhs
MLI.5_1,MLI,2018,internet_men,34.210013512477,dhs
MLI.5_1,MLI,2018,internet_fm_ratio,0.368567478956024,dhs
MLI.5_1,MLI,2018,mobile_women,59.8783703778224,dhs
MLI.5_1,MLI,2018,mobile_men,84.9165503789615,dhs
MLI.5_1,MLI,2018,mobile_fm_ratio,0.705143698261413,dhs
MLI.6_1,MLI,2018,internet_women,4.28720010572465,dhs
MLI.6_1,MLI,2018,internet_men,18.1973297825996,dhs
MLI.6_1,MLI,2018,internet_fm_ratio,0.216133318549313,dhs
MLI.6_1,MLI,2018,mobile_women,49.4755548899217,dhs
MLI.6_1,MLI,2018,mobile_men,87.1144543842502,dhs
MLI.6_1,MLI,2018,mobile_fm_ratio,0.567937378930157,dhs
MLI.7_1,MLI,2018,internet_women,7.4957396194309,dhs
MLI.7_1,MLI,2018,internet_men,21.0924172493446,dhs
MLI.7_1,MLI,2018,internet_fm_ratio,0.349558907922065,dhs
MLI.7_1,MLI,2018,mobile_women,47.9684855213116,dhs
MLI.7_1,MLI,2018,mobile_men,87.2422293554961,dhs
MLI.7_1,MLI,2018,mobile_fm_ratio,0.549831037969569,dhs
MLI.8_1,MLI,2018,internet_women,4.26640763931549,dhs
MLI.8_1,MLI,2018,internet_men,16.5506823443914,dhs
MLI.8_1,MLI,2018,internet_fm_ratio,0.221357918627742,dhs
MLI.8_1,MLI,2018,mobile_women,50.8720598530041,dhs
MLI.8_1,MLI,2018,mobile_men,88.7494160542158,dhs
MLI.8_1,MLI,2018,mobile_fm_ratio,0.573210079736491,dhs
MLI.9_1,MLI,2018,internet_women,8.87210286108806,dhs
MLI.9_1,MLI,2018,internet_men,23.8468926990773,dhs
MLI.9_1,MLI,2018,internet_fm_ratio,0.358024847171022,dhs
MLI.9_1,MLI,2018,mobile_women,55.4492561416112,dhs
MLI.9_1,MLI,2018,mobile_men,79.2868941952441,dhs
MLI.9_1,MLI,2018,mobile_fm_ratio,0.699349579831785,dhs
MRT.1_1,MRT,2020,internet_women,43.0871945461873,dhs
MRT.1_1,MRT,2020,internet_men,38.0642569454518,dhs
MRT.1_1,MRT,2020,internet_fm_ratio,1.03685907342969,dhs
MRT.1_1,MRT,2020,mobile_women,84.3063864021569,dhs
MRT.1_1,MRT,2020,mobile_men,90.4921309139386,dhs
MRT.1_1,MRT,2020,mobile_fm_ratio,0.931643288214037,dhs
MRT.10_1,MRT,2020,internet_women,63.0681735656655,dhs
MRT.10_1,MRT,2020,internet_men,63.115867846477,dhs
MRT.10_1,MRT,2020,internet_fm_ratio,0.913268543032536,dhs
MRT.10_1,MRT,2020,mobile_women,87.8937064365044,dhs
MRT.10_1,MRT,2020,mobile_men,90.1047906520806,dhs
MRT.10_1,MRT,2020,mobile_fm_ratio,0.975460969393806,dhs
MRT.11_1,MRT,2020,internet_women,21.4518972539384,dhs
MRT.11_1,MRT,2020,internet_men,33.8296377134565,dhs
MRT.11_1,MRT,2020,internet_fm_ratio,0.570392412513701,dhs
MRT.11_1,MRT,2020,mobile_women,73.1427381949016,dhs
MRT.11_1,MRT,2020,mobile_men,78.2664387371642,dhs
MRT.11_1,MRT,2020,mobile_fm_ratio,0.93453515165716,dhs
MRT.12_1,MRT,2020,internet_women,65.5110463029193,dhs
MRT.12_1,MRT,2020,internet_men,57.6196044106939,dhs
MRT.12_1,MRT,2020,internet_fm_ratio,1.07772282503803,dhs
MRT.12_1,MRT,2020,mobile_women,89.945621137628,dhs
MRT.12_1,MRT,2020,mobile_men,91.1532056234863,dhs
MRT.12_1,MRT,2020,mobile_fm_ratio,0.986752144616326,dhs
MRT.13_1,MRT,2020,internet_women,39.3481279047686,dhs
MRT.13_1,MRT,2020,internet_men,46.8667746745654,dhs
MRT.13_1,MRT,2020,internet_fm_ratio,0.830630491154414,dhs
MRT.13_1,MRT,2020,mobile_women,85.3654655742779,dhs
MRT.13_1,MRT,2020,mobile_men,80.4693894584338,dhs
MRT.13_1,MRT,2020,mobile_fm_ratio,1.06084395754454,dhs
MRT.2_1,MRT,2020,internet_women,23.4888215864926,dhs
MRT.2_1,MRT,2020,internet_men,26.3506951549207,dhs
MRT.2_1,MRT,2020,internet_fm_ratio,0.828538777121977,dhs
MRT.2_1,MRT,2020,mobile_women,70.7491398399557,dhs
MRT.2_1,MRT,2020,mobile_men,70.1052458822263,dhs
MRT.2_1,MRT,2020,mobile_fm_ratio,1.00918467583455,dhs
MRT.3_1,MRT,2020,internet_women,23.5608289548336,dhs
MRT.3_1,MRT,2020,internet_men,29.6145151511927,dhs
MRT.3_1,MRT,2020,internet_fm_ratio,0.631700221065088,dhs
MRT.3_1,MRT,2020,mobile_women,63.7665298211344,dhs
MRT.3_1,MRT,2020,mobile_men,88.6877684823861,dhs
MRT.3_1,MRT,2020,mobile_fm_ratio,0.719000273795351,dhs
MRT.4_1,MRT,2020,internet_women,55.9622706744766,dhs
MRT.4_1,MRT,2020,internet_men,37.3246299559827,dhs
MRT.4_1,MRT,2020,internet_fm_ratio,1.447289018698,dhs
MRT.4_1,MRT,2020,mobile_women,90.0067293058607,dhs
MRT.4_1,MRT,2020,mobile_men,95.0319633861336,dhs
MRT.4_1,MRT,2020,mobile_fm_ratio,0.94712059078634,dhs
MRT.5_1,MRT,2020,internet_women,21.4586246438015,dhs
MRT.5_1,MRT,2020,internet_men,40.2329019109725,dhs
MRT.5_1,MRT,2020,internet_fm_ratio,0.480515588194697,dhs
MRT.5_1,MRT,2020,mobile_women,60.9582925326661,dhs
MRT.5_1,MRT,2020,mobile_men,80.5324731475025,dhs
MRT.5_1,MRT,2020,mobile_fm_ratio,0.756940525358205,dhs
MRT.6_1,MRT,2020,internet_women,25.2776721790632,dhs
MRT.6_1,MRT,2020,internet_men,17.7082219238721,dhs
MRT.6_1,MRT,2020,internet_fm_ratio,1.17328609635353,dhs
MRT.6_1,MRT,2020,mobile_women,61.2696467300118,dhs
MRT.6_1,MRT,2020,mobile_men,76.4964900044377,dhs
MRT.6_1,MRT,2020,mobile_fm_ratio,0.800947164065403,dhs
MRT.7_1,MRT,2020,internet_women,13.9385237489633,dhs
MRT.7_1,MRT,2020,internet_men,17.8940462713924,dhs
MRT.7_1,MRT,2020,internet_fm_ratio,0.62091603851467,dhs
MRT.7_1,MRT,2020,mobile_women,74.5302456305665,dhs
MRT.7_1,MRT,2020,mobile_men,76.3243291521298,dhs
MRT.7_1,MRT,2020,mobile_fm_ratio,0.976493949681662,dhs
MRT.8_1,MRT,2020,internet_women,22.540311385929,dhs
MRT.8_1,MRT,2020,internet_men,19.482320067898,dhs
MRT.8_1,MRT,2020,internet_fm_ratio,1.03431463224684,dhs
MRT.8_1,MRT,2020,mobile_women,74.3728599035885,dhs
MRT.8_1,MRT,2020,mobile_men,81.4127588980591,dhs
MRT.8_1,MRT,2020,mobile_fm_ratio,0.91352830821904,dhs
MWI.1_1,MWI,2015,internet_women,4.61287131741405,dhs
MWI.1_1,MWI,2015,internet_men,16.6259502940176,dhs
MWI.1_1,MWI,2015,internet_fm_ratio,0.23155545305014,dhs
MWI.1_1,MWI,2015,mobile_women,29.5519214231032,dhs
MWI.1_1,MWI,2015,mobile_men,44.4495730924526,dhs
MWI.1_1,MWI,2015,mobile_fm_ratio,0.664841512912549,dhs
MWI.10_1,MWI,2015,internet_women,8.76134263375072,dhs
MWI.10_1,MWI,2015,internet_men,26.8527759922854,dhs
MWI.10_1,MWI,2015,internet_fm_ratio,0.289409495861974,dhs
MWI.10_1,MWI,2015,mobile_women,54.7790809270561,dhs
MWI.10_1,MWI,2015,mobile_men,69.2537894091066,dhs
MWI.10_1,MWI,2015,mobile_fm_ratio,0.790990376042194,dhs
MWI.11_1,MWI,2015,internet_women,14.0787642109566,dhs
MWI.11_1,MWI,2015,internet_men,28.6078123723386,dhs
MWI.11_1,MWI,2015,internet_fm_ratio,0.449867402635832,dhs
MWI.11_1,MWI,2015,mobile_women,39.8928187987504,dhs
MWI.11_1,MWI,2015,mobile_men,61.3935210438644,dhs
MWI.11_1,MWI,2015,mobile_fm_ratio,0.649788741881211,dhs
MWI.12_1,MWI,2015,internet_women,1.99104435435675,dhs
MWI.12_1,MWI,2015,internet_men,8.64799673799471,dhs
MWI.12_1,MWI,2015,internet_fm_ratio,0.185039330497551,dhs
MWI.12_1,MWI,2015,mobile_women,21.8258965699453,dhs
MWI.12_1,MWI,2015,mobile_men,48.2696180921288,dhs
MWI.12_1,MWI,2015,mobile_fm_ratio,0.45216634049782,dhs
MWI.13_1,MWI,2015,internet_women,1.85500066013696,dhs
MWI.13_1,MWI,2015,internet_men,15.166908656557201,dhs
MWI.13_1,MWI,2015,internet_fm_ratio,0.105746989288335,dhs
MWI.13_1,MWI,2015,mobile_women,26.8693244915698,dhs
MWI.13_1,MWI,2015,mobile_men,50.0809119962068,dhs
MWI.13_1,MWI,2015,mobile_fm_ratio,0.536518274539507,dhs
MWI.14_1,MWI,2015,internet_women,1.50925212658867,dhs
MWI.14_1,MWI,2015,internet_men,8.39280042853613,dhs
MWI.14_1,MWI,2015,internet_fm_ratio,0.139179859553892,dhs
MWI.14_1,MWI,2015,mobile_women,19.7726064383998,dhs
MWI.14_1,MWI,2015,mobile_men,49.0207300793188,dhs
MWI.14_1,MWI,2015,mobile_fm_ratio,0.403351937158146,dhs
MWI.15_1,MWI,2015,internet_women,1.79721073323506,dhs
MWI.15_1,MWI,2015,internet_men,7.46128288466296,dhs
MWI.15_1,MWI,2015,internet_fm_ratio,0.19484503478866,dhs
MWI.15_1,MWI,2015,mobile_women,24.3970412946109,dhs
MWI.15_1,MWI,2015,mobile_men,48.7854323213334,dhs
MWI.15_1,MWI,2015,mobile_fm_ratio,0.500088656259428,dhs
MWI.16_1,MWI,2015,internet_women,4.18359022568313,dhs
MWI.16_1,MWI,2015,internet_men,12.4011345764233,dhs
MWI.16_1,MWI,2015,internet_fm_ratio,0.307146170614525,dhs
MWI.16_1,MWI,2015,mobile_women,25.7274145484206,dhs
MWI.16_1,MWI,2015,mobile_men,52.3366956260984,dhs
MWI.16_1,MWI,2015,mobile_fm_ratio,0.491575064887958,dhs
MWI.17_1,MWI,2015,internet_women,8.35128527192591,dhs
MWI.17_1,MWI,2015,internet_men,23.5702269165838,dhs
MWI.17_1,MWI,2015,internet_fm_ratio,0.332245515639506,dhs
MWI.17_1,MWI,2015,mobile_women,43.7664812359451,dhs
MWI.17_1,MWI,2015,mobile_men,58.6062700787909,dhs
MWI.17_1,MWI,2015,mobile_fm_ratio,0.74678837566535,dhs
MWI.18_1,MWI,2015,internet_women,3.21008133674609,dhs
MWI.18_1,MWI,2015,internet_men,10.4373738945891,dhs
MWI.18_1,MWI,2015,internet_fm_ratio,0.281478693503273,dhs
MWI.18_1,MWI,2015,mobile_women,28.1434201927617,dhs
MWI.18_1,MWI,2015,mobile_men,41.4013703102442,dhs
MWI.18_1,MWI,2015,mobile_fm_ratio,0.679770258372294,dhs
MWI.19_1,MWI,2015,internet_women,8.34686565838781,dhs
MWI.19_1,MWI,2015,internet_men,29.1430910985659,dhs
MWI.19_1,MWI,2015,internet_fm_ratio,0.234377786303833,dhs
MWI.19_1,MWI,2015,mobile_women,49.8153130981837,dhs
MWI.19_1,MWI,2015,mobile_men,65.9031345246174,dhs
MWI.19_1,MWI,2015,mobile_fm_ratio,0.755886855117274,dhs
MWI.2_1,MWI,2015,internet_women,13.4944268670896,dhs
MWI.2_1,MWI,2015,internet_men,29.7672518700852,dhs
MWI.2_1,MWI,2015,internet_fm_ratio,0.406813048078715,dhs
MWI.2_1,MWI,2015,mobile_women,53.2009983602049,dhs
MWI.2_1,MWI,2015,mobile_men,60.3639520629507,dhs
MWI.2_1,MWI,2015,mobile_fm_ratio,0.881337230947439,dhs
MWI.20_1,MWI,2015,internet_women,4.57717675932058,dhs
MWI.20_1,MWI,2015,internet_men,17.8066698000292,dhs
MWI.20_1,MWI,2015,internet_fm_ratio,0.250184775780165,dhs
MWI.20_1,MWI,2015,mobile_women,36.9582776373429,dhs
MWI.20_1,MWI,2015,mobile_men,55.8172696696795,dhs
MWI.20_1,MWI,2015,mobile_fm_ratio,0.66212980061651,dhs
MWI.21_1,MWI,2015,internet_women,3.61549230351559,dhs
MWI.21_1,MWI,2015,internet_men,12.9700846605448,dhs
MWI.21_1,MWI,2015,internet_fm_ratio,0.270938436598599,dhs
MWI.21_1,MWI,2015,mobile_women,27.2056237643356,dhs
MWI.21_1,MWI,2015,mobile_men,41.7150382734324,dhs
MWI.21_1,MWI,2015,mobile_fm_ratio,0.652177844977849,dhs
MWI.22_1,MWI,2015,internet_women,3.44160530188894,dhs
MWI.22_1,MWI,2015,internet_men,12.1742743152946,dhs
MWI.22_1,MWI,2015,internet_fm_ratio,0.254274301610957,dhs
MWI.22_1,MWI,2015,mobile_women,30.3327270633471,dhs
MWI.22_1,MWI,2015,mobile_men,54.4480430932687,dhs
MWI.22_1,MWI,2015,mobile_fm_ratio,0.557094898918361,dhs
MWI.23_1,MWI,2015,internet_women,2.24489921863841,dhs
MWI.23_1,MWI,2015,internet_men,9.75709083866608,dhs
MWI.23_1,MWI,2015,internet_fm_ratio,0.220923053132654,dhs
MWI.23_1,MWI,2015,mobile_women,33.3320186422413,dhs
MWI.23_1,MWI,2015,mobile_men,50.7986037784532,dhs
MWI.23_1,MWI,2015,mobile_fm_ratio,0.656160133605473,dhs
MWI.24_1,MWI,2015,internet_women,0.753417686610858,dhs
MWI.24_1,MWI,2015,internet_men,5.60447072566749,dhs
MWI.24_1,MWI,2015,internet_fm_ratio,0.0964321215200759,dhs
MWI.24_1,MWI,2015,mobile_women,16.0532010755407,dhs
MWI.24_1,MWI,2015,mobile_men,30.1889914492405,dhs
MWI.24_1,MWI,2015,mobile_fm_ratio,0.531756786328302,dhs
MWI.25_1,MWI,2015,internet_women,8.56924478517231,dhs
MWI.25_1,MWI,2015,internet_men,25.5219462778668,dhs
MWI.25_1,MWI,2015,internet_fm_ratio,0.290877748971796,dhs
MWI.25_1,MWI,2015,mobile_women,47.2454035191119,dhs
MWI.25_1,MWI,2015,mobile_men,66.0193761613488,dhs
MWI.25_1,MWI,2015,mobile_fm_ratio,0.71562935408002,dhs
MWI.26_1,MWI,2015,internet_women,4.76965670461517,dhs
MWI.26_1,MWI,2015,internet_men,14.139848169911,dhs
MWI.26_1,MWI,2015,internet_fm_ratio,0.288909371624532,dhs
MWI.26_1,MWI,2015,mobile_women,25.1413848371872,dhs
MWI.26_1,MWI,2015,mobile_men,47.2848330173062,dhs
MWI.26_1,MWI,2015,mobile_fm_ratio,0.531700827366472,dhs
MWI.27_1,MWI,2015,internet_women,3.08723460115966,dhs
MWI.27_1,MWI,2015,internet_men,14.09162953312,dhs
MWI.27_1,MWI,2015,internet_fm_ratio,0.206884737580028,dhs
MWI.27_1,MWI,2015,mobile_women,27.4540676504781,dhs
MWI.27_1,MWI,2015,mobile_men,45.8748476833308,dhs
MWI.27_1,MWI,2015,mobile_fm_ratio,0.598455777771527,dhs
MWI.28_1,MWI,2015,internet_women,5.27671271763105,dhs
MWI.28_1,MWI,2015,internet_men,21.0540175307949,dhs
MWI.28_1,MWI,2015,internet_fm_ratio,0.234258855569725,dhs
MWI.28_1,MWI,2015,mobile_women,35.5129538989834,dhs
MWI.28_1,MWI,2015,mobile_men,52.7151531320845,dhs
MWI.28_1,MWI,2015,mobile_fm_ratio,0.673676386939467,dhs
MWI.3_1,MWI,2015,internet_women,4.66692916549645,dhs
MWI.3_1,MWI,2015,internet_men,14.0438920054406,dhs
MWI.3_1,MWI,2015,internet_fm_ratio,0.289934884276327,dhs
MWI.3_1,MWI,2015,mobile_women,24.3860037105774,dhs
MWI.3_1,MWI,2015,mobile_men,53.6281304862843,dhs
MWI.3_1,MWI,2015,mobile_fm_ratio,0.454724106349638,dhs
MWI.4_1,MWI,2015,internet_women,3.36291217726295,dhs
MWI.4_1,MWI,2015,internet_men,10.7242234836574,dhs
MWI.4_1,MWI,2015,internet_fm_ratio,0.296506051540383,dhs
MWI.4_1,MWI,2015,mobile_women,26.9183142766098,dhs
MWI.4_1,MWI,2015,mobile_men,44.783091031302,dhs
MWI.4_1,MWI,2015,mobile_fm_ratio,0.601082097209296,dhs
MWI.5_1,MWI,2015,internet_women,3.63136787992184,dhs
MWI.5_1,MWI,2015,internet_men,11.3076584497836,dhs
MWI.5_1,MWI,2015,internet_fm_ratio,0.301373766054406,dhs
MWI.5_1,MWI,2015,mobile_women,29.0132067004275,dhs
MWI.5_1,MWI,2015,mobile_men,49.0954793619744,dhs
MWI.5_1,MWI,2015,mobile_fm_ratio,0.590954749347022,dhs
MWI.6_1,MWI,2015,internet_women,1.62761500991223,dhs
MWI.6_1,MWI,2015,internet_men,3.96456538121615,dhs
MWI.6_1,MWI,2015,internet_fm_ratio,0.275139627980707,dhs
MWI.6_1,MWI,2015,mobile_women,19.766434207646,dhs
MWI.6_1,MWI,2015,mobile_men,36.2334883388958,dhs
MWI.6_1,MWI,2015,mobile_fm_ratio,0.545529429095217,dhs
MWI.7_1,MWI,2015,internet_women,2.75177825274693,dhs
MWI.7_1,MWI,2015,internet_men,9.73301144922363,dhs
MWI.7_1,MWI,2015,internet_fm_ratio,0.238032283688824,dhs
MWI.7_1,MWI,2015,mobile_women,22.9967369769251,dhs
MWI.7_1,MWI,2015,mobile_men,45.2176114928096,dhs
MWI.7_1,MWI,2015,mobile_fm_ratio,0.508579206590379,dhs
MWI.8_1,MWI,2015,internet_women,5.34074004912637,dhs
MWI.8_1,MWI,2015,internet_men,20.6653165080455,dhs
MWI.8_1,MWI,2015,internet_fm_ratio,0.252370013694722,dhs
MWI.8_1,MWI,2015,mobile_women,38.4539617789145,dhs
MWI.8_1,MWI,2015,mobile_men,56.2119461729358,dhs
MWI.8_1,MWI,2015,mobile_fm_ratio,0.684088781779785,dhs
MWI.9_1,MWI,2015,internet_women,4.70062469948291,dhs
MWI.9_1,MWI,2015,internet_men,9.87794888126203,dhs
MWI.9_1,MWI,2015,internet_fm_ratio,0.469756164116785,dhs
MWI.9_1,MWI,2015,mobile_women,29.1433662237552,dhs
MWI.9_1,MWI,2015,mobile_men,45.6641863307227,dhs
MWI.9_1,MWI,2015,mobile_fm_ratio,0.638210566431304,dhs
NGA.1_1,NGA,2018,internet_women,24.9997262339696,dhs
NGA.1_1,NGA,2018,internet_men,43.4219202532569,dhs
NGA.1_1,NGA,2018,internet_fm_ratio,0.54126745620296,dhs
NGA.1_1,NGA,2018,mobile_women,82.6264484530827,dhs
NGA.1_1,NGA,2018,mobile_men,91.1956733941364,dhs
NGA.1_1,NGA,2018,mobile_fm_ratio,0.9060347424157,dhs
NGA.10_1,NGA,2018,internet_women,24.7270624839194,dhs
NGA.10_1,NGA,2018,internet_men,46.4826854793434,dhs
NGA.10_1,NGA,2018,internet_fm_ratio,0.500171719554106,dhs
NGA.10_1,NGA,2018,mobile_women,72.4444086065658,dhs
NGA.10_1,NGA,2018,mobile_men,91.1264583242386,dhs
NGA.10_1,NGA,2018,mobile_fm_ratio,0.79498764616529,dhs
NGA.11_1,NGA,2018,internet_women,7.46687313332939,dhs
NGA.11_1,NGA,2018,internet_men,19.4891148715912,dhs
NGA.11_1,NGA,2018,internet_fm_ratio,0.280421200032621,dhs
NGA.11_1,NGA,2018,mobile_women,51.858221913259,dhs
NGA.11_1,NGA,2018,mobile_men,79.5187060587531,dhs
NGA.11_1,NGA,2018,mobile_fm_ratio,0.652151229359078,dhs
NGA.12_1,NGA,2018,internet_women,25.1564950962902,dhs
NGA.12_1,NGA,2018,internet_men,46.0394221989647,dhs
NGA.12_1,NGA,2018,internet_fm_ratio,0.454023948823881,dhs
NGA.12_1,NGA,2018,mobile_women,72.199080316722,dhs
NGA.12_1,NGA,2018,mobile_men,83.7689462808528,dhs
NGA.12_1,NGA,2018,mobile_fm_ratio,0.861883591977624,dhs
NGA.13_1,NGA,2018,internet_women,21.6104922056508,dhs
NGA.13_1,NGA,2018,internet_men,34.365837116861,dhs
NGA.13_1,NGA,2018,internet_fm_ratio,0.582445278565854,dhs
NGA.13_1,NGA,2018,mobile_women,78.4843736957785,dhs
NGA.13_1,NGA,2018,mobile_men,89.7766728166868,dhs
NGA.13_1,NGA,2018,mobile_fm_ratio,0.874217892392093,dhs
NGA.14_1,NGA,2018,internet_women,23.4086366126125,dhs
NGA.14_1,NGA,2018,internet_men,41.900816666397,dhs
NGA.14_1,NGA,2018,internet_fm_ratio,0.340308493034854,dhs
NGA.14_1,NGA,2018,mobile_women,75.1032487608411,dhs
NGA.14_1,NGA,2018,mobile_men,87.6203462559339,dhs
NGA.14_1,NGA,2018,mobile_fm_ratio,0.857143939393584,dhs
NGA.15_1,NGA,2018,internet_women,22.3303181941774,dhs
NGA.15_1,NGA,2018,internet_men,39.3960032905044,dhs
NGA.15_1,NGA,2018,internet_fm_ratio,0.564132785702953,dhs
NGA.15_1,NGA,2018,mobile_women,69.1552299190475,dhs
NGA.15_1,NGA,2018,mobile_men,83.2969050406171,dhs
NGA.15_1,NGA,2018,mobile_fm_ratio,0.83022568347919,dhs
NGA.16_1,NGA,2018,internet_women,4.77986837761946,dhs
NGA.16_1,NGA,2018,internet_men,22.5401180325701,dhs
NGA.16_1,NGA,2018,internet_fm_ratio,0.201441747387046,dhs
NGA.16_1,NGA,2018,mobile_women,31.4988117407136,dhs
NGA.16_1,NGA,2018,mobile_men,69.5275280923495,dhs
NGA.16_1,NGA,2018,mobile_fm_ratio,0.453040868918502,dhs
NGA.17_1,NGA,2018,internet_women,33.60889966624,dhs
NGA.17_1,NGA,2018,internet_men,30.2836245520202,dhs
NGA.17_1,NGA,2018,internet_fm_ratio,0.969618131872807,dhs
NGA.17_1,NGA,2018,mobile_women,80.6243053190066,dhs
NGA.17_1,NGA,2018,mobile_men,90.7204838544559,dhs
NGA.17_1,NGA,2018,mobile_fm_ratio,0.888711147620787,dhs
NGA.18_1,NGA,2018,internet_women,2.00105373218265,dhs
NGA.18_1,NGA,2018,internet_men,26.4701883520661,dhs
NGA.18_1,NGA,2018,internet_fm_ratio,0.065791144009532,dhs
NGA.18_1,NGA,2018,mobile_women,28.3472761272845,dhs
NGA.18_1,NGA,2018,mobile_men,77.8902261622294,dhs
NGA.18_1,NGA,2018,mobile_fm_ratio,0.363938808808219,dhs
NGA.19_1,NGA,2018,internet_women,10.1921877779671,dhs
NGA.19_1,NGA,2018,internet_men,25.8878546670488,dhs
NGA.19_1,NGA,2018,internet_fm_ratio,0.323860084140017,dhs
NGA.19_1,NGA,2018,mobile_women,44.550228232224,dhs
NGA.19_1,NGA,2018,mobile_men,76.3352548257144,dhs
NGA.19_1,NGA,2018,mobile_fm_ratio,0.583612753162864,dhs
NGA.2_1,NGA,2018,internet_women,6.7650719443966,dhs
NGA.2_1,NGA,2018,internet_men,18.5563637726368,dhs
NGA.2_1,NGA,2018,internet_fm_ratio,0.364568836183971,dhs
NGA.2_1,NGA,2018,mobile_women,49.8633616367651,dhs
NGA.2_1,NGA,2018,mobile_men,61.7637910419812,dhs
NGA.2_1,NGA,2018,mobile_fm_ratio,0.807323527192052,dhs
NGA.20_1,NGA,2018,internet_women,9.30481523649472,dhs
NGA.20_1,NGA,2018,internet_men,37.1427658413062,dhs
NGA.20_1,NGA,2018,internet_fm_ratio,0.237188727062131,dhs
NGA.20_1,NGA,2018,mobile_women,40.6248517179417,dhs
NGA.20_1,NGA,2018,mobile_men,78.6998901810034,dhs
NGA.20_1,NGA,2018,mobile_fm_ratio,0.516199598557353,dhs
NGA.21_1,NGA,2018,internet_women,2.23222597178392,dhs
NGA.21_1,NGA,2018,internet_men,56.2435529090501,dhs
NGA.21_1,NGA,2018,internet_fm_ratio,0.0370867381821874,dhs
NGA.21_1,NGA,2018,mobile_women,33.6334380971263,dhs
NGA.21_1,NGA,2018,mobile_men,81.9490392800034,dhs
NGA.21_1,NGA,2018,mobile_fm_ratio,0.410418943194778,dhs
NGA.22_1,NGA,2018,internet_women,0.470419998876111,dhs
NGA.22_1,NGA,2018,internet_men,9.82415831237443,dhs
NGA.22_1,NGA,2018,internet_fm_ratio,0.044684087696973,dhs
NGA.22_1,NGA,2018,mobile_women,22.2929876297147,dhs
NGA.22_1,NGA,2018,mobile_men,63.1952655168114,dhs
NGA.22_1,NGA,2018,mobile_fm_ratio,0.35276357251453,dhs
NGA.23_1,NGA,2018,internet_women,15.1845888339705,dhs
NGA.23_1,NGA,2018,internet_men,37.5930052233287,dhs
NGA.23_1,NGA,2018,internet_fm_ratio,0.36257667741978,dhs
NGA.23_1,NGA,2018,mobile_women,69.8502513484665,dhs
NGA.23_1,NGA,2018,mobile_men,88.4297311442161,dhs
NGA.23_1,NGA,2018,mobile_fm_ratio,0.789895552600413,dhs
NGA.24_1,NGA,2018,internet_women,21.0763507015815,dhs
NGA.24_1,NGA,2018,internet_men,37.3178152544347,dhs
NGA.24_1,NGA,2018,internet_fm_ratio,0.552137934104973,dhs
NGA.24_1,NGA,2018,mobile_women,64.7364610037486,dhs
NGA.24_1,NGA,2018,mobile_men,79.3936395142927,dhs
NGA.24_1,NGA,2018,mobile_fm_ratio,0.815385985575009,dhs
NGA.25_1,NGA,2018,internet_women,60.0884846262714,dhs
NGA.25_1,NGA,2018,internet_men,69.7401894867168,dhs
NGA.25_1,NGA,2018,internet_fm_ratio,0.813020387526738,dhs
NGA.25_1,NGA,2018,mobile_women,85.8822545700441,dhs
NGA.25_1,NGA,2018,mobile_men,95.0986782386089,dhs
NGA.25_1,NGA,2018,mobile_fm_ratio,0.903085680692216,dhs
NGA.26_1,NGA,2018,internet_women,12.2841955821857,dhs
NGA.26_1,NGA,2018,internet_men,30.3504210712801,dhs
NGA.26_1,NGA,2018,internet_fm_ratio,0.402188202931682,dhs
NGA.26_1,NGA,2018,mobile_women,65.9181891390662,dhs
NGA.26_1,NGA,2018,mobile_men,72.1208322838054,dhs
NGA.26_1,NGA,2018,mobile_fm_ratio,0.913996511849296,dhs
NGA.27_1,NGA,2018,internet_women,6.99553029049854,dhs
NGA.27_1,NGA,2018,internet_men,22.7765778366336,dhs
NGA.27_1,NGA,2018,internet_fm_ratio,0.258203532743811,dhs
NGA.27_1,NGA,2018,mobile_women,37.2674306171209,dhs
NGA.27_1,NGA,2018,mobile_men,77.6291968402033,dhs
NGA.27_1,NGA,2018,mobile_fm_ratio,0.48006976928841,dhs
NGA.28_1,NGA,2018,internet_women,36.9188162737333,dhs
NGA.28_1,NGA,2018,internet_men,42.8531965708115,dhs
NGA.28_1,NGA,2018,internet_fm_ratio,0.65328868153652,dhs
NGA.28_1,NGA,2018,mobile_women,81.0857896856314,dhs
NGA.28_1,NGA,2018,mobile_men,89.2159360032004,dhs
NGA.28_1,NGA,2018,mobile_fm_ratio,0.908871142513403,dhs
NGA.29_1,NGA,2018,internet_women,19.0188116534746,dhs
NGA.29_1,NGA,2018,internet_men,38.1310462061405,dhs
NGA.29_1,NGA,2018,internet_fm_ratio,0.481507711913163,dhs
NGA.29_1,NGA,2018,mobile_women,74.9825747658858,dhs
NGA.29_1,NGA,2018,mobile_men,84.7615200068223,dhs
NGA.29_1,NGA,2018,mobile_fm_ratio,0.884629897621592,dhs
NGA.3_1,NGA,2018,internet_women,29.2773060150719,dhs
NGA.3_1,NGA,2018,internet_men,29.4403242949811,dhs
NGA.3_1,NGA,2018,internet_fm_ratio,0.975786324629371,dhs
NGA.3_1,NGA,2018,mobile_women,69.2130522713087,dhs
NGA.3_1,NGA,2018,mobile_men,85.4090465764235,dhs
NGA.3_1,NGA,2018,mobile_fm_ratio,0.81037144243704,dhs
NGA.30_1,NGA,2018,internet_women,20.174502509571,dhs
NGA.30_1,NGA,2018,internet_men,20.8524498021642,dhs
NGA.30_1,NGA,2018,internet_fm_ratio,0.828131207054204,dhs
NGA.30_1,NGA,2018,mobile_women,84.8222097252941,dhs
NGA.30_1,NGA,2018,mobile_men,89.6459018217982,dhs
NGA.30_1,NGA,2018,mobile_fm_ratio,0.946191716537217,dhs
NGA.31_1,NGA,2018,internet_women,26.4848643126933,dhs
NGA.31_1,NGA,2018,internet_men,60.8808286866619,dhs
NGA.31_1,NGA,2018,internet_fm_ratio,0.423941573647861,dhs
NGA.31_1,NGA,2018,mobile_women,78.6388177528664,dhs
NGA.31_1,NGA,2018,mobile_men,91.1724879515646,dhs
NGA.31_1,NGA,2018,mobile_fm_ratio,0.862527934903381,dhs
NGA.32_1,NGA,2018,internet_women,9.8606637375103,dhs
NGA.32_1,NGA,2018,internet_men,24.4401721625011,dhs
NGA.32_1,NGA,2018,internet_fm_ratio,0.382480070079627,dhs
NGA.32_1,NGA,2018,mobile_women,51.5464949096881,dhs
NGA.32_1,NGA,2018,mobile_men,79.4279422604202,dhs
NGA.32_1,NGA,2018,mobile_fm_ratio,0.648971803155655,dhs
NGA.33_1,NGA,2018,internet_women,35.6293242678055,dhs
NGA.33_1,NGA,2018,internet_men,58.9784413692661,dhs
NGA.33_1,NGA,2018,internet_fm_ratio,0.512819257129612,dhs
NGA.33_1,NGA,2018,mobile_women,75.2067376390957,dhs
NGA.33_1,NGA,2018,mobile_men,89.1818020498438,dhs
NGA.33_1,NGA,2018,mobile_fm_ratio,0.843296904867011,dhs
NGA.34_1,NGA,2018,internet_women,0.890749744442091,dhs
NGA.34_1,NGA,2018,internet_men,14.0265982414351,dhs
NGA.34_1,NGA,2018,internet_fm_ratio,0.063504331492919,dhs
NGA.34_1,NGA,2018,mobile_women,23.7028649793066,dhs
NGA.34_1,NGA,2018,mobile_men,75.0848667916689,dhs
NGA.34_1,NGA,2018,mobile_fm_ratio,0.315680988621486,dhs
NGA.35_1,NGA,2018,internet_women,6.61194641310935,dhs
NGA.35_1,NGA,2018,internet_men,17.1003919518971,dhs
NGA.35_1,NGA,2018,internet_fm_ratio,0.368225865617584,dhs
NGA.35_1,NGA,2018,mobile_women,44.5641352599837,dhs
NGA.35_1,NGA,2018,mobile_men,71.3431836157516,dhs
NGA.35_1,NGA,2018,mobile_fm_ratio,0.624644612160881,dhs
NGA.36_1,NGA,2018,internet_women,2.9895564973573,dhs
NGA.36_1,NGA,2018,internet_men,14.1795164830199,dhs
NGA.36_1,NGA,2018,internet_fm_ratio,0.205674676874555,dhs
NGA.36_1,NGA,2018,mobile_women,31.9360424491573,dhs
NGA.36_1,NGA,2018,mobile_men,64.7620797429586,dhs
NGA.36_1,NGA,2018,mobile_fm_ratio,0.493128734838532,dhs
NGA.37_1,NGA,2018,internet_women,5.31453540660266,dhs
NGA.37_1,NGA,2018,internet_men,15.0985893236916,dhs
NGA.37_1,NGA,2018,internet_fm_ratio,0.342400279677355,dhs
NGA.37_1,NGA,2018,mobile_women,30.78593203939,dhs
NGA.37_1,NGA,2018,mobile_men,61.4050019419937,dhs
NGA.37_1,NGA,2018,mobile_fm_ratio,0.501358701502396,dhs
NGA.4_1,NGA,2018,internet_women,34.0272583053955,dhs
NGA.4_1,NGA,2018,internet_men,38.3403410621907,dhs
NGA.4_1,NGA,2018,internet_fm_ratio,0.81255898101137,dhs
NGA.4_1,NGA,2018,mobile_women,82.6692988422569,dhs
NGA.4_1,NGA,2018,mobile_men,91.1500365647865,dhs
NGA.4_1,NGA,2018,mobile_fm_ratio,0.906958482496035,dhs
NGA.5_1,NGA,2018,internet_women,3.41458313897201,dhs
NGA.5_1,NGA,2018,internet_men,16.1307043845848,dhs
NGA.5_1,NGA,2018,internet_fm_ratio,0.179593090690501,dhs
NGA.5_1,NGA,2018,mobile_women,27.2405019823928,dhs
NGA.5_1,NGA,2018,mobile_men,69.9559385978455,dhs
NGA.5_1,NGA,2018,mobile_fm_ratio,0.389395132541782,dhs
NGA.6_1,NGA,2018,internet_women,11.7271626825937,dhs
NGA.6_1,NGA,2018,internet_men,45.3124863639199,dhs
NGA.6_1,NGA,2018,internet_fm_ratio,0.239013474782394,dhs
NGA.6_1,NGA,2018,mobile_women,67.4069751933044,dhs
NGA.6_1,NGA,2018,mobile_men,80.2582732136264,dhs
NGA.6_1,NGA,2018,mobile_fm_ratio,0.83987572239294,dhs
NGA.7_1,NGA,2018,internet_women,9.34300019747367,dhs
NGA.7_1,NGA,2018,internet_men,23.7252148114837,dhs
NGA.7_1,NGA,2018,internet_fm_ratio,0.356839611608211,dhs
NGA.7_1,NGA,2018,mobile_women,50.7680823421646,dhs
NGA.7_1,NGA,2018,mobile_men,74.9993846199288,dhs
NGA.7_1,NGA,2018,mobile_fm_ratio,0.676913318681745,dhs
NGA.8_1,NGA,2018,internet_women,11.5122895556365,dhs
NGA.8_1,NGA,2018,internet_men,35.666003430736,dhs
NGA.8_1,NGA,2018,internet_fm_ratio,0.277038634337845,dhs
NGA.8_1,NGA,2018,mobile_women,50.7585090251096,dhs
NGA.8_1,NGA,2018,mobile_men,81.1277356320006,dhs
NGA.8_1,NGA,2018,mobile_fm_ratio,0.625661601789957,dhs
NGA.9_1,NGA,2018,internet_women,29.8329131405351,dhs
NGA.9_1,NGA,2018,internet_men,29.0673291294483,dhs
NGA.9_1,NGA,2018,internet_fm_ratio,0.703468161073907,dhs
NGA.9_1,NGA,2018,mobile_women,58.0658241585867,dhs
NGA.9_1,NGA,2018,mobile_men,70.9969111076676,dhs
NGA.9_1,NGA,2018,mobile_fm_ratio,0.817864090883183,dhs
RWA.1_1,RWA,2019,internet_women,9.28365730967636,dhs
RWA.1_1,RWA,2019,internet_men,18.5065428498723,dhs
RWA.1_1,RWA,2019,internet_fm_ratio,0.446388117499537,dhs
RWA.1_1,RWA,2019,mobile_women,43.0674048972631,dhs
RWA.1_1,RWA,2019,mobile_men,57.164138914517,dhs
RWA.1_1,RWA,2019,mobile_fm_ratio,0.753398996557367,dhs
RWA.2_1,RWA,2019,internet_women,9.28575354989463,dhs
RWA.2_1,RWA,2019,internet_men,13.0447075060529,dhs
RWA.2_1,RWA,2019,internet_fm_ratio,0.649512205709767,dhs
RWA.2_1,RWA,2019,mobile_women,39.9133480597789,dhs
RWA.2_1,RWA,2019,mobile_men,51.5032101360988,dhs
RWA.2_1,RWA,2019,mobile_fm_ratio,0.774968161291436,dhs
RWA.3_1,RWA,2019,internet_women,9.89077095272248,dhs
RWA.3_1,RWA,2019,internet_men,17.4976706610313,dhs
RWA.3_1,RWA,2019,internet_fm_ratio,0.513947288140921,dhs
RWA.3_1,RWA,2019,mobile_women,44.6704885482462,dhs
RWA.3_1,RWA,2019,mobile_men,61.4973793815166,dhs
RWA.3_1,RWA,2019,mobile_fm_ratio,0.726380359577927,dhs
RWA.4_1,RWA,2019,internet_women,9.25854744559389,dhs
RWA.4_1,RWA,2019,internet_men,20.500363130111,dhs
RWA.4_1,RWA,2019,internet_fm_ratio,0.419170286931454,dhs
RWA.4_1,RWA,2019,mobile_women,43.5378416633907,dhs
RWA.4_1,RWA,2019,mobile_men,59.277431642084,dhs
RWA.4_1,RWA,2019,mobile_fm_ratio,0.734475844470984,dhs
RWA.5_1,RWA,2019,internet_women,39.7189109266788,dhs
RWA.5_1,RWA,2019,internet_men,54.8003540897507,dhs
RWA.5_1,RWA,2019,internet_fm_ratio,0.706156083730839,dhs
RWA.5_1,RWA,2019,mobile_women,76.8091779944506,dhs
RWA.5_1,RWA,2019,mobile_men,83.9093696038019,dhs
RWA.5_1,RWA,2019,mobile_fm_ratio,0.915382612896789,dhs
SEN.1_1,SEN,2018,internet_women,69.0163848221705,dhs
SEN.1_1,SEN,2018,internet_men,78.5214770967355,dhs
SEN.1_1,SEN,2018,internet_fm_ratio,0.845868043116342,dhs
SEN.1_1,SEN,2018,mobile_women,86.7942022484743,dhs
SEN.1_1,SEN,2018,mobile_men,91.3840975920196,dhs
SEN.1_1,SEN,2018,mobile_fm_ratio,0.949773587916394,dhs
SEN.10_1,SEN,2018,internet_women,35.4326325307919,dhs
SEN.10_1,SEN,2018,internet_men,48.6994617933298,dhs
SEN.10_1,SEN,2018,internet_fm_ratio,0.707413998277475,dhs
SEN.10_1,SEN,2018,mobile_women,68.369346408461,dhs
SEN.10_1,SEN,2018,mobile_men,79.1657199684618,dhs
SEN.10_1,SEN,2018,mobile_fm_ratio,0.863623124196914,dhs
SEN.11_1,SEN,2018,internet_women,23.183455632747,dhs
SEN.11_1,SEN,2018,internet_men,29.5220139292323,dhs
SEN.11_1,SEN,2018,internet_fm_ratio,0.773181323045192,dhs
SEN.11_1,SEN,2018,mobile_women,51.9477717572619,dhs
SEN.11_1,SEN,2018,mobile_men,72.3985275648142,dhs
SEN.11_1,SEN,2018,mobile_fm_ratio,0.717525252302349,dhs
SEN.12_1,SEN,2018,internet_women,18.5053861016333,dhs
SEN.12_1,SEN,2018,internet_men,30.6277628743226,dhs
SEN.12_1,SEN,2018,internet_fm_ratio,0.604202996398006,dhs
SEN.12_1,SEN,2018,mobile_women,52.0316490205854,dhs
SEN.12_1,SEN,2018,mobile_men,82.9334225206692,dhs
SEN.12_1,SEN,2018,mobile_fm_ratio,0.627390591623272,dhs
SEN.13_1,SEN,2018,internet_women,45.8888738328572,dhs
SEN.13_1,SEN,2018,internet_men,67.1850388017366,dhs
SEN.13_1,SEN,2018,internet_fm_ratio,0.670621615331905,dhs
SEN.13_1,SEN,2018,mobile_women,75.3355100516886,dhs
SEN.13_1,SEN,2018,mobile_men,84.899363213586,dhs
SEN.13_1,SEN,2018,mobile_fm_ratio,0.887350707945393,dhs
SEN.14_1,SEN,2018,internet_women,43.8897972751861,dhs
SEN.14_1,SEN,2018,internet_men,46.7215850239372,dhs
SEN.14_1,SEN,2018,internet_fm_ratio,0.931189807010358,dhs
SEN.14_1,SEN,2018,mobile_women,72.2203728419997,dhs
SEN.14_1,SEN,2018,mobile_men,78.9105010714992,dhs
SEN.14_1,SEN,2018,mobile_fm_ratio,0.915218784082518,dhs
SEN.2_1,SEN,2018,internet_women,27.843743968212,dhs
SEN.2_1,SEN,2018,internet_men,53.8463136479547,dhs
SEN.2_1,SEN,2018,internet_fm_ratio,0.503188854308772,dhs
SEN.2_1,SEN,2018,mobile_women,69.887598115271,dhs
SEN.2_1,SEN,2018,mobile_men,85.3237542780521,dhs
SEN.2_1,SEN,2018,mobile_fm_ratio,0.819087236685837,dhs
SEN.3_1,SEN,2018,internet_women,25.0287140867336,dhs
SEN.3_1,SEN,2018,internet_men,41.8306439273896,dhs
SEN.3_1,SEN,2018,internet_fm_ratio,0.580791188697993,dhs
SEN.3_1,SEN,2018,mobile_women,67.723728162696,dhs
SEN.3_1,SEN,2018,mobile_men,80.4675197479147,dhs
SEN.3_1,SEN,2018,mobile_fm_ratio,0.841628129894621,dhs
SEN.4_1,SEN,2018,internet_women,10.3332314080485,dhs
SEN.4_1,SEN,2018,internet_men,19.5620089001871,dhs
SEN.4_1,SEN,2018,internet_fm_ratio,0.528229562759768,dhs
SEN.4_1,SEN,2018,mobile_women,47.5265669414635,dhs
SEN.4_1,SEN,2018,mobile_men,74.2175792910184,dhs
SEN.4_1,SEN,2018,mobile_fm_ratio,0.640368055593738,dhs
SEN.5_1,SEN,2018,internet_women,29.5821940692001,dhs
SEN.5_1,SEN,2018,internet_men,40.7418314886577,dhs
SEN.5_1,SEN,2018,internet_fm_ratio,0.726088960370759,dhs
SEN.5_1,SEN,2018,mobile_women,62.3263463343848,dhs
SEN.5_1,SEN,2018,mobile_men,76.8434837175735,dhs
SEN.5_1,SEN,2018,mobile_fm_ratio,0.811081738087978,dhs
SEN.6_1,SEN,2018,internet_women,15.7785875493983,dhs
SEN.6_1,SEN,2018,internet_men,26.1551630741631,dhs
SEN.6_1,SEN,2018,internet_fm_ratio,0.603268559429664,dhs
SEN.6_1,SEN,2018,mobile_women,56.8527011451771,dhs
SEN.6_1,SEN,2018,mobile_men,76.5177562032682,dhs
SEN.6_1,SEN,2018,mobile_fm_ratio,0.743000108290536,dhs
SEN.7_1,SEN,2018,internet_women,16.8417838094797,dhs
SEN.7_1,SEN,2018,internet_men,21.2953827389742,dhs
SEN.7_1,SEN,2018,internet_fm_ratio,0.77649076533791,dhs
SEN.7_1,SEN,2018,mobile_women,44.5472435019603,dhs
SEN.7_1,SEN,2018,mobile_men,70.3784246454907,dhs
SEN.7_1,SEN,2018,mobile_fm_ratio,0.632967329495554,dhs
SEN.8_1,SEN,2018,internet_women,30.3270031263206,dhs
SEN.8_1,SEN,2018,internet_men,49.5766003371163,dhs
SEN.8_1,SEN,2018,internet_fm_ratio,0.607566417497738,dhs
SEN.8_1,SEN,2018,mobile_women,69.9258923117651,dhs
SEN.8_1,SEN,2018,mobile_men,84.2978703446036,dhs
SEN.8_1,SEN,2018,mobile_fm_ratio,0.829509595271067,dhs
SEN.9_1,SEN,2018,internet_women,32.237965502769804,dhs
SEN.9_1,SEN,2018,internet_men,41.0104876191357,dhs
SEN.9_1,SEN,2018,internet_fm_ratio,0.770179873655562,dhs
SEN.9_1,SEN,2018,mobile_women,56.922835961483,dhs
SEN.9_1,SEN,2018,mobile_men,77.4887035746234,dhs
SEN.9_1,SEN,2018,mobile_fm_ratio,0.734595280803285,dhs
SLE.1_1,SLE,2019,internet_women,7.61365498639794,dhs
SLE.1_1,SLE,2019,internet_men,16.976660585053,dhs
SLE.1_1,SLE,2019,internet_fm_ratio,0.40681672657477,dhs
SLE.1_1,SLE,2019,mobile_women,33.3355694607731,dhs
SLE.1_1,SLE,2019,mobile_men,54.2205781772361,dhs
SLE.1_1,SLE,2019,mobile_fm_ratio,0.614813979884277,dhs
SLE.2_1,SLE,2019,internet_women,6.801264269949,dhs
SLE.2_1,SLE,2019,internet_men,19.5100032290699,dhs
SLE.2_1,SLE,2019,internet_fm_ratio,0.308051677917196,dhs
SLE.2_1,SLE,2019,mobile_women,34.5316963865121,dhs
SLE.2_1,SLE,2019,mobile_men,59.797073560587,dhs
SLE.2_1,SLE,2019,mobile_fm_ratio,0.577481377103249,dhs
SLE.3_1,SLE,2019,internet_women,8.19659748366801,dhs
SLE.3_1,SLE,2019,internet_men,20.2025723358579,dhs
SLE.3_1,SLE,2019,internet_fm_ratio,0.359913343903763,dhs
SLE.3_1,SLE,2019,mobile_women,32.438724966012,dhs
SLE.3_1,SLE,2019,mobile_men,55.3272836573113,dhs
SLE.3_1,SLE,2019,mobile_fm_ratio,0.586306119182219,dhs
SLE.4_1,SLE,2019,internet_women,36.3267468308346,dhs
SLE.4_1,SLE,2019,internet_men,54.0383022620323,dhs
SLE.4_1,SLE,2019,internet_fm_ratio,0.634849846600282,dhs
SLE.4_1,SLE,2019,mobile_women,70.4604342430213,dhs
SLE.4_1,SLE,2019,mobile_men,85.1703136907903,dhs
SLE.4_1,SLE,2019,mobile_fm_ratio,0.827288654810254,dhs
TZA.1_1,TZA,2015,internet_women,17.0289503283613,dhs
TZA.1_1,TZA,2015,internet_men,29.4879535325149,dhs
TZA.1_1,TZA,2015,internet_fm_ratio,0.545745867115,dhs
TZA.1_1,TZA,2015,mobile_women,71.0010621285718,dhs
TZA.1_1,TZA,2015,mobile_men,74.0198373937353,dhs
TZA.1_1,TZA,2015,mobile_fm_ratio,0.959216672564333,dhs
TZA.10_1,TZA,2015,internet_women,4.96222042954419,dhs
TZA.10_1,TZA,2015,internet_men,14.0624159723733,dhs
TZA.10_1,TZA,2015,internet_fm_ratio,0.352871116833186,dhs
TZA.10_1,TZA,2015,mobile_women,50.4665599116834,dhs
TZA.10_1,TZA,2015,mobile_men,76.6338563938587,dhs
TZA.10_1,TZA,2015,mobile_fm_ratio,0.658541306499194,dhs
TZA.11_1,TZA,2015,internet_women,4.01503654816179,dhs
TZA.11_1,TZA,2015,internet_men,10.3534283438285,dhs
TZA.11_1,TZA,2015,internet_fm_ratio,0.387797782031791,dhs
TZA.11_1,TZA,2015,mobile_women,48.7509767725226,dhs
TZA.11_1,TZA,2015,mobile_men,63.9363204634544,dhs
TZA.11_1,TZA,2015,mobile_fm_ratio,0.762492686772431,dhs
TZA.12_1,TZA,2015,internet_women,5.59418405503494,dhs
TZA.12_1,TZA,2015,internet_men,2.45896725409675,dhs
TZA.12_1,TZA,2015,internet_fm_ratio,1.68898325844227,dhs
TZA.12_1,TZA,2015,mobile_women,44.5869307658074,dhs
TZA.12_1,TZA,2015,mobile_men,68.2204222698947,dhs
TZA.12_1,TZA,2015,mobile_fm_ratio,0.653571603374307,dhs
TZA.13_1,TZA,2015,internet_women,8.51843554905794,dhs
TZA.13_1,TZA,2015,internet_men,19.9138714348305,dhs
TZA.13_1,TZA,2015,internet_fm_ratio,0.382748536449886,dhs
TZA.13_1,TZA,2015,mobile_women,51.6934751547902,dhs
TZA.13_1,TZA,2015,mobile_men,66.9045159619849,dhs
TZA.13_1,TZA,2015,mobile_fm_ratio,0.772645529401368,dhs
TZA.14_1,TZA,2015,internet_women,9.19865712231729,dhs
TZA.14_1,TZA,2015,internet_men,7.96735220248638,dhs
TZA.14_1,TZA,2015,internet_fm_ratio,1.06402543689346,dhs
TZA.14_1,TZA,2015,mobile_women,51.3209170386561,dhs
TZA.14_1,TZA,2015,mobile_men,68.1927286184219,dhs
TZA.14_1,TZA,2015,mobile_fm_ratio,0.752586354563206,dhs
TZA.15_1,TZA,2015,internet_women,4.1019326945619,dhs
TZA.15_1,TZA,2015,internet_men,13.4070937012477,dhs
TZA.15_1,TZA,2015,internet_fm_ratio,0.305952414890645,dhs
TZA.15_1,TZA,2015,mobile_women,52.6153535618955,dhs
TZA.15_1,TZA,2015,mobile_men,64.9814580222347,dhs
TZA.15_1,TZA,2015,mobile_fm_ratio,0.809697953282183,dhs
TZA.16_1,TZA,2015,internet_women,6.05482491412911,dhs
TZA.16_1,TZA,2015,internet_men,9.52066887780613,dhs
TZA.16_1,TZA,2015,internet_fm_ratio,0.493246932574043,dhs
TZA.16_1,TZA,2015,mobile_women,41.8144420707559,dhs
TZA.16_1,TZA,2015,mobile_men,63.1683200817219,dhs
TZA.16_1,TZA,2015,mobile_fm_ratio,0.661952732266109,dhs
TZA.17_1,TZA,2015,internet_women,2.96986584192741,dhs
TZA.17_1,TZA,2015,internet_men,15.8473457591742,dhs
TZA.17_1,TZA,2015,internet_fm_ratio,0.187404622014265,dhs
TZA.17_1,TZA,2015,mobile_women,61.7076055751286,dhs
TZA.17_1,TZA,2015,mobile_men,71.8906417402876,dhs
TZA.17_1,TZA,2015,mobile_fm_ratio,0.858353800736037,dhs
TZA.18_1,TZA,2015,internet_women,6.41833129785997,dhs
TZA.18_1,TZA,2015,internet_men,28.3131117824093,dhs
TZA.18_1,TZA,2015,internet_fm_ratio,0.219525053119475,dhs
TZA.18_1,TZA,2015,mobile_women,53.7139682988482,dhs
TZA.18_1,TZA,2015,mobile_men,87.4590502329346,dhs
TZA.18_1,TZA,2015,mobile_fm_ratio,0.614161349291912,dhs
TZA.19_1,TZA,2015,internet_women,5.58696925746382,dhs
TZA.19_1,TZA,2015,internet_men,17.0119125222664,dhs
TZA.19_1,TZA,2015,internet_fm_ratio,0.262761115554288,dhs
TZA.19_1,TZA,2015,mobile_women,48.7843964599013,dhs
TZA.19_1,TZA,2015,mobile_men,73.5955904915793,dhs
TZA.19_1,TZA,2015,mobile_fm_ratio,0.662871187445437,dhs
TZA.2_1,TZA,2015,internet_women,33.7907568762163,dhs
TZA.2_1,TZA,2015,internet_men,46.6843046035658,dhs
TZA.2_1,TZA,2015,internet_fm_ratio,0.69713435528944,dhs
TZA.2_1,TZA,2015,mobile_women,85.0339705027164,dhs
TZA.2_1,TZA,2015,mobile_men,88.7147161738073,dhs
TZA.2_1,TZA,2015,mobile_fm_ratio,0.958510314524597,dhs
TZA.20_1,TZA,2015,internet_women,7.54297959463497,dhs
TZA.20_1,TZA,2015,internet_men,12.9960093375327,dhs
TZA.20_1,TZA,2015,internet_fm_ratio,0.443733045859078,dhs
TZA.20_1,TZA,2015,mobile_women,62.2161408812572,dhs
TZA.20_1,TZA,2015,mobile_men,76.7050019087031,dhs
TZA.20_1,TZA,2015,mobile_fm_ratio,0.81110930621329,dhs
TZA.21_1,TZA,2015,internet_women,3.13388830175844,dhs
TZA.21_1,TZA,2015,internet_men,8.95722753409471,dhs
TZA.21_1,TZA,2015,internet_fm_ratio,0.311272715447111,dhs
TZA.21_1,TZA,2015,mobile_women,25.9306105116946,dhs
TZA.21_1,TZA,2015,mobile_men,47.9786140337319,dhs
TZA.21_1,TZA,2015,mobile_fm_ratio,0.54046185022068,dhs
TZA.22_1,TZA,2015,internet_women,3.18891192826823,dhs
TZA.22_1,TZA,2015,internet_men,21.307595503501,dhs
TZA.22_1,TZA,2015,internet_fm_ratio,0.116099013450057,dhs
TZA.22_1,TZA,2015,mobile_women,46.1485688101181,dhs
TZA.22_1,TZA,2015,mobile_men,73.3249366940944,dhs
TZA.22_1,TZA,2015,mobile_fm_ratio,0.629370728305517,dhs
TZA.23_1,TZA,2015,internet_women,7.37203338706984,dhs
TZA.23_1,TZA,2015,internet_men,17.0013396201023,dhs
TZA.23_1,TZA,2015,internet_fm_ratio,0.356994375753612,dhs
TZA.23_1,TZA,2015,mobile_women,41.6107669318652,dhs
TZA.23_1,TZA,2015,mobile_men,66.3447678579606,dhs
TZA.23_1,TZA,2015,mobile_fm_ratio,0.627189879101707,dhs
TZA.24_1,TZA,2015,internet_women,2.41825810144996,dhs
TZA.24_1,TZA,2015,internet_men,1.12359211760395,dhs
TZA.24_1,TZA,2015,internet_fm_ratio,2.1522562000585,dhs
TZA.24_1,TZA,2015,mobile_women,32.8722505936874,dhs
TZA.24_1,TZA,2015,mobile_men,60.1577457615008,dhs
TZA.24_1,TZA,2015,mobile_fm_ratio,0.546434215204996,dhs
TZA.25_1,TZA,2015,internet_women,3.91705847109736,dhs
TZA.25_1,TZA,2015,internet_men,15.6573175427156,dhs
TZA.25_1,TZA,2015,internet_fm_ratio,0.229428188970203,dhs
TZA.25_1,TZA,2015,mobile_women,45.1370956382802,dhs
TZA.25_1,TZA,2015,mobile_men,64.7019606621678,dhs
TZA.25_1,TZA,2015,mobile_fm_ratio,0.697615577276818,dhs
TZA.26_1,TZA,2015,internet_women,3.02689645451045,dhs
TZA.26_1,TZA,2015,internet_men,7.42009976934041,dhs
TZA.26_1,TZA,2015,internet_fm_ratio,0.322676771983562,dhs
TZA.26_1,TZA,2015,mobile_women,36.9004182170609,dhs
TZA.26_1,TZA,2015,mobile_men,55.8463964218675,dhs
TZA.26_1,TZA,2015,mobile_fm_ratio,0.660748420333384,dhs
TZA.27_1,TZA,2015,internet_women,10.7879890653485,dhs
TZA.27_1,TZA,2015,internet_men,17.1640595205522,dhs
TZA.27_1,TZA,2015,internet_fm_ratio,0.545643441649729,dhs
TZA.27_1,TZA,2015,mobile_women,63.7614844126348,dhs
TZA.27_1,TZA,2015,mobile_men,77.2610909601547,dhs
TZA.27_1,TZA,2015,mobile_fm_ratio,0.825272897654501,dhs
TZA.28_1,TZA,2015,internet_women,2.12110364279157,dhs
TZA.28_1,TZA,2015,internet_men,9.53347625798285,dhs
TZA.28_1,TZA,2015,internet_fm_ratio,0.148890931919251,dhs
TZA.28_1,TZA,2015,mobile_women,51.2169157508813,dhs
TZA.28_1,TZA,2015,mobile_men,76.0412546361472,dhs
TZA.28_1,TZA,2015,mobile_fm_ratio,0.673541171775125,dhs
TZA.29_1,TZA,2015,internet_women,4.89530527543583,dhs
TZA.29_1,TZA,2015,internet_men,26.9859149960753,dhs
TZA.29_1,TZA,2015,internet_fm_ratio,0.154231952427206,dhs
TZA.29_1,TZA,2015,mobile_women,62.0608502439342,dhs
TZA.29_1,TZA,2015,mobile_men,82.7569094720255,dhs
TZA.29_1,TZA,2015,mobile_fm_ratio,0.749917446650334,dhs
TZA.3_1,TZA,2015,internet_women,4.02623727882181,dhs
TZA.3_1,TZA,2015,internet_men,14.6154423802937,dhs
TZA.3_1,TZA,2015,internet_fm_ratio,0.275478303978707,dhs
TZA.3_1,TZA,2015,mobile_women,38.849450229518,dhs
TZA.3_1,TZA,2015,mobile_men,58.4170600799496,dhs
TZA.3_1,TZA,2015,mobile_fm_ratio,0.665036038724793,dhs
TZA.30_1,TZA,2015,internet_women,27.7522993427345,dhs
TZA.30_1,TZA,2015,internet_men,50.8709778193219,dhs
TZA.30_1,TZA,2015,internet_fm_ratio,0.497554458949289,dhs
TZA.30_1,TZA,2015,mobile_women,76.9193920789511,dhs
TZA.30_1,TZA,2015,mobile_men,87.2362807329603,dhs
TZA.30_1,TZA,2015,mobile_fm_ratio,0.881736261939109,dhs
TZA.4_1,TZA,2015,internet_women,3.98548362083143,dhs
TZA.4_1,TZA,2015,internet_men,4.36529155209615,dhs
TZA.4_1,TZA,2015,internet_fm_ratio,0.760859487998652,dhs
TZA.4_1,TZA,2015,mobile_women,32.5786889594814,dhs
TZA.4_1,TZA,2015,mobile_men,58.9080171786781,dhs
TZA.4_1,TZA,2015,mobile_fm_ratio,0.553043380507353,dhs
TZA.5_1,TZA,2015,internet_women,11.1290868667411,dhs
TZA.5_1,TZA,2015,internet_men,26.7410662582393,dhs
TZA.5_1,TZA,2015,internet_fm_ratio,0.370579106577982,dhs
TZA.5_1,TZA,2015,mobile_women,58.3988393578266,dhs
TZA.5_1,TZA,2015,mobile_men,71.810297257617,dhs
TZA.5_1,TZA,2015,mobile_fm_ratio,0.813237677436743,dhs
TZA.6_1,TZA,2015,internet_women,4.66578709642744,dhs
TZA.6_1,TZA,2015,internet_men,15.1364895412047,dhs
TZA.6_1,TZA,2015,internet_fm_ratio,0.272518436490142,dhs
TZA.6_1,TZA,2015,mobile_women,41.8697473011598,dhs
TZA.6_1,TZA,2015,mobile_men,58.83634879534,dhs
TZA.6_1,TZA,2015,mobile_fm_ratio,0.711630618799989,dhs
TZA.7_1,TZA,2015,internet_women,3.80438058976807,dhs
TZA.7_1,TZA,2015,internet_men,8.10458491812574,dhs
TZA.7_1,TZA,2015,internet_fm_ratio,0.421196198006023,dhs
TZA.7_1,TZA,2015,mobile_women,34.6561891645813,dhs
TZA.7_1,TZA,2015,mobile_men,56.6936243444859,dhs
TZA.7_1,TZA,2015,mobile_fm_ratio,0.611289004103898,dhs
TZA.8_1,TZA,2015,internet_women,3.83538841544471,dhs
TZA.8_1,TZA,2015,internet_men,22.6034050300696,dhs
TZA.8_1,TZA,2015,internet_fm_ratio,0.142075212878452,dhs
TZA.8_1,TZA,2015,mobile_women,36.4986643530453,dhs
TZA.8_1,TZA,2015,mobile_men,57.5689178565704,dhs
TZA.8_1,TZA,2015,mobile_fm_ratio,0.633999486389158,dhs
TZA.9_1,TZA,2015,internet_women,15.1518092806552,dhs
TZA.9_1,TZA,2015,internet_men,22.0520757327581,dhs
TZA.9_1,TZA,2015,internet_fm_ratio,0.621733313979252,dhs
TZA.9_1,TZA,2015,mobile_women,74.7680143967302,dhs
TZA.9_1,TZA,2015,mobile_men,80.6046672216825,dhs
TZA.9_1,TZA,2015,mobile_fm_ratio,0.92758914556523,dhs
UGA.1_1,UGA,2016,internet_women,8.28433824570945,dhs
UGA.1_1,UGA,2016,internet_men,13.1933150375877,dhs
UGA.1_1,UGA,2016,internet_fm_ratio,0.429211336070849,dhs
UGA.1_1,UGA,2016,mobile_women,36.2922658247576,dhs
UGA.1_1,UGA,2016,mobile_men,71.6216808347676,dhs
UGA.1_1,UGA,2016,mobile_fm_ratio,0.506721783149498,dhs
UGA.10_1,UGA,2016,internet_women,5.04259764802707,dhs
UGA.10_1,UGA,2016,internet_men,7.72423997890791,dhs
UGA.10_1,UGA,2016,internet_fm_ratio,0.652827677777564,dhs
UGA.10_1,UGA,2016,mobile_women,35.5942902412134,dhs
UGA.10_1,UGA,2016,mobile_men,60.7787069838465,dhs
UGA.10_1,UGA,2016,mobile_fm_ratio,0.585637503783577,dhs
UGA.11_1,UGA,2016,internet_women,16.7442475287835,dhs
UGA.11_1,UGA,2016,internet_men,32.3864678401793,dhs
UGA.11_1,UGA,2016,internet_fm_ratio,0.517013698789662,dhs
UGA.11_1,UGA,2016,mobile_women,68.3063825598614,dhs
UGA.11_1,UGA,2016,mobile_men,73.7270141252326,dhs
UGA.11_1,UGA,2016,mobile_fm_ratio,0.9264769958517,dhs
UGA.12_1,UGA,2016,internet_women,6.76942250469282,dhs
UGA.12_1,UGA,2016,internet_men,19.6566323365157,dhs
UGA.12_1,UGA,2016,internet_fm_ratio,0.160805133344565,dhs
UGA.12_1,UGA,2016,mobile_women,48.4349784882773,dhs
UGA.12_1,UGA,2016,mobile_men,65.8624580594148,dhs
UGA.12_1,UGA,2016,mobile_fm_ratio,0.735395852438182,dhs
UGA.13_1,UGA,2016,internet_women,9.38539688671943,dhs
UGA.13_1,UGA,2016,internet_men,19.9810132046645,dhs
UGA.13_1,UGA,2016,internet_fm_ratio,0.396840024505454,dhs
UGA.13_1,UGA,2016,mobile_women,56.0629024700608,dhs
UGA.13_1,UGA,2016,mobile_men,63.5995432615586,dhs
UGA.13_1,UGA,2016,mobile_fm_ratio,0.881498507615021,dhs
UGA.14_1,UGA,2016,internet_women,0,dhs
UGA.14_1,UGA,2016,internet_men,8.77613671470425,dhs
UGA.14_1,UGA,2016,internet_fm_ratio,0,dhs
UGA.14_1,UGA,2016,mobile_women,22.6166958500725,dhs
UGA.14_1,UGA,2016,mobile_men,48.6182781174743,dhs
UGA.14_1,UGA,2016,mobile_fm_ratio,0.465189157777755,dhs
UGA.15_1,UGA,2016,internet_women,9.78808823727507,dhs
UGA.15_1,UGA,2016,internet_men,21.8399698977001,dhs
UGA.15_1,UGA,2016,internet_fm_ratio,0.374181056274589,dhs
UGA.15_1,UGA,2016,mobile_women,69.3686885581209,dhs
UGA.15_1,UGA,2016,mobile_men,77.7048803897482,dhs
UGA.15_1,UGA,2016,mobile_fm_ratio,0.892719842179602,dhs
UGA.16_1,UGA,2016,internet_women,37.8136148533757,dhs
UGA.16_1,UGA,2016,internet_men,61.4567281328834,dhs
UGA.16_1,UGA,2016,internet_fm_ratio,0.575734249631024,dhs
UGA.16_1,UGA,2016,mobile_women,82.1713836568007,dhs
UGA.16_1,UGA,2016,mobile_men,90.1912119344374,dhs
UGA.16_1,UGA,2016,mobile_fm_ratio,0.911079714912063,dhs
UGA.17_1,UGA,2016,internet_women,3.70013755077705,dhs
UGA.17_1,UGA,2016,internet_men,11.8693201165532,dhs
UGA.17_1,UGA,2016,internet_fm_ratio,0.311739637522857,dhs
UGA.17_1,UGA,2016,mobile_women,31.6609716718067,dhs
UGA.17_1,UGA,2016,mobile_men,57.7447085062742,dhs
UGA.17_1,UGA,2016,mobile_fm_ratio,0.548292172405141,dhs
UGA.18_1,UGA,2016,internet_women,1.71452538008935,dhs
UGA.18_1,UGA,2016,internet_men,13.1263043095843,dhs
UGA.18_1,UGA,2016,internet_fm_ratio,0.0850196105174863,dhs
UGA.18_1,UGA,2016,mobile_women,41.9035663325798,dhs
UGA.18_1,UGA,2016,mobile_men,70.1981998834123,dhs
UGA.18_1,UGA,2016,mobile_fm_ratio,0.596932206269887,dhs
UGA.19_1,UGA,2016,internet_women,4.77415765209551,dhs
UGA.19_1,UGA,2016,internet_men,11.6029443585232,dhs
UGA.19_1,UGA,2016,internet_fm_ratio,0.363780866639311,dhs
UGA.19_1,UGA,2016,mobile_women,57.5580499660266,dhs
UGA.19_1,UGA,2016,mobile_men,67.7578466689167,dhs
UGA.19_1,UGA,2016,mobile_fm_ratio,0.849466929598146,dhs
UGA.2_1,UGA,2016,internet_women,1.48166808036217,dhs
UGA.2_1,UGA,2016,internet_men,8.70706415832667,dhs
UGA.2_1,UGA,2016,internet_fm_ratio,0.0960784899053182,dhs
UGA.2_1,UGA,2016,mobile_women,16.0277625965962,dhs
UGA.2_1,UGA,2016,mobile_men,51.5942137509326,dhs
UGA.2_1,UGA,2016,mobile_fm_ratio,0.31065038947912,dhs
UGA.20_1,UGA,2016,internet_women,6.70511798247604,dhs
UGA.20_1,UGA,2016,internet_men,19.0062993370674,dhs
UGA.20_1,UGA,2016,internet_fm_ratio,0.133472358836204,dhs
UGA.20_1,UGA,2016,mobile_women,35.9295780315724,dhs
UGA.20_1,UGA,2016,mobile_men,55.9587759229647,dhs
UGA.20_1,UGA,2016,mobile_fm_ratio,0.642072265501923,dhs
UGA.21_1,UGA,2016,internet_women,4.86417040891029,dhs
UGA.21_1,UGA,2016,internet_men,22.6387198198884,dhs
UGA.21_1,UGA,2016,internet_fm_ratio,0.208685039615987,dhs
UGA.21_1,UGA,2016,mobile_women,45.7457989085213,dhs
UGA.21_1,UGA,2016,mobile_men,66.5458131177575,dhs
UGA.21_1,UGA,2016,mobile_fm_ratio,0.687433164691682,dhs
UGA.22_1,UGA,2016,internet_women,1.43022998766015,dhs
UGA.22_1,UGA,2016,internet_men,10.0762875894958,dhs
UGA.22_1,UGA,2016,internet_fm_ratio,0.10054892877152,dhs
UGA.22_1,UGA,2016,mobile_women,17.626096013827,dhs
UGA.22_1,UGA,2016,mobile_men,52.5581715244671,dhs
UGA.22_1,UGA,2016,mobile_fm_ratio,0.335363569594913,dhs
UGA.23_1,UGA,2016,internet_women,0,dhs
UGA.23_1,UGA,2016,internet_men,21.4892981525454,dhs
UGA.23_1,UGA,2016,internet_fm_ratio,0,dhs
UGA.23_1,UGA,2016,mobile_women,31.4067379691376,dhs
UGA.23_1,UGA,2016,mobile_men,62.6739936842147,dhs
UGA.23_1,UGA,2016,mobile_fm_ratio,0.501112760220477,dhs
UGA.24_1,UGA,2016,internet_women,1.84350853761018,dhs
UGA.24_1,UGA,2016,internet_men,8.32423091114153,dhs
UGA.24_1,UGA,2016,internet_fm_ratio,0.203148875301571,dhs
UGA.24_1,UGA,2016,mobile_women,32.7796218272727,dhs
UGA.24_1,UGA,2016,mobile_men,57.0028112377039,dhs
UGA.24_1,UGA,2016,mobile_fm_ratio,0.575052723111855,dhs
UGA.25_1,UGA,2016,internet_women,3.44709871559167,dhs
UGA.25_1,UGA,2016,internet_men,13.4701008000365,dhs
UGA.25_1,UGA,2016,internet_fm_ratio,0.22827570681219,dhs
UGA.25_1,UGA,2016,mobile_women,54.4111909407241,dhs
UGA.25_1,UGA,2016,mobile_men,72.5382747124731,dhs
UGA.25_1,UGA,2016,mobile_fm_ratio,0.750103185613374,dhs
UGA.26_1,UGA,2016,internet_women,3.51911076989249,dhs
UGA.26_1,UGA,2016,internet_men,8.20866912087146,dhs
UGA.26_1,UGA,2016,internet_fm_ratio,0.323460182831436,dhs
UGA.26_1,UGA,2016,mobile_women,42.9619059508208,dhs
UGA.26_1,UGA,2016,mobile_men,60.70710774091,dhs
UGA.26_1,UGA,2016,mobile_fm_ratio,0.707691529864619,dhs
UGA.27_1,UGA,2016,internet_women,4.31128745067805,dhs
UGA.27_1,UGA,2016,internet_men,27.2686563846974,dhs
UGA.27_1,UGA,2016,internet_fm_ratio,0.158104139413978,dhs
UGA.27_1,UGA,2016,mobile_women,21.9841043597114,dhs
UGA.27_1,UGA,2016,mobile_men,47.1458484157389,dhs
UGA.27_1,UGA,2016,mobile_fm_ratio,0.466299899109937,dhs
UGA.28_1,UGA,2016,internet_women,1.08893922961694,dhs
UGA.28_1,UGA,2016,internet_men,12.8793769960578,dhs
UGA.28_1,UGA,2016,internet_fm_ratio,0.0736402471695616,dhs
UGA.28_1,UGA,2016,mobile_women,7.87796877906864,dhs
UGA.28_1,UGA,2016,mobile_men,40.5019605595122,dhs
UGA.28_1,UGA,2016,mobile_fm_ratio,0.19450833170145,dhs
UGA.29_1,UGA,2016,internet_women,2.09862876587396,dhs
UGA.29_1,UGA,2016,internet_men,11.7869129206601,dhs
UGA.29_1,UGA,2016,internet_fm_ratio,0.147922152581959,dhs
UGA.29_1,UGA,2016,mobile_women,27.4919390840019,dhs
UGA.29_1,UGA,2016,mobile_men,56.7781480052579,dhs
UGA.29_1,UGA,2016,mobile_fm_ratio,0.484199292330845,dhs
UGA.3_1,UGA,2016,internet_women,2.45632696262219,dhs
UGA.3_1,UGA,2016,internet_men,16.1589741808477,dhs
UGA.3_1,UGA,2016,internet_fm_ratio,0.129335710137277,dhs
UGA.3_1,UGA,2016,mobile_women,32.3779932001704,dhs
UGA.3_1,UGA,2016,mobile_men,56.4537544097146,dhs
UGA.3_1,UGA,2016,mobile_fm_ratio,0.57353126534661,dhs
UGA.30_1,UGA,2016,internet_women,2.76727693097654,dhs
UGA.30_1,UGA,2016,internet_men,7.54138225145503,dhs
UGA.30_1,UGA,2016,internet_fm_ratio,0.185393410900956,dhs
UGA.30_1,UGA,2016,mobile_women,32.8614913910865,dhs
UGA.30_1,UGA,2016,mobile_men,60.6652959428685,dhs
UGA.30_1,UGA,2016,mobile_fm_ratio,0.541685174041411,dhs
UGA.33_1,UGA,2016,internet_women,3.49631433441662,dhs
UGA.33_1,UGA,2016,internet_men,13.444010695516,dhs
UGA.33_1,UGA,2016,internet_fm_ratio,0.22522864330859,dhs
UGA.33_1,UGA,2016,mobile_women,22.3093541440712,dhs
UGA.33_1,UGA,2016,mobile_men,56.0119305976722,dhs
UGA.33_1,UGA,2016,mobile_fm_ratio,0.398296468377728,dhs
UGA.34_1,UGA,2016,internet_women,9.31824493534567,dhs
UGA.34_1,UGA,2016,internet_men,8.4946263295054,dhs
UGA.34_1,UGA,2016,internet_fm_ratio,0.851045148114817,dhs
UGA.34_1,UGA,2016,mobile_women,62.8807648881164,dhs
UGA.34_1,UGA,2016,mobile_men,58.2512594487938,dhs
UGA.34_1,UGA,2016,mobile_fm_ratio,1.07947476986986,dhs
UGA.35_1,UGA,2016,internet_women,17.7566998529268,dhs
UGA.35_1,UGA,2016,internet_men,31.3646472750813,dhs
UGA.35_1,UGA,2016,internet_fm_ratio,0.557015577910989,dhs
UGA.35_1,UGA,2016,mobile_women,68.9432640492128,dhs
UGA.35_1,UGA,2016,mobile_men,78.3358047486943,dhs
UGA.35_1,UGA,2016,mobile_fm_ratio,0.880099007987301,dhs
UGA.36_1,UGA,2016,internet_women,2.53139147491328,dhs
UGA.36_1,UGA,2016,internet_men,17.4004744337569,dhs
UGA.36_1,UGA,2016,internet_fm_ratio,0.12935402505151,dhs
UGA.36_1,UGA,2016,mobile_women,33.2731639140073,dhs
UGA.36_1,UGA,2016,mobile_men,57.5210993052556,dhs
UGA.36_1,UGA,2016,mobile_fm_ratio,0.578451460696739,dhs
UGA.37_1,UGA,2016,internet_women,8.16015041625371,dhs
UGA.37_1,UGA,2016,internet_men,24.0939451722447,dhs
UGA.37_1,UGA,2016,internet_fm_ratio,0.32516230360117,dhs
UGA.37_1,UGA,2016,mobile_women,41.1499098851343,dhs
UGA.37_1,UGA,2016,mobile_men,64.5911182191222,dhs
UGA.37_1,UGA,2016,mobile_fm_ratio,0.63708310089222,dhs
UGA.38_1,UGA,2016,internet_women,8.92962542051295,dhs
UGA.38_1,UGA,2016,internet_men,18.4749965572941,dhs
UGA.38_1,UGA,2016,internet_fm_ratio,0.156713010520234,dhs
UGA.38_1,UGA,2016,mobile_women,43.4729770062149,dhs
UGA.38_1,UGA,2016,mobile_men,63.0233630310832,dhs
UGA.38_1,UGA,2016,mobile_fm_ratio,0.689791450589109,dhs
UGA.39_1,UGA,2016,internet_women,7.06228396651595,dhs
UGA.39_1,UGA,2016,internet_men,20.6059869614743,dhs
UGA.39_1,UGA,2016,internet_fm_ratio,0.287540957946972,dhs
UGA.39_1,UGA,2016,mobile_women,51.6910155312646,dhs
UGA.39_1,UGA,2016,mobile_men,66.9308927129692,dhs
UGA.39_1,UGA,2016,mobile_fm_ratio,0.772304289335266,dhs
UGA.4_1,UGA,2016,internet_women,6.61276985336992,dhs
UGA.4_1,UGA,2016,internet_men,17.5482050453631,dhs
UGA.4_1,UGA,2016,internet_fm_ratio,0.321918279578575,dhs
UGA.4_1,UGA,2016,mobile_women,38.0666686187392,dhs
UGA.4_1,UGA,2016,mobile_men,70.5376066145649,dhs
UGA.4_1,UGA,2016,mobile_fm_ratio,0.539664874465404,dhs
UGA.40_1,UGA,2016,internet_women,0.774278696748675,dhs
UGA.40_1,UGA,2016,internet_men,9.96598950259827,dhs
UGA.40_1,UGA,2016,internet_fm_ratio,0.0480931379577495,dhs
UGA.40_1,UGA,2016,mobile_women,20.8130405051053,dhs
UGA.40_1,UGA,2016,mobile_men,47.0659000358729,dhs
UGA.40_1,UGA,2016,mobile_fm_ratio,0.442210612975465,dhs
UGA.41_1,UGA,2016,internet_women,2.43402726748269,dhs
UGA.41_1,UGA,2016,internet_men,22.8925089371463,dhs
UGA.41_1,UGA,2016,internet_fm_ratio,0.106324181161862,dhs
UGA.41_1,UGA,2016,mobile_women,41.4544857084004,dhs
UGA.41_1,UGA,2016,mobile_men,66.4414498672722,dhs
UGA.41_1,UGA,2016,mobile_fm_ratio,0.623925061707904,dhs
UGA.42_1,UGA,2016,internet_women,14.9212886358461,dhs
UGA.42_1,UGA,2016,internet_men,23.8881196860533,dhs
UGA.42_1,UGA,2016,internet_fm_ratio,0.624632195080539,dhs
UGA.42_1,UGA,2016,mobile_women,68.9642693794136,dhs
UGA.42_1,UGA,2016,mobile_men,83.8686506389033,dhs
UGA.42_1,UGA,2016,mobile_fm_ratio,0.82228900613102,dhs
UGA.43_1,UGA,2016,internet_women,5.32975726865163,dhs
UGA.43_1,UGA,2016,internet_men,15.3041262015105,dhs
UGA.43_1,UGA,2016,internet_fm_ratio,0.348256228318712,dhs
UGA.43_1,UGA,2016,mobile_women,43.8826499321079,dhs
UGA.43_1,UGA,2016,mobile_men,66.3803894754227,dhs
UGA.43_1,UGA,2016,mobile_fm_ratio,0.661078524529528,dhs
UGA.44_1,UGA,2016,internet_women,16.4814115503931,dhs
UGA.44_1,UGA,2016,internet_men,38.3204720502676,dhs
UGA.44_1,UGA,2016,internet_fm_ratio,0.404189873855099,dhs
UGA.44_1,UGA,2016,mobile_women,68.638935263228,dhs
UGA.44_1,UGA,2016,mobile_men,81.8569742943798,dhs
UGA.44_1,UGA,2016,mobile_fm_ratio,0.838522750870119,dhs
UGA.45_1,UGA,2016,internet_women,3.73427443265181,dhs
UGA.45_1,UGA,2016,internet_men,10.2879724016227,dhs
UGA.45_1,UGA,2016,internet_fm_ratio,0.305775098030327,dhs
UGA.45_1,UGA,2016,mobile_women,18.4216416694855,dhs
UGA.45_1,UGA,2016,mobile_men,38.5102249205014,dhs
UGA.45_1,UGA,2016,mobile_fm_ratio,0.478357155989461,dhs
UGA.46_1,UGA,2016,internet_women,4.93945271169172,dhs
UGA.46_1,UGA,2016,internet_men,21.0779250258606,dhs
UGA.46_1,UGA,2016,internet_fm_ratio,0.192744343335242,dhs
UGA.46_1,UGA,2016,mobile_women,54.2801676531432,dhs
UGA.46_1,UGA,2016,mobile_men,74.1663603584312,dhs
UGA.46_1,UGA,2016,mobile_fm_ratio,0.731870451655144,dhs
UGA.47_1,UGA,2016,internet_women,2.92817771553443,dhs
UGA.47_1,UGA,2016,internet_men,8.41357880392653,dhs
UGA.47_1,UGA,2016,internet_fm_ratio,0.262273516598522,dhs
UGA.47_1,UGA,2016,mobile_women,26.9814355489168,dhs
UGA.47_1,UGA,2016,mobile_men,35.166504859244,dhs
UGA.47_1,UGA,2016,mobile_fm_ratio,0.767248142996057,dhs
UGA.48_1,UGA,2016,internet_women,2.30171034491247,dhs
UGA.48_1,UGA,2016,internet_men,14.4690590881107,dhs
UGA.48_1,UGA,2016,internet_fm_ratio,0.124036413193574,dhs
UGA.48_1,UGA,2016,mobile_women,48.7244251301045,dhs
UGA.48_1,UGA,2016,mobile_men,60.1594624047234,dhs
UGA.48_1,UGA,2016,mobile_fm_ratio,0.80992121908122,dhs
UGA.49_1,UGA,2016,internet_women,4.44727474338836,dhs
UGA.49_1,UGA,2016,internet_men,14.2693221868213,dhs
UGA.49_1,UGA,2016,internet_fm_ratio,0.104057085651008,dhs
UGA.49_1,UGA,2016,mobile_women,16.4447968343403,dhs
UGA.49_1,UGA,2016,mobile_men,52.387128472954,dhs
UGA.49_1,UGA,2016,mobile_fm_ratio,0.313909109235302,dhs
UGA.5_1,UGA,2016,internet_women,4.35607785573854,dhs
UGA.5_1,UGA,2016,internet_men,27.5761695732097,dhs
UGA.5_1,UGA,2016,internet_fm_ratio,0.157965298413688,dhs
UGA.5_1,UGA,2016,mobile_women,45.0231081021197,dhs
UGA.5_1,UGA,2016,mobile_men,58.1897277240498,dhs
UGA.5_1,UGA,2016,mobile_fm_ratio,0.773729485651326,dhs
UGA.50_1,UGA,2016,internet_women,3.66006794021833,dhs
UGA.50_1,UGA,2016,internet_men,7.73318163758862,dhs
UGA.50_1,UGA,2016,internet_fm_ratio,0.437687721869091,dhs
UGA.50_1,UGA,2016,mobile_women,23.8304828069104,dhs
UGA.50_1,UGA,2016,mobile_men,58.4737322347024,dhs
UGA.50_1,UGA,2016,mobile_fm_ratio,0.407541675487028,dhs
UGA.51_1,UGA,2016,internet_women,4.42834942299965,dhs
UGA.51_1,UGA,2016,internet_men,17.0799086849709,dhs
UGA.51_1,UGA,2016,internet_fm_ratio,0.216117928614498,dhs
UGA.51_1,UGA,2016,mobile_women,40.5046148710851,dhs
UGA.51_1,UGA,2016,mobile_men,66.4857809180265,dhs
UGA.51_1,UGA,2016,mobile_fm_ratio,0.609222217319296,dhs
UGA.52_1,UGA,2016,internet_women,13.973429811407,dhs
UGA.52_1,UGA,2016,internet_men,28.6061835667493,dhs
UGA.52_1,UGA,2016,internet_fm_ratio,0.445551045213276,dhs
UGA.52_1,UGA,2016,mobile_women,54.9870101832647,dhs
UGA.52_1,UGA,2016,mobile_men,64.1394338546698,dhs
UGA.52_1,UGA,2016,mobile_fm_ratio,0.857304264765682,dhs
UGA.53_1,UGA,2016,internet_women,1.45590291852819,dhs
UGA.53_1,UGA,2016,internet_men,0,dhs
UGA.53_1,UGA,2016,internet_fm_ratio,0.174842057203312,dhs
UGA.53_1,UGA,2016,mobile_women,48.0938743719158,dhs
UGA.53_1,UGA,2016,mobile_men,75.7765472821933,dhs
UGA.53_1,UGA,2016,mobile_fm_ratio,0.63468020247496,dhs
UGA.54_1,UGA,2016,internet_women,2.15681185270846,dhs
UGA.54_1,UGA,2016,internet_men,8.56923945213366,dhs
UGA.54_1,UGA,2016,internet_fm_ratio,0.0600287301285825,dhs
UGA.54_1,UGA,2016,mobile_women,30.7551745300042,dhs
UGA.54_1,UGA,2016,mobile_men,48.4515694491026,dhs
UGA.54_1,UGA,2016,mobile_fm_ratio,0.634761162119049,dhs
UGA.55_1,UGA,2016,internet_women,12.194953380664,dhs
UGA.55_1,UGA,2016,internet_men,29.9871336772274,dhs
UGA.55_1,UGA,2016,internet_fm_ratio,0.389017711358031,dhs
UGA.55_1,UGA,2016,mobile_women,35.640963445946,dhs
UGA.55_1,UGA,2016,mobile_men,71.5658198469263,dhs
UGA.55_1,UGA,2016,mobile_fm_ratio,0.498016560449935,dhs
UGA.56_1,UGA,2016,internet_women,4.89411757257663,dhs
UGA.56_1,UGA,2016,internet_men,11.2215296892557,dhs
UGA.56_1,UGA,2016,internet_fm_ratio,0.34952489177781,dhs
UGA.56_1,UGA,2016,mobile_women,33.3030687429932,dhs
UGA.56_1,UGA,2016,mobile_men,59.0521675689995,dhs
UGA.56_1,UGA,2016,mobile_fm_ratio,0.563960140905585,dhs
UGA.57_1,UGA,2016,internet_women,36.5429533039238,dhs
UGA.57_1,UGA,2016,internet_men,58.927002931236,dhs
UGA.57_1,UGA,2016,internet_fm_ratio,0.576088230610855,dhs
UGA.57_1,UGA,2016,mobile_women,82.3912926082619,dhs
UGA.57_1,UGA,2016,mobile_men,89.9439125059179,dhs
UGA.57_1,UGA,2016,mobile_fm_ratio,0.916029671300333,dhs
UGA.58_1,UGA,2016,internet_women,0.977483167583274,dhs
UGA.58_1,UGA,2016,internet_men,12.9565673813823,dhs
UGA.58_1,UGA,2016,internet_fm_ratio,0.047181257076297,dhs
UGA.58_1,UGA,2016,mobile_women,32.0202067628001,dhs
UGA.58_1,UGA,2016,mobile_men,57.9168921170448,dhs
UGA.58_1,UGA,2016,mobile_fm_ratio,0.552864727238647,dhs
UGA.6_1,UGA,2016,internet_women,3.70288410437084,dhs
UGA.6_1,UGA,2016,internet_men,11.5350106777369,dhs
UGA.6_1,UGA,2016,internet_fm_ratio,0.210997252920794,dhs
UGA.6_1,UGA,2016,mobile_women,54.1257438574968,dhs
UGA.6_1,UGA,2016,mobile_men,67.0824878375331,dhs
UGA.6_1,UGA,2016,mobile_fm_ratio,0.806853556006804,dhs
UGA.7_1,UGA,2016,internet_women,5.10053446068222,dhs
UGA.7_1,UGA,2016,internet_men,9.13490838470007,dhs
UGA.7_1,UGA,2016,internet_fm_ratio,0.466265046999657,dhs
UGA.7_1,UGA,2016,mobile_women,40.197071959234,dhs
UGA.7_1,UGA,2016,mobile_men,60.5652721382225,dhs
UGA.7_1,UGA,2016,mobile_fm_ratio,0.663698362776212,dhs
UGA.8_1,UGA,2016,internet_women,4.4193897601066,dhs
UGA.8_1,UGA,2016,internet_men,28.2216263734976,dhs
UGA.8_1,UGA,2016,internet_fm_ratio,0.118746601326459,dhs
UGA.8_1,UGA,2016,mobile_women,28.993008466566,dhs
UGA.8_1,UGA,2016,mobile_men,62.7268852504878,dhs
UGA.8_1,UGA,2016,mobile_fm_ratio,0.462210236500473,dhs
UGA.9_1,UGA,2016,internet_women,6.79697291208623,dhs
UGA.9_1,UGA,2016,internet_men,30.5664686529397,dhs
UGA.9_1,UGA,2016,internet_fm_ratio,0.211822859497777,dhs
UGA.9_1,UGA,2016,mobile_women,53.0896026636949,dhs
UGA.9_1,UGA,2016,mobile_men,72.6954499132288,dhs
UGA.9_1,UGA,2016,mobile_fm_ratio,0.730301590086643,dhs
ZAF.1_1,ZAF,2017,internet_women,43.0816799986138,dhs
ZAF.1_1,ZAF,2017,internet_men,37.5516761078566,dhs
ZAF.1_1,ZAF,2017,internet_fm_ratio,1.06561779340206,dhs
ZAF.1_1,ZAF,2017,mobile_women,91.0571265477884,dhs
ZAF.1_1,ZAF,2017,mobile_men,80.6057532852309,dhs
ZAF.1_1,ZAF,2017,mobile_fm_ratio,1.12966038820547,dhs
ZAF.2_1,ZAF,2017,internet_women,46.9922371974963,dhs
ZAF.2_1,ZAF,2017,internet_men,55.0813725833219,dhs
ZAF.2_1,ZAF,2017,internet_fm_ratio,0.808210565870461,dhs
ZAF.2_1,ZAF,2017,mobile_women,90.3859069764605,dhs
ZAF.2_1,ZAF,2017,mobile_men,86.5171844654614,dhs
ZAF.2_1,ZAF,2017,mobile_fm_ratio,1.04471623221331,dhs
ZAF.3_1,ZAF,2017,internet_women,59.0808349221176,dhs
ZAF.3_1,ZAF,2017,internet_men,60.9320328333651,dhs
ZAF.3_1,ZAF,2017,internet_fm_ratio,0.95722598795325,dhs
ZAF.3_1,ZAF,2017,mobile_women,94.6793255942118,dhs
ZAF.3_1,ZAF,2017,mobile_men,92.7358829315646,dhs
ZAF.3_1,ZAF,2017,mobile_fm_ratio,1.0209567494395,dhs
ZAF.4_1,ZAF,2017,internet_women,43.736914758541,dhs
ZAF.4_1,ZAF,2017,internet_men,40.7848158454654,dhs
ZAF.4_1,ZAF,2017,internet_fm_ratio,0.981427998231884,dhs
ZAF.4_1,ZAF,2017,mobile_women,89.5605570750494,dhs
ZAF.4_1,ZAF,2017,mobile_men,84.5259121200765,dhs
ZAF.4_1,ZAF,2017,mobile_fm_ratio,1.05956333186705,dhs
ZAF.5_1,ZAF,2017,internet_women,37.1090459574654,dhs
ZAF.5_1,ZAF,2017,internet_men,53.7043060612174,dhs
ZAF.5_1,ZAF,2017,internet_fm_ratio,0.649977185992043,dhs
ZAF.5_1,ZAF,2017,mobile_women,89.637493986792,dhs
ZAF.5_1,ZAF,2017,mobile_men,90.5147079310945,dhs
ZAF.5_1,ZAF,2017,mobile_fm_ratio,0.990308603271743,dhs
ZAF.6_1,ZAF,2017,internet_women,42.412309423646,dhs
ZAF.6_1,ZAF,2017,internet_men,47.2353318705738,dhs
ZAF.6_1,ZAF,2017,internet_fm_ratio,0.833316245454826,dhs
ZAF.6_1,ZAF,2017,mobile_women,94.3783364301541,dhs
ZAF.6_1,ZAF,2017,mobile_men,95.4561653810226,dhs
ZAF.6_1,ZAF,2017,mobile_fm_ratio,0.988708650231588,dhs
ZAF.7_1,ZAF,2017,internet_women,43.4726386128672,dhs
ZAF.7_1,ZAF,2017,internet_men,50.0109829529871,dhs
ZAF.7_1,ZAF,2017,internet_fm_ratio,0.824265052103567,dhs
ZAF.7_1,ZAF,2017,mobile_women,89.7262334272867,dhs
ZAF.7_1,ZAF,2017,mobile_men,91.7108093512,dhs
ZAF.7_1,ZAF,2017,mobile_fm_ratio,0.978360501472477,dhs
ZAF.8_1,ZAF,2017,internet_women,43.9261713919635,dhs
ZAF.8_1,ZAF,2017,internet_men,50.2708456878642,dhs
ZAF.8_1,ZAF,2017,internet_fm_ratio,0.849599440536,dhs
ZAF.8_1,ZAF,2017,mobile_women,82.6566876628496,dhs
ZAF.8_1,ZAF,2017,mobile_men,78.4767218813238,dhs
ZAF.8_1,ZAF,2017,mobile_fm_ratio,1.05326376639237,dhs
ZAF.9_1,ZAF,2017,internet_women,64.8503377759375,dhs
ZAF.9_1,ZAF,2017,internet_men,61.7306013804479,dhs
ZAF.9_1,ZAF,2017,internet_fm_ratio,1.03224958211971,dhs
ZAF.9_1,ZAF,2017,mobile_women,87.8913102445396,dhs
ZAF.9_1,ZAF,2017,mobile_men,84.3605536234037,dhs
ZAF.9_1,ZAF,2017,mobile_fm_ratio,1.04185317034425,dhs
ZMB.1_1,ZMB,2018,internet_women,11.3518482699627,dhs
ZMB.1_1,ZMB,2018,internet_men,28.6334336476281,dhs
ZMB.1_1,ZMB,2018,internet_fm_ratio,0.371206815556104,dhs
ZMB.1_1,ZMB,2018,mobile_women,54.6222610153116,dhs
ZMB.1_1,ZMB,2018,mobile_men,68.3458540777521,dhs
ZMB.1_1,ZMB,2018,mobile_fm_ratio,0.799203722776978,dhs
ZMB.10_1,ZMB,2018,internet_women,7.69656564291801,dhs
ZMB.10_1,ZMB,2018,internet_men,13.9620908781844,dhs
ZMB.10_1,ZMB,2018,internet_fm_ratio,0.510648275584621,dhs
ZMB.10_1,ZMB,2018,mobile_women,37.8862167983602,dhs
ZMB.10_1,ZMB,2018,mobile_men,53.7301261314264,dhs
ZMB.10_1,ZMB,2018,mobile_fm_ratio,0.705120563195566,dhs
ZMB.2_1,ZMB,2018,internet_women,22.9189372608286,dhs
ZMB.2_1,ZMB,2018,internet_men,35.478423206029,dhs
ZMB.2_1,ZMB,2018,internet_fm_ratio,0.600118967769995,dhs
ZMB.2_1,ZMB,2018,mobile_women,71.9839841647441,dhs
ZMB.2_1,ZMB,2018,mobile_men,72.8877104797002,dhs
ZMB.2_1,ZMB,2018,mobile_fm_ratio,0.987601115345669,dhs
ZMB.3_1,ZMB,2018,internet_women,4.92557342603847,dhs
ZMB.3_1,ZMB,2018,internet_men,10.9606061702266,dhs
ZMB.3_1,ZMB,2018,internet_fm_ratio,0.431389688748351,dhs
ZMB.3_1,ZMB,2018,mobile_women,37.7294664734838,dhs
ZMB.3_1,ZMB,2018,mobile_men,61.7851564664573,dhs
ZMB.3_1,ZMB,2018,mobile_fm_ratio,0.610655837603436,dhs
ZMB.4_1,ZMB,2018,internet_women,6.40343051982801,dhs
ZMB.4_1,ZMB,2018,internet_men,10.3667225969677,dhs
ZMB.4_1,ZMB,2018,internet_fm_ratio,0.529582319681304,dhs
ZMB.4_1,ZMB,2018,mobile_women,32.1194735614204,dhs
ZMB.4_1,ZMB,2018,mobile_men,49.2240428348429,dhs
ZMB.4_1,ZMB,2018,mobile_fm_ratio,0.652515959917962,dhs
ZMB.5_1,ZMB,2018,internet_women,24.3747395188289,dhs
ZMB.5_1,ZMB,2018,internet_men,50.0278749956102,dhs
ZMB.5_1,ZMB,2018,internet_fm_ratio,0.45129364161215,dhs
ZMB.5_1,ZMB,2018,mobile_women,77.614089022841,dhs
ZMB.5_1,ZMB,2018,mobile_men,77.7979517351138,dhs
ZMB.5_1,ZMB,2018,mobile_fm_ratio,0.997636663843043,dhs
ZMB.6_1,ZMB,2018,internet_women,6.04733796136293,dhs
ZMB.6_1,ZMB,2018,internet_men,6.66485429532625,dhs
ZMB.6_1,ZMB,2018,internet_fm_ratio,0.810498422022585,dhs
ZMB.6_1,ZMB,2018,mobile_women,29.7312181265416,dhs
ZMB.6_1,ZMB,2018,mobile_men,54.0671583251646,dhs
ZMB.6_1,ZMB,2018,mobile_fm_ratio,0.549894225025393,dhs
ZMB.7_1,ZMB,2018,internet_women,13.5734909481479,dhs
ZMB.7_1,ZMB,2018,internet_men,23.9950005931273,dhs
ZMB.7_1,ZMB,2018,internet_fm_ratio,0.495000479780786,dhs
ZMB.7_1,ZMB,2018,mobile_women,44.0609278397842,dhs
ZMB.7_1,ZMB,2018,mobile_men,56.6079647515192,dhs
ZMB.7_1,ZMB,2018,mobile_fm_ratio,0.778352092911125,dhs
ZMB.8_1,ZMB,2018,internet_women,5.13452857688683,dhs
ZMB.8_1,ZMB,2018,internet_men,12.1807346595142,dhs
ZMB.8_1,ZMB,2018,internet_fm_ratio,0.387410225219036,dhs
ZMB.8_1,ZMB,2018,mobile_women,27.4822146353942,dhs
ZMB.8_1,ZMB,2018,mobile_men,48.1544271519866,dhs
ZMB.8_1,ZMB,2018,mobile_fm_ratio,0.57071003147133,dhs
ZMB.9_1,ZMB,2018,internet_women,7.44707647828505,dhs
ZMB.9_1,ZMB,2018,internet_men,22.6784522004826,dhs
ZMB.9_1,ZMB,2018,internet_fm_ratio,0.303421107701877,dhs
ZMB.9_1,ZMB,2018,mobile_women,52.4237524136316,dhs
ZMB.9_1,ZMB,2018,mobile_men,74.2325740649219,dhs
ZMB.9_1,ZMB,2018,mobile_fm_ratio,0.706209545795665,dhs
ZWE.1_1,ZWE,2015,internet_women,57.5887485100861,dhs
ZWE.1_1,ZWE,2015,internet_men,77.0790795323961,dhs
ZWE.1_1,ZWE,2015,internet_fm_ratio,0.728802283766377,dhs
ZWE.1_1,ZWE,2015,mobile_women,86.7165561487775,dhs
ZWE.1_1,ZWE,2015,mobile_men,85.69595458494,dhs
ZWE.1_1,ZWE,2015,mobile_fm_ratio,1.01190956526222,dhs
ZWE.10_1,ZWE,2015,internet_women,20.9880115174838,dhs
ZWE.10_1,ZWE,2015,internet_men,34.0971374866531,dhs
ZWE.10_1,ZWE,2015,internet_fm_ratio,0.552552222588486,dhs
ZWE.10_1,ZWE,2015,mobile_women,69.2439977907774,dhs
ZWE.10_1,ZWE,2015,mobile_men,69.4783200045983,dhs
ZWE.10_1,ZWE,2015,mobile_fm_ratio,0.996627405299878,dhs
ZWE.2_1,ZWE,2015,internet_women,50.8350820302033,dhs
ZWE.2_1,ZWE,2015,internet_men,73.4571877182713,dhs
ZWE.2_1,ZWE,2015,internet_fm_ratio,0.671838749244529,dhs
ZWE.2_1,ZWE,2015,mobile_women,83.1639607231851,dhs
ZWE.2_1,ZWE,2015,mobile_men,88.1307367013615,dhs
ZWE.2_1,ZWE,2015,mobile_fm_ratio,0.943643090208054,dhs
ZWE.3_1,ZWE,2015,internet_women,10.8185143825926,dhs
ZWE.3_1,ZWE,2015,internet_men,23.5636879616667,dhs
ZWE.3_1,ZWE,2015,internet_fm_ratio,0.406760755254318,dhs
ZWE.3_1,ZWE,2015,mobile_women,66.8828154645092,dhs
ZWE.3_1,ZWE,2015,mobile_men,70.2097399256565,dhs
ZWE.3_1,ZWE,2015,mobile_fm_ratio,0.952614488179701,dhs
ZWE.4_1,ZWE,2015,internet_women,11.0391621360661,dhs
ZWE.4_1,ZWE,2015,internet_men,18.0913841485387,dhs
ZWE.4_1,ZWE,2015,internet_fm_ratio,0.562552948222444,dhs
ZWE.4_1,ZWE,2015,mobile_women,53.5784029979744,dhs
ZWE.4_1,ZWE,2015,mobile_men,63.2217670968413,dhs
ZWE.4_1,ZWE,2015,mobile_fm_ratio,0.847467659610091,dhs
ZWE.5_1,ZWE,2015,internet_women,22.3814949285854,dhs
ZWE.5_1,ZWE,2015,internet_men,29.9274445712988,dhs
ZWE.5_1,ZWE,2015,internet_fm_ratio,0.654399236904619,dhs
ZWE.5_1,ZWE,2015,mobile_women,64.3811172674844,dhs
ZWE.5_1,ZWE,2015,mobile_men,74.9200288457271,dhs
ZWE.5_1,ZWE,2015,mobile_fm_ratio,0.859331186324766,dhs
ZWE.6_1,ZWE,2015,internet_women,22.3230829510188,dhs
ZWE.6_1,ZWE,2015,internet_men,29.4735584036657,dhs
ZWE.6_1,ZWE,2015,internet_fm_ratio,0.719641287588941,dhs
ZWE.6_1,ZWE,2015,mobile_women,61.564269780705,dhs
ZWE.6_1,ZWE,2015,mobile_men,72.4182257671548,dhs
ZWE.6_1,ZWE,2015,mobile_fm_ratio,0.850121210904168,dhs
ZWE.7_1,ZWE,2015,internet_women,16.3959813003775,dhs
ZWE.7_1,ZWE,2015,internet_men,27.4210776378363,dhs
ZWE.7_1,ZWE,2015,internet_fm_ratio,0.532680947253036,dhs
ZWE.7_1,ZWE,2015,mobile_women,68.6370784084556,dhs
ZWE.7_1,ZWE,2015,mobile_men,68.6964256799697,dhs
ZWE.7_1,ZWE,2015,mobile_fm_ratio,0.999136093749758,dhs
ZWE.8_1,ZWE,2015,internet_women,16.9349928456264,dhs
ZWE.8_1,ZWE,2015,internet_men,22.236141638153,dhs
ZWE.8_1,ZWE,2015,internet_fm_ratio,0.697048647818423,dhs
ZWE.8_1,ZWE,2015,mobile_women,61.5748643689195,dhs
ZWE.8_1,ZWE,2015,mobile_men,59.8874970743969,dhs
ZWE.8_1,ZWE,2015,mobile_fm_ratio,1.02817561890133,dhs
ZWE.9_1,ZWE,2015,internet_women,24.7976536211779,dhs
ZWE.9_1,ZWE,2015,internet_men,30.6611529850942,dhs
ZWE.9_1,ZWE,2015,internet_fm_ratio,0.723555253074629,dhs
ZWE.9_1,ZWE,2015,mobile_women,74.5533618116591,dhs
ZWE.9_1,ZWE,2015,mobile_men,67.5907325581002,dhs
ZWE.9_1,ZWE,2015,mobile_fm_ratio,1.10301159626542,dhs
